Abercrombie Appraisal	abercrombieappraisal.com
Abercrombie Appraisal	abercrombieappraisals.com
Abercrombie Appraisals, LLC	abercrombieappraisal.com
Abercrombie Appraisals, LLC	abercrombieappraisals.com
Ace Valuation Services, LLC	acevaluation.com
Ace Valuation Services, LLC	acevaluationservices.com
Achee Appraisals	acheeappraisal.com
Achee Appraisals	acheeappraisals.com
Acker Appraisals, Inc.	ackerappraisals.com
Acker Appraisals, Inc.	ackerappraisal.com
Michael K. Adams	michaelkadams.com
ACA Appraisals, Inc.	acaappraisal.com
ACA Appraisals, Inc.	acaappraisals.com
Appraisals4U, LLC	appraisal4u.com
Appraisals4U, LLC	appraisals4u.com
FMA Appraisals, LLC	fmaappraisal.com
FMA Appraisals, LLC	fmaappraisals.com
MountainSeed Appraisal Management	mountainseedappraisalmanagement.com
MountainSeed Appraisal Management	mountainseedappraisalsmanagement.com
George A. Allen, CRA	georgeaallencra.com
Appraisal Aid	appraisalsaid.com
Appraisal Aid	appraisalaid.com
Allison Appraisal Service	allisonappraisalervice.com
Allison Appraisal Service	allisonappraisal.com
Allison Appraisal Service	allisonappraisalservice.com
Allison Appraisals	allisonappraisals.com
Allison Appraisals	allisonappraisal.com
Amis Appraisals, LLC	amisappraisals.com
Amis Appraisals, LLC	amisappraisal.com
SouthEastern Appraisal Services, LLC	southeasternappraisalservices.com
SouthEastern Appraisal Services, LLC	southeasternappraisal.com
SouthEastern Appraisal Services, LLC	southeasternappraisalervices.com
Bobby Andrews Appraisals	bobbyandrewsappraisal.com
Bobby Andrews Appraisals	bobbyandrewsappraisals.com
Arnold Appraisal Services	arnoldappraisal.com
Arnold Appraisal Services	arnoldappraisalervices.com
Arnold Appraisal Services	arnoldappraisalservices.com
Synovus Financial Corporation	synovusfinancial.com
Tiffany Arnold	tiffanyarnold.com
A Plus Appraisal & Real Estate, Inc.	aplusappraisalsandrealestate.com
A Plus Appraisal & Real Estate, Inc.	aplusappraisalandrealestate.com
Alabama Power Company	alabamapower.com
River Region Appraisals, LLC	riverregionappraisals.com
River Region Appraisals, LLC	riverregionappraisal.com
Dart Appraisal	dartappraisal.com
Dart Appraisal	dartappraisals.com
Bach Appraisal Services, LLC	bachappraisalervices.com
Bach Appraisal Services, LLC	bachappraisal.com
Bach Appraisal Services, LLC	bachappraisalservices.com
Baggett Appraisals	baggettappraisals.com
Baggett Appraisals	baggettappraisal.com
Southeastern Valuation, LLC	southeasternvaluation.com
Bagwell Appraisal Service	bagwellappraisalservice.com
Bagwell Appraisal Service	bagwellappraisalervice.com
Bagwell Appraisal Service	bagwellappraisal.com
Lisa Baine	lisabaine.com
Able Appraisal Services, LLC	ableappraisalervices.com
Able Appraisal Services, LLC	ableappraisal.com
Able Appraisal Services, LLC	ableappraisalservices.com
Baker Appraisal, Inc.	bakerappraisals.com
Baker Appraisal, Inc.	bakerappraisal.com
Assured Appraisal Company	assuredappraisal.com
Assured Appraisal Company	assuredappraisals.com
MBT Appraisals	mbtappraisals.com
MBT Appraisals	mbtappraisal.com
WAIV Valuation, Inc.	waivvaluation.com
Appraisal Services of North Alabama	appraisalervicesofnorthalabama.com
Appraisal Services of North Alabama	appraisalservicesofnorthalabama.com
Banzhoff Appraisal Service	banzhoffappraisalservice.com
Banzhoff Appraisal Service	banzhoffappraisal.com
Banzhoff Appraisal Service	banzhoffappraisalervice.com
Cheryl Barnes Appraisals	cherylbarnesappraisal.com
Cheryl Barnes Appraisals	cherylbarnesappraisals.com
Amrock, LLC	amrock.com
Gary Bean Appraisal	garybeanappraisal.com
Gary Bean Appraisal	garybeanappraisals.com
Dr. Russell A. Bean	drrussellabean.com
Jeremy Bearden Appraisals, LLC	jeremybeardenappraisal.com
Jeremy Bearden Appraisals, LLC	jeremybeardenappraisals.com
Paramount Appraisal Service, LLC	paramountappraisalservice.com
Paramount Appraisal Service, LLC	paramountappraisal.com
Paramount Appraisal Service, LLC	paramountappraisalervice.com
Jones Appraisal Service	jonesappraisal.com
Jones Appraisal Service	jonesappraisalervice.com
Jones Appraisal Service	jonesappraisalservice.com
Beckman Appraisal and Valuation	beckmanappraisalandvaluation.com
Beckman Appraisal and Valuation	beckmanappraisalsandvaluation.com
Bennett Appraisal Service	bennettappraisal.com
Bennett Appraisal Service	bennettappraisalservice.com
Bennett Appraisal Service	bennettappraisalervice.com
Citiwide Appraisal	citiwideappraisal.com
Citiwide Appraisal	citiwideappraisals.com
Berry Appraisal Service, LLC	berryappraisalservice.com
Berry Appraisal Service, LLC	berryappraisal.com
Berry Appraisal Service, LLC	berryappraisalervice.com
Bevel & Company	beveland.com
Bishop Appraisal	bishopappraisals.com
Bishop Appraisal	bishopappraisal.com
Jeff Blackmon Residential Appraisals	jeffblackmonresidentialappraisals.com
Jeff Blackmon Residential Appraisals	jeffblackmonresidentialappraisal.com
William K. Blair	williamkblair.com
Blankenship Appraisals, LLC	blankenshipappraisals.com
Blankenship Appraisals, LLC	blankenshipappraisal.com
Monarch Appraisal Service, LLC	monarchappraisalervice.com
Monarch Appraisal Service, LLC	monarchappraisalservice.com
Monarch Appraisal Service, LLC	monarchappraisal.com
DB Appraisal Service, Inc.	dbappraisalservice.com
DB Appraisal Service, Inc.	dbappraisal.com
DB Appraisal Service, Inc.	dbappraisalervice.com
Bolton Appraisal, LLC	boltonappraisal.com
Bolton Appraisal, LLC	boltonappraisals.com
MCB Appraisals, LLC	mcbappraisal.com
MCB Appraisals, LLC	mcbappraisals.com
Atlas Appraisal Service, Inc.	atlasappraisalservice.com
Atlas Appraisal Service, Inc.	atlasappraisalervice.com
Atlas Appraisal Service, Inc.	atlasappraisal.com
WAIV	waiv.com
Bostick Appraisal Service	bostickappraisal.com
Bostick Appraisal Service	bostickappraisalervice.com
Bostick Appraisal Service	bostickappraisalservice.com
Boswell & Associates Appraisal Co.	boswellandassociatesappraisal.com
Boswell & Associates Appraisal Co.	boswellandassociatesappraisals.com
Stephen D. Boswell	stephendboswell.com
James T. Bowen	jamestbowen.com
Bradford Appraisal Inc.	bradfordappraisal.com
Bradford Appraisal Inc.	bradfordappraisals.com
Chris Bradford Appraisals	chrisbradfordappraisals.com
Chris Bradford Appraisals	chrisbradfordappraisal.com
Bradford Appraisals	bradfordappraisal.com
Bradford Appraisals	bradfordappraisals.com
Braxton Appraisal Service, LLC	braxtonappraisal.com
Braxton Appraisal Service, LLC	braxtonappraisalervice.com
Braxton Appraisal Service, LLC	braxtonappraisalservice.com
Brewster Appraisal Service	brewsterappraisal.com
Brewster Appraisal Service	brewsterappraisalservice.com
Brewster Appraisal Service	brewsterappraisalervice.com
Community RE Appraisal Services, LLC	communityreappraisal.com
Community RE Appraisal Services, LLC	communityreappraisalservices.com
Community RE Appraisal Services, LLC	communityreappraisalervices.com
Brock Appraisal	brockappraisal.com
Brock Appraisal	brockappraisals.com
AK Appraisals, LLC	akappraisals.com
AK Appraisals, LLC	akappraisal.com
Clayton Brooks	claytonbrooks.com
Red Sky Risk Services, LLC	redskyrisk.com
Red Sky Risk Services, LLC	redskyriskservices.com
North Alabama Appraisals	northalabamaappraisals.com
North Alabama Appraisals	northalabamaappraisal.com
R. E. Browne & Associates, LLC	rebrowneandassociates.com
R. E. Browne & Associates, LLC	rebrowneand.com
Bryant Appraisal Service	bryantappraisal.com
Bryant Appraisal Service	bryantappraisalervice.com
Bryant Appraisal Service	bryantappraisalservice.com
Bufkin Appraisal Company	bufkinappraisal.com
Bufkin Appraisal Company	bufkinappraisals.com
CMP Appraisals	cmpappraisal.com
CMP Appraisals	cmpappraisals.com
The RBI Group	therbi.com
The RBI Group	therbigroup.com
MB Valuations, LLC	mbvaluations.com
Farrow Burks Appraisals, LLC	farrowburksappraisals.com
Farrow Burks Appraisals, LLC	farrowburksappraisal.com
Volkert, Inc.	volkert.com
Landguard Appraisals, Inc.	landguardappraisals.com
Landguard Appraisals, Inc.	landguardappraisal.com
Byars Real Estate, LLC	byarsrealestate.com
Byrd Appraisal Services	byrdappraisalervices.com
Byrd Appraisal Services	byrdappraisalservices.com
Byrd Appraisal Services	byrdappraisal.com
Bluewater Appraisal Services, LLC	bluewaterappraisalservices.com
Bluewater Appraisal Services, LLC	bluewaterappraisalervices.com
Bluewater Appraisal Services, LLC	bluewaterappraisal.com
Cabral & Company	cabraland.com
Cade Appraisal Services, LLC	cadeappraisal.com
Cade Appraisal Services, LLC	cadeappraisalservices.com
Cade Appraisal Services, LLC	cadeappraisalervices.com
Patrick Callison, Appraiser	patrickcallisonappraiser.com
Ms. Melissa Calloway	msmelissacalloway.com
Becky Campbell	beckycampbell.com
Premier Appraisals, LLC	premierappraisals.com
Premier Appraisals, LLC	premierappraisal.com
Cantley Appraisals	cantleyappraisals.com
Cantley Appraisals	cantleyappraisal.com
Capps Appraisal Service	cappsappraisalservice.com
Capps Appraisal Service	cappsappraisalervice.com
Capps Appraisal Service	cappsappraisal.com
Carden Appraisals	cardenappraisal.com
Carden Appraisals	cardenappraisals.com
Gulf Coast Appraisal Services, LLC	gulfcoastappraisal.com
Gulf Coast Appraisal Services, LLC	gulfcoastappraisalervices.com
Gulf Coast Appraisal Services, LLC	gulfcoastappraisalservices.com
Corporate Settlement Solutions	corporatesettlementsolutions.com
Johnson Appraisal Services, Inc.	johnsonappraisal.com
Johnson Appraisal Services, Inc.	johnsonappraisalervices.com
Johnson Appraisal Services, Inc.	johnsonappraisalservices.com
Superior Real Estate Services	superiorrealestateservices.com
Superior Real Estate Services	superiorrealestate.com
Superior Real Estate Service	superiorrealestateservice.com
Superior Real Estate Service	superiorrealestate.com
Case Appraisal Service	caseappraisalservice.com
Case Appraisal Service	caseappraisalervice.com
Case Appraisal Service	caseappraisal.com
Griffin Appraisals	griffinappraisal.com
Griffin Appraisals	griffinappraisals.com
Crest Appraisal Group, LLC	crestappraisal.com
Crest Appraisal Group, LLC	crestappraisalgroup.com
Crest Appraisal Group, LLC	crestappraisalsgroup.com
Chatham Appraisals	chathamappraisals.com
Chatham Appraisals	chathamappraisal.com
More Doors Appraisals	moredoorsappraisals.com
More Doors Appraisals	moredoorsappraisal.com
Linda Cheers	lindacheers.com
Cheney Appraisal Services	cheneyappraisalervices.com
Cheney Appraisal Services	cheneyappraisalservices.com
Cheney Appraisal Services	cheneyappraisal.com
Clark Appraisal Group	clarkappraisalsgroup.com
Clark Appraisal Group	clarkappraisalgroup.com
Clark Appraisal Group	clarkappraisal.com
Titan Appraisal Services	titanappraisalervices.com
Titan Appraisal Services	titanappraisal.com
Titan Appraisal Services	titanappraisalservices.com
Clark Appraisals, LLC	clarkappraisal.com
Clark Appraisals, LLC	clarkappraisals.com
R.S. Clark Real Estate Services	rsclarkrealestate.com
R.S. Clark Real Estate Services	rsclarkrealestateservices.com
Kitchens Realty, Inc.	kitchensrealty.com
Claybrook Appraisal and Review Service, LLC	claybrookappraisalsandreviewservice.com
Claybrook Appraisal and Review Service, LLC	claybrookappraisalandreviewservice.com
Claybrook Appraisal and Review Service, LLC	claybrookappraisalandreview.com
ServiceLink	servicelink.com
Collett Appraisal Service, LLC	collettappraisalservice.com
Collett Appraisal Service, LLC	collettappraisalervice.com
Collett Appraisal Service, LLC	collettappraisal.com
Your Appraiser	yourappraiser.com
Cope Appraisals	copeappraisal.com
Cope Appraisals	copeappraisals.com
Copeland Appraisals, LLC	copelandappraisal.com
Copeland Appraisals, LLC	copelandappraisals.com
ACRE Appraisals, LLC	acreappraisal.com
ACRE Appraisals, LLC	acreappraisals.com
GAC Appraisal, LLC	gacappraisals.com
GAC Appraisal, LLC	gacappraisal.com
Michael Cordell Certified Residential Appr	michaelcordellcertifiedresidentialappr.com
Counts Appraisal Group	countsappraisalsgroup.com
Counts Appraisal Group	countsappraisalgroup.com
Counts Appraisal Group	countsappraisal.com
Courson Appraisals	coursonappraisal.com
Courson Appraisals	coursonappraisals.com
Courtney & Morris Appraisals, Inc.	courtneyandmorrisappraisals.com
Courtney & Morris Appraisals, Inc.	courtneyandmorrisappraisal.com
AJC Appraisal Services, Inc.	ajcappraisal.com
AJC Appraisal Services, Inc.	ajcappraisalservices.com
AJC Appraisal Services, Inc.	ajcappraisalervices.com
Appraisal Services	appraisal.com
Appraisal Services	appraisalservices.com
Appraisal Services	appraisalervices.com
Craig Enterprises, Inc.	craigenterprises.com
Pettey & Associates	petteyand.com
Pettey & Associates	petteyandassociates.com
Crochen & Associates, LLC	crochenand.com
Crochen & Associates, LLC	crochenandassociates.com
Alabama Appraisal & Associates	alabamaappraisaland.com
Alabama Appraisal & Associates	alabamaappraisalandassociates.com
Alabama Appraisal & Associates	alabamaappraisalsandassociates.com
Curren Appraisal Service	currenappraisal.com
Curren Appraisal Service	currenappraisalservice.com
Curren Appraisal Service	currenappraisalervice.com
Dalton Appraisal Group	daltonappraisalsgroup.com
Dalton Appraisal Group	daltonappraisal.com
Dalton Appraisal Group	daltonappraisalgroup.com
Darling Appraisal Group, LLC	darlingappraisalgroup.com
Darling Appraisal Group, LLC	darlingappraisalsgroup.com
Darling Appraisal Group, LLC	darlingappraisal.com
Boothe & Associates, LLC	bootheand.com
Boothe & Associates, LLC	bootheandassociates.com
Charles Davis Appraisals	charlesdavisappraisals.com
Charles Davis Appraisals	charlesdavisappraisal.com
Kathy P. Davis Appraisals, Inc.	kathypdavisappraisals.com
Kathy P. Davis Appraisals, Inc.	kathypdavisappraisal.com
Appraisers of Baldwin/Mobile	appraisersofbaldwinmobile.com
Davis Appraisal Services	davisappraisalservices.com
Davis Appraisal Services	davisappraisalervices.com
Davis Appraisal Services	davisappraisal.com
Appraisal Associates	appraisalassociates.com
Appraisal Associates	appraisal.com
Appraisal Associates	appraisalsassociates.com
Valbridge Property Advisors	valbridgepropertyadvisors.com
Deerman Appraisal Service	deermanappraisalervice.com
Deerman Appraisal Service	deermanappraisalservice.com
Deerman Appraisal Service	deermanappraisal.com
DeFelix Appraisal Services	defelixappraisalservices.com
DeFelix Appraisal Services	defelixappraisal.com
DeFelix Appraisal Services	defelixappraisalervices.com
Appraisal Partners, LLC	appraisalspartners.com
Appraisal Partners, LLC	appraisalpartners.com
Dettling Valuations, Inc.	dettlingvaluations.com
Dettling & Associates	dettlingand.com
Dettling & Associates	dettlingandassociates.com
DiCicco & Associates, LLC	diciccoand.com
DiCicco & Associates, LLC	diciccoandassociates.com
E3 Appraisals, LLC	e3appraisals.com
E3 Appraisals, LLC	e3appraisal.com
Chris Dixon & Associates, Inc.	chrisdixonandassociates.com
Chris Dixon & Associates, Inc.	chrisdixonand.com
Aloft, Inc.	aloft.com
Dekalb County Appraisal Service	dekalbcountyappraisalervice.com
Dekalb County Appraisal Service	dekalbcountyappraisalservice.com
Dekalb County Appraisal Service	dekalbcountyappraisal.com
D. Shannon Johnson Appraisals	dshannonjohnsonappraisal.com
D. Shannon Johnson Appraisals	dshannonjohnsonappraisals.com
Douglas Residential Appraisal	douglasresidentialappraisal.com
Douglas Residential Appraisal	douglasresidentialappraisals.com
Druhan Appraisal Company	druhanappraisals.com
Druhan Appraisal Company	druhanappraisal.com
Mountain Brook Appraisals	mountainbrookappraisals.com
Mountain Brook Appraisals	mountainbrookappraisal.com
Alabama Appraisal Company	alabamaappraisal.com
Alabama Appraisal Company	alabamaappraisals.com
Mark Dunn Appraisals, LLC	markdunnappraisals.com
Mark Dunn Appraisals, LLC	markdunnappraisal.com
All Terrain Appraisal Services, LLC	allterrainappraisal.com
All Terrain Appraisal Services, LLC	allterrainappraisalervices.com
All Terrain Appraisal Services, LLC	allterrainappraisalservices.com
Eady Appraisal Service	eadyappraisal.com
Eady Appraisal Service	eadyappraisalervice.com
Eady Appraisal Service	eadyappraisalservice.com
Rehab Creations, LLC dba Greg Easter Appraisals	rehabcreationsdbagregeasterappraisals.com
Rehab Creations, LLC dba Greg Easter Appraisals	rehabcreationsdbagregeasterappraisal.com
Easter Appraisal Services, LLC	easterappraisalervices.com
Easter Appraisal Services, LLC	easterappraisal.com
Easter Appraisal Services, LLC	easterappraisalservices.com
Patricia A. Edwards	patriciaaedwards.com
Cypress Creek Appraisals	cypresscreekappraisals.com
Cypress Creek Appraisals	cypresscreekappraisal.com
Mark England Appraisals	markenglandappraisals.com
Mark England Appraisals	markenglandappraisal.com
England Appraisals, LLC	englandappraisals.com
England Appraisals, LLC	englandappraisal.com
SMP Appraisal Services, LLC	smpappraisal.com
SMP Appraisal Services, LLC	smpappraisalservices.com
SMP Appraisal Services, LLC	smpappraisalervices.com
Epps Appraisal Services	eppsappraisal.com
Epps Appraisal Services	eppsappraisalervices.com
Epps Appraisal Services	eppsappraisalservices.com
City of Birmingham, Finance Department	cityofbirminghamfinancedepartment.com
ACG Baldwin, LLC	acgbaldwin.com
Appraisal Research & Consultants	appraisalsresearchandconsultants.com
Appraisal Research & Consultants	appraisalresearchandconsultants.com
Southern Appraisal, LLC	southernappraisal.com
Southern Appraisal, LLC	southernappraisals.com
North County Appraisers	northcountyappraisers.com
Faulkner Real Estate Appraisals, LLC	faulknerrealestateappraisal.com
Faulkner Real Estate Appraisals, LLC	faulknerrealestateappraisals.com
Baldwin County Commission	baldwincountycommission.com
Fendley Appraisals	fendleyappraisal.com
Fendley Appraisals	fendleyappraisals.com
Gill Johnson Appraisal	gilljohnsonappraisals.com
Gill Johnson Appraisal	gilljohnsonappraisal.com
Scott Ferguson	scottferguson.com
Donna Fernandes	donnafernandes.com
Fikes Appraisal Company	fikesappraisals.com
Fikes Appraisal Company	fikesappraisal.com
Finlay & Company, LLC	finlayand.com
Forester Appraisals	foresterappraisals.com
Forester Appraisals	foresterappraisal.com
Franklin Home Appraisal, LLC	franklinhomeappraisal.com
Franklin Home Appraisal, LLC	franklinhomeappraisals.com
Franklin Home Appraisals, LLC	franklinhomeappraisal.com
Franklin Home Appraisals, LLC	franklinhomeappraisals.com
Definitive Valuations	definitivevaluations.com
Neal Freeman Appraisal Company	nealfreemanappraisal.com
Neal Freeman Appraisal Company	nealfreemanappraisals.com
Mr. Samuel K. Fuller	mrsamuelkfuller.com
Fullco Realty Services dba Fullco Appraisal Services	fullcorealtyservicesdbafullcoappraisal.com
Fullco Realty Services dba Fullco Appraisal Services	fullcorealtyservicesdbafullcoappraisalervices.com
Joseph Gall Residential Appraisals, Inc.	josephgallresidentialappraisal.com
Joseph Gall Residential Appraisals, Inc.	josephgallresidentialappraisals.com
Carolyn Hinkey Garnett, Appraiser	carolynhinkeygarnettappraiser.com
Discovery Appraisal	discoveryappraisal.com
Discovery Appraisal	discoveryappraisals.com
Edwin Garrison Appraisals	edwingarrisonappraisals.com
Edwin Garrison Appraisals	edwingarrisonappraisal.com
Garrison Appraisals, Inc.	garrisonappraisals.com
Garrison Appraisals, Inc.	garrisonappraisal.com
Gartman Appraisals, LLC	gartmanappraisals.com
Gartman Appraisals, LLC	gartmanappraisal.com
Gattozzi Appraisals, Inc.	gattozziappraisal.com
Gattozzi Appraisals, Inc.	gattozziappraisals.com
GVI Appraisals, Inc.	gviappraisal.com
GVI Appraisals, Inc.	gviappraisals.com
RCG Appraisal Services, LLC	rcgappraisalservices.com
RCG Appraisal Services, LLC	rcgappraisalervices.com
RCG Appraisal Services, LLC	rcgappraisal.com
Gibson Appraisals, LLC	gibsonappraisals.com
Gibson Appraisals, LLC	gibsonappraisal.com
Given Appraisal Service	givenappraisalervice.com
Given Appraisal Service	givenappraisal.com
Given Appraisal Service	givenappraisalservice.com
Ben Glass & Co, LLC	benglassand.com
Glenn Appraisals, LLC	glennappraisals.com
Glenn Appraisals, LLC	glennappraisal.com
Goff Appraisal Service	goffappraisalservice.com
Goff Appraisal Service	goffappraisal.com
Goff Appraisal Service	goffappraisalervice.com
Certified Valuation Group	certifiedvaluationgroup.com
Certified Valuation Group	certifiedvaluation.com
Gordon Appraisal Group	gordonappraisalsgroup.com
Gordon Appraisal Group	gordonappraisal.com
Gordon Appraisal Group	gordonappraisalgroup.com
Elite Appraisal Services, LLC	eliteappraisal.com
Elite Appraisal Services, LLC	eliteappraisalervices.com
Elite Appraisal Services, LLC	eliteappraisalservices.com
Gordy Appraisal Services	gordyappraisalervices.com
Gordy Appraisal Services	gordyappraisalservices.com
Gordy Appraisal Services	gordyappraisal.com
Graben Real Estate Services, LLC	grabenrealestateservices.com
Graben Real Estate Services, LLC	grabenrealestate.com
Graham Appraisal, LLC	grahamappraisals.com
Graham Appraisal, LLC	grahamappraisal.com
Gravitt Appraisal Service	gravittappraisalservice.com
Gravitt Appraisal Service	gravittappraisal.com
Gravitt Appraisal Service	gravittappraisalervice.com
KG Appraisal Services, LLC	kgappraisalservices.com
KG Appraisal Services, LLC	kgappraisal.com
KG Appraisal Services, LLC	kgappraisalervices.com
Kitchens Realty & Appraisal Office	kitchensrealtyandappraisalsoffice.com
Kitchens Realty & Appraisal Office	kitchensrealtyandappraisaloffice.com
Talley Appraisal Services, LLC	talleyappraisalservices.com
Talley Appraisal Services, LLC	talleyappraisal.com
Talley Appraisal Services, LLC	talleyappraisalervices.com
Marshall Green	marshallgreen.com
Quantum Real Estate Appraisals	quantumrealestateappraisal.com
Quantum Real Estate Appraisals	quantumrealestateappraisals.com
D.S. Murphy & Associates	dsmurphyand.com
D.S. Murphy & Associates	dsmurphyandassociates.com
Appraisals by Ted Gregg, LLC	appraisalsbytedgregg.com
Appraisals by Ted Gregg, LLC	appraisalbytedgregg.com
Griffin Appraisal Service, Inc.	griffinappraisalervice.com
Griffin Appraisal Service, Inc.	griffinappraisal.com
Griffin Appraisal Service, Inc.	griffinappraisalservice.com
Appraisals, Research & Consultants of Cullman	appraisalresearchandconsultantsofcullman.com
Taylor Groce Appraisal Services, Inc.	taylorgroceappraisalservices.com
Taylor Groce Appraisal Services, Inc.	taylorgroceappraisalervices.com
Taylor Groce Appraisal Services, Inc.	taylorgroceappraisal.com
Appraisers, Inc.	appraisers.com
Adam Guthrie/Appraisal Solutions	adamguthrieappraisalsolutions.com
Adam Guthrie/Appraisal Solutions	adamguthrieappraisalolutions.com
Northwest Alabama Appraisal	northwestalabamaappraisal.com
Northwest Alabama Appraisal	northwestalabamaappraisals.com
Hagan Real Estate, Inc.	haganrealestate.com
Haggard Appraisals	haggardappraisals.com
Haggard Appraisals	haggardappraisal.com
Hale Appraisal Firm, LLC	haleappraisalsfirm.com
Hale Appraisal Firm, LLC	haleappraisalfirm.com
Hallman Appraisals	hallmanappraisal.com
Hallman Appraisals	hallmanappraisals.com
Hamby Homes and Valuations, LLC	hambyhomesandvaluations.com
Ms. Judith E. Haney	msjudithehaney.com
Hardy Appraisal Service	hardyappraisal.com
Hardy Appraisal Service	hardyappraisalervice.com
Hardy Appraisal Service	hardyappraisalservice.com
The Valuation Group, LLC	thevaluation.com
The Valuation Group, LLC	thevaluationgroup.com
Harris Appraisals, LLC	harrisappraisal.com
Harris Appraisals, LLC	harrisappraisals.com
Zane Harris Appraisal Company	zaneharrisappraisal.com
Zane Harris Appraisal Company	zaneharrisappraisals.com
Regions Bank	regionsbank.com
Waiv Valuation, Inc.	waivvaluation.com
Hatfield Real Estate Consulting	hatfieldrealestateconsulting.com
Hayes Appraisal Services, LLC	hayesappraisalervices.com
Hayes Appraisal Services, LLC	hayesappraisal.com
Hayes Appraisal Services, LLC	hayesappraisalservices.com
Haynes Appraisal Service, LLC	haynesappraisalervice.com
Haynes Appraisal Service, LLC	haynesappraisal.com
Haynes Appraisal Service, LLC	haynesappraisalservice.com
Glenn's Quality Appraisal Services	glennsqualityappraisalservices.com
Glenn's Quality Appraisal Services	glennsqualityappraisal.com
Glenn's Quality Appraisal Services	glennsqualityappraisalervices.com
Hickman Valuation, LLC	hickmanvaluation.com
Coosa Valley Appraisal	coosavalleyappraisal.com
Coosa Valley Appraisal	coosavalleyappraisals.com
Cornerstone Appraisal Partners, LLC	cornerstoneappraisalspartners.com
Cornerstone Appraisal Partners, LLC	cornerstoneappraisalpartners.com
Hill Appraisal Services	hillappraisalservices.com
Hill Appraisal Services	hillappraisal.com
Hill Appraisal Services	hillappraisalervices.com
Accurate Appraisal Service, LLC	accurateappraisal.com
Accurate Appraisal Service, LLC	accurateappraisalservice.com
Accurate Appraisal Service, LLC	accurateappraisalervice.com
Hill Appraisals, LLC	hillappraisals.com
Hill Appraisals, LLC	hillappraisal.com
Jim Hilpert Appraisal Co.	jimhilpertappraisal.com
Jim Hilpert Appraisal Co.	jimhilpertappraisals.com
Freeman Appraisal Co.	freemanappraisals.com
Freeman Appraisal Co.	freemanappraisal.com
Carly Hinson Appraisal Service	carlyhinsonappraisalervice.com
Carly Hinson Appraisal Service	carlyhinsonappraisal.com
Carly Hinson Appraisal Service	carlyhinsonappraisalservice.com
Hixon & Associates, LLC	hixonandassociates.com
Hixon & Associates, LLC	hixonand.com
Hodges Appraisals, LLC	hodgesappraisal.com
Hodges Appraisals, LLC	hodgesappraisals.com
NE Alabama Appraisal Services, LLC dba NE AL Appraisals	nealabamaappraisalervicesdbanealappraisal.com
Holland Appraisal Services, LLC	hollandappraisalervices.com
Holland Appraisal Services, LLC	hollandappraisalservices.com
Holland Appraisal Services, LLC	hollandappraisal.com
Corporate South Realty, Inc.	corporatesouthrealty.com
Acceleration Appraisal	accelerationappraisals.com
Acceleration Appraisal	accelerationappraisal.com
KMH Appraisal Services, LLC	kmhappraisal.com
KMH Appraisal Services, LLC	kmhappraisalservices.com
KMH Appraisal Services, LLC	kmhappraisalervices.com
The Holyfield Company	theholyfield.com
CDR	cdr.com
Thomas Horn Real Estate Appraisal Services	thomashornrealestateappraisal.com
Thomas Horn Real Estate Appraisal Services	thomashornrealestateappraisalservices.com
Thomas Horn Real Estate Appraisal Services	thomashornrealestateappraisalervices.com
Tommy Horton Appraiser, LLC	tommyhortonappraiser.com
Horton Appraisal Services	hortonappraisalervices.com
Horton Appraisal Services	hortonappraisalservices.com
Horton Appraisal Services	hortonappraisal.com
Marketplace Appraisals, LLC	marketplaceappraisals.com
Marketplace Appraisals, LLC	marketplaceappraisal.com
Appraisal Solutions, LLC	appraisalsolutions.com
Appraisal Solutions, LLC	appraisalolutions.com
Ikard Valuation, LLC	ikardvaluation.com
Solidifi	solidifi.com
Amy Ivey Appraisals	amyiveyappraisals.com
Amy Ivey Appraisals	amyiveyappraisal.com
The Maples Company, LLC	themaples.com
Jackson Appraisal Services, Inc	jacksonappraisalservices.com
Jackson Appraisal Services, Inc	jacksonappraisalervices.com
Jackson Appraisal Services, Inc	jacksonappraisal.com
Advanced Appraisal Service	advancedappraisal.com
Advanced Appraisal Service	advancedappraisalservice.com
Advanced Appraisal Service	advancedappraisalervice.com
Beaird Organization, LLC	beairdorganization.com
Excel Appraisal Service, LLC	excelappraisalervice.com
Excel Appraisal Service, LLC	excelappraisal.com
Excel Appraisal Service, LLC	excelappraisalservice.com
GLM Services, LLC	glm.com
GLM Services, LLC	glmservices.com
Wayne Johnston	waynejohnston.com
Ward Edge Appraisal	wardedgeappraisal.com
Ward Edge Appraisal	wardedgeappraisals.com
Priority Appraisals	priorityappraisal.com
Priority Appraisals	priorityappraisals.com
Crest Appraisal Group, Inc.	crestappraisal.com
Crest Appraisal Group, Inc.	crestappraisalgroup.com
Crest Appraisal Group, Inc.	crestappraisalsgroup.com
Charles Robert Jones, III	charlesrobertjonesiii.com
Goodwyn, Mills & Cawood, Inc.	goodwynmillsandcawood.com
Jones Appraisal Services, LLC	jonesappraisal.com
Jones Appraisal Services, LLC	jonesappraisalservices.com
Jones Appraisal Services, LLC	jonesappraisalervices.com
Jones Real Estate Appraisals	jonesrealestateappraisals.com
Jones Real Estate Appraisals	jonesrealestateappraisal.com
Southeast Appraisals & Home Inspections, LLC	southeastappraisalsandhomeinspections.com
Southeast Appraisals & Home Inspections, LLC	southeastappraisalandhomeinspections.com
Kaiser Appraisals, LLC	kaiserappraisals.com
Kaiser Appraisals, LLC	kaiserappraisal.com
Anthony Appraisers	anthonyappraisers.com
Kearley Appraisal	kearleyappraisals.com
Kearley Appraisal	kearleyappraisal.com
Bayside Appraisal, LLC	baysideappraisals.com
Bayside Appraisal, LLC	baysideappraisal.com
Alabama Appraisal Services, Inc.	alabamaappraisal.com
Alabama Appraisal Services, Inc.	alabamaappraisalervices.com
Alabama Appraisal Services, Inc.	alabamaappraisalservices.com
Kennamer Appraisals, Inc.	kennamerappraisals.com
Kennamer Appraisals, Inc.	kennamerappraisal.com
Kennedy and Company, LLC	kennedyand.com
Kidd Appraisals	kiddappraisals.com
Kidd Appraisals	kiddappraisal.com
Don H. Kilgore, Realtors	donhkilgorerealtors.com
King Residential Appraisals	kingresidentialappraisals.com
King Residential Appraisals	kingresidentialappraisal.com
Stone Bridge Appraisal Co. LLC	stonebridgeappraisal.com
Stone Bridge Appraisal Co. LLC	stonebridgeappraisals.com
Klingenbeck Appraisal Services	klingenbeckappraisalservices.com
Klingenbeck Appraisal Services	klingenbeckappraisal.com
Klingenbeck Appraisal Services	klingenbeckappraisalervices.com
Kimberly J. Kluegar	kimberlyjkluegar.com
Knight Real Estate Appraisals	knightrealestateappraisal.com
Knight Real Estate Appraisals	knightrealestateappraisals.com
Appraisal First, Inc.	appraisalfirst.com
Appraisal First, Inc.	appraisalsfirst.com
Knight Appraisal Service LLC	knightappraisal.com
Knight Appraisal Service LLC	knightappraisalervice.com
Knight Appraisal Service LLC	knightappraisalservice.com
Atlas Appraisal Advisors	atlasappraisalsadvisors.com
Atlas Appraisal Advisors	atlasappraisaladvisors.com
Talladega Appraisal Service	talladegaappraisal.com
Talladega Appraisal Service	talladegaappraisalervice.com
Talladega Appraisal Service	talladegaappraisalservice.com
Massengale Appraisal Service	massengaleappraisal.com
Massengale Appraisal Service	massengaleappraisalervice.com
Massengale Appraisal Service	massengaleappraisalservice.com
Waiv Valuation	waivvaluation.com
The Leary Group, LLC	theleary.com
The Leary Group, LLC	thelearygroup.com
Hunt & Associates	huntandassociates.com
Hunt & Associates	huntand.com
J. Robert Lee Appraisals	jrobertleeappraisals.com
J. Robert Lee Appraisals	jrobertleeappraisal.com
Stuart Lee Company	stuartlee.com
Kreg Stewart LeMaster	kregstewartlemaster.com
Smith Realty & Appraisal, Inc.	smithrealtyandappraisals.com
Smith Realty & Appraisal, Inc.	smithrealtyandappraisal.com
Lewis Appraisals	lewisappraisal.com
Lewis Appraisals	lewisappraisals.com
Owen Lilly Appraisal	owenlillyappraisal.com
Owen Lilly Appraisal	owenlillyappraisals.com
Real Property Appraisal Services, Inc.	realpropertyappraisalervices.com
Real Property Appraisal Services, Inc.	realpropertyappraisalservices.com
Real Property Appraisal Services, Inc.	realpropertyappraisal.com
Certified Appraisal Services, LLC	certifiedappraisalervices.com
Certified Appraisal Services, LLC	certifiedappraisalservices.com
Certified Appraisal Services, LLC	certifiedappraisal.com
Integrity Appraisals	integrityappraisals.com
Integrity Appraisals	integrityappraisal.com
Lowery Appraisal Service, LLC	loweryappraisalervice.com
Lowery Appraisal Service, LLC	loweryappraisalservice.com
Lowery Appraisal Service, LLC	loweryappraisal.com
Walter Lowery Appraisals	walterloweryappraisals.com
Walter Lowery Appraisals	walterloweryappraisal.com
Lundy Appraisals	lundyappraisal.com
Lundy Appraisals	lundyappraisals.com
Lynn Appraisals	lynnappraisal.com
Lynn Appraisals	lynnappraisals.com
Amrock, Inc.	amrock.com
Midtown Appraisals	midtownappraisals.com
Midtown Appraisals	midtownappraisal.com
Alliance Appraisal Services, Inc.	allianceappraisalservices.com
Alliance Appraisal Services, Inc.	allianceappraisal.com
Alliance Appraisal Services, Inc.	allianceappraisalervices.com
MorganMains, Inc.	morganmains.com
Manley & Associates, Inc.	manleyand.com
Manley & Associates, Inc.	manleyandassociates.com
Ryan Manning	ryanmanning.com
Don Manuel	donmanuel.com
KIP Appraisal Service, LLC	kipappraisalservice.com
KIP Appraisal Service, LLC	kipappraisal.com
KIP Appraisal Service, LLC	kipappraisalervice.com
Marbut Appraisal Service, LLC	marbutappraisal.com
Marbut Appraisal Service, LLC	marbutappraisalservice.com
Marbut Appraisal Service, LLC	marbutappraisalervice.com
Marden LLC	marden.com
Metro Appraisal Service	metroappraisalservice.com
Metro Appraisal Service	metroappraisal.com
Metro Appraisal Service	metroappraisalervice.com
Daniel Martin Residential Appraisals, LLC	danielmartinresidentialappraisal.com
Daniel Martin Residential Appraisals, LLC	danielmartinresidentialappraisals.com
NationView, LLC	nationview.com
Wells Fargo	wellsfargo.com
Mayton Appraisal	maytonappraisal.com
Mayton Appraisal	maytonappraisals.com
Coastal Appraisal, Inc.	coastalappraisal.com
Coastal Appraisal, Inc.	coastalappraisals.com
McAleer Appraisal Service, Inc.	mcaleerappraisalservice.com
McAleer Appraisal Service, Inc.	mcaleerappraisal.com
McAleer Appraisal Service, Inc.	mcaleerappraisalervice.com
Gulf Coast Appraisal Service, Inc.	gulfcoastappraisal.com
Gulf Coast Appraisal Service, Inc.	gulfcoastappraisalervice.com
Gulf Coast Appraisal Service, Inc.	gulfcoastappraisalservice.com
ALSouth Appraisal Services, LLC	alsouthappraisalservices.com
ALSouth Appraisal Services, LLC	alsouthappraisalervices.com
ALSouth Appraisal Services, LLC	alsouthappraisal.com
Certified Appraisal Services	certifiedappraisalervices.com
Certified Appraisal Services	certifiedappraisalservices.com
Certified Appraisal Services	certifiedappraisal.com
Tisher Appraisal, LLC	tisherappraisal.com
Tisher Appraisal, LLC	tisherappraisals.com
Ami McKinney Appraisals, LLC	amimckinneyappraisals.com
Ami McKinney Appraisals, LLC	amimckinneyappraisal.com
McLemore Appraisal Company	mclemoreappraisals.com
McLemore Appraisal Company	mclemoreappraisal.com
Sullivan Appraisal Company	sullivanappraisals.com
Sullivan Appraisal Company	sullivanappraisal.com
J.J. Malone, Inc.	jjmalone.com
Hamilton Appraisals	hamiltonappraisal.com
Hamilton Appraisals	hamiltonappraisals.com
Randy V. Messick	randyvmessick.com
Billy Cotter Appraisals	billycotterappraisals.com
Billy Cotter Appraisals	billycotterappraisal.com
Freeman Appraisal Company	freemanappraisals.com
Freeman Appraisal Company	freemanappraisal.com
Southern Home Appraisal Services, Inc.	southernhomeappraisalervices.com
Southern Home Appraisal Services, Inc.	southernhomeappraisal.com
Southern Home Appraisal Services, Inc.	southernhomeappraisalservices.com
Ace Appraisal Service	aceappraisalervice.com
Ace Appraisal Service	aceappraisalservice.com
Ace Appraisal Service	aceappraisal.com
AGM Appraisals LLC	agmappraisals.com
AGM Appraisals LLC	agmappraisal.com
Mitchell Appraisal and Real Estate	mitchellappraisalandrealestate.com
Mitchell Appraisal and Real Estate	mitchellappraisalsandrealestate.com
Claybrook Appraisal and Review Service	claybrookappraisalsandreviewservice.com
Claybrook Appraisal and Review Service	claybrookappraisalandreviewservice.com
Claybrook Appraisal and Review Service	claybrookappraisalandreview.com
Donna Marie Montgomery	donnamariemontgomery.com
Montgomery Appraisals, LLC	montgomeryappraisal.com
Montgomery Appraisals, LLC	montgomeryappraisals.com
Alabama Appraisal Services	alabamaappraisal.com
Alabama Appraisal Services	alabamaappraisalervices.com
Alabama Appraisal Services	alabamaappraisalservices.com
Nivens & Associates Appraisals, Inc.	nivensandassociatesappraisal.com
Nivens & Associates Appraisals, Inc.	nivensandassociatesappraisals.com
Moore Appraisals	mooreappraisals.com
Moore Appraisals	mooreappraisal.com
Alabama Appraisal Service	alabamaappraisal.com
Alabama Appraisal Service	alabamaappraisalervice.com
Alabama Appraisal Service	alabamaappraisalservice.com
Cushman & Wakefield	cushmanandwakefield.com
Moore Appraisal Services, LLC	mooreappraisalervices.com
Moore Appraisal Services, LLC	mooreappraisalservices.com
Moore Appraisal Services, LLC	mooreappraisal.com
Sandra Moore Appraisal, LLC	sandramooreappraisal.com
Sandra Moore Appraisal, LLC	sandramooreappraisals.com
Richard Moorefield, Inc.	richardmoorefield.com
Ginger W. Morris	gingerwmorris.com
Greg Morton Appraisal, LLC	gregmortonappraisal.com
Greg Morton Appraisal, LLC	gregmortonappraisals.com
Muller Appraisal Service	mullerappraisal.com
Muller Appraisal Service	mullerappraisalservice.com
Muller Appraisal Service	mullerappraisalervice.com
PenFed Credit Union	penfedcreditunion.com
Murphree LLC	murphree.com
Shawn Murphy Appraisal Services	shawnmurphyappraisalervices.com
Shawn Murphy Appraisal Services	shawnmurphyappraisal.com
Shawn Murphy Appraisal Services	shawnmurphyappraisalservices.com
Musso Appraisals, LLC	mussoappraisal.com
Musso Appraisals, LLC	mussoappraisals.com
Neely Real Estate & Appraisal	neelyrealestateandappraisals.com
Neely Real Estate & Appraisal	neelyrealestateandappraisal.com
Nelson Appraisals, LLC	nelsonappraisals.com
Nelson Appraisals, LLC	nelsonappraisal.com
AccuAppraisal, LLC	accuappraisal.com
AccuAppraisal, LLC	accuappraisals.com
AccuAppraisal	accuappraisal.com
AccuAppraisal	accuappraisals.com
JCN Appraisals, Inc.	jcnappraisal.com
JCN Appraisals, Inc.	jcnappraisals.com
Newton Appraisals	newtonappraisals.com
Newton Appraisals	newtonappraisal.com
Advanced Appraisal Services, LLC	advancedappraisalservices.com
Advanced Appraisal Services, LLC	advancedappraisal.com
Advanced Appraisal Services, LLC	advancedappraisalervices.com
Mike Noble Appraisals	mikenobleappraisals.com
Mike Noble Appraisals	mikenobleappraisal.com
TJ OHalloran Appraisals LLC	tjohalloranappraisals.com
TJ OHalloran Appraisals LLC	tjohalloranappraisal.com
Ogden & Associates, LLC	ogdenand.com
Ogden & Associates, LLC	ogdenandassociates.com
Appraisal Services of the South, Inc.	appraisalservicesofthesouth.com
Appraisal Services of the South, Inc.	appraisalervicesofthesouth.com
Bay Residential Appraisals, LLC	bayresidentialappraisal.com
Bay Residential Appraisals, LLC	bayresidentialappraisals.com
Osborn Appraisal Services, Inc.	osbornappraisalervices.com
Osborn Appraisal Services, Inc.	osbornappraisal.com
Osborn Appraisal Services, Inc.	osbornappraisalservices.com
Owensby Appraisal	owensbyappraisals.com
Owensby Appraisal	owensbyappraisal.com
Paden Realty & Appraisals, Inc.	padenrealtyandappraisals.com
Paden Realty & Appraisals, Inc.	padenrealtyandappraisal.com
Alabama Dept. of Transportation	alabamadeptoftransportation.com
Paradise Appraisals	paradiseappraisals.com
Paradise Appraisals	paradiseappraisal.com
Patterson Services, Inc.	patterson.com
Patterson Services, Inc.	pattersonservices.com
Paramount Appraisal Services, LLC	paramountappraisalervices.com
Paramount Appraisal Services, LLC	paramountappraisal.com
Paramount Appraisal Services, LLC	paramountappraisalservices.com
Jerry W. Pearson, Sr.	jerrywpearsonsr.com
Bernard Pedersoli	bernardpedersoli.com
Pelman Appraisal Services, LLC	pelmanappraisal.com
Pelman Appraisal Services, LLC	pelmanappraisalservices.com
Pelman Appraisal Services, LLC	pelmanappraisalervices.com
William C. Pennington, LLC	williamcpennington.com
Real Property Appraisals, LLC	realpropertyappraisals.com
Real Property Appraisals, LLC	realpropertyappraisal.com
Petty Appraisal Service	pettyappraisal.com
Petty Appraisal Service	pettyappraisalservice.com
Petty Appraisal Service	pettyappraisalervice.com
Pharr Appraisal Service	pharrappraisalervice.com
Pharr Appraisal Service	pharrappraisalservice.com
Pharr Appraisal Service	pharrappraisal.com
Alan Associates, LLC	alan.com
Alan Associates, LLC	alanassociates.com
Comprehensive Appraisal Solutions	comprehensiveappraisalolutions.com
Comprehensive Appraisal Solutions	comprehensiveappraisalsolutions.com
Gary Phillips, Real Estate Appraiser	garyphillipsrealestateappraiser.com
Pierce Home Appraisals	piercehomeappraisals.com
Pierce Home Appraisals	piercehomeappraisal.com
Pilcher Appraisals	pilcherappraisals.com
Pilcher Appraisals	pilcherappraisal.com
B & K Properties and Appraisal	bandkpropertiesandappraisal.com
B & K Properties and Appraisal	bandkpropertiesandappraisals.com
Pitcher & Associates, L.L.C.	pitcherand.com
Pitcher & Associates, L.L.C.	pitcherandassociates.com
Plott Appraisal Group, LLC	plottappraisalsgroup.com
Plott Appraisal Group, LLC	plottappraisalgroup.com
Plott Appraisal Group, LLC	plottappraisal.com
Pullum Real Estate Group, LLC	pullumrealestategroup.com
Pullum Real Estate Group, LLC	pullumrealestate.com
Southland Appraisers	southlandappraisers.com
Jerry B. Porter	jerrybporter.com
Real Appraisals	realappraisals.com
Real Appraisals	realappraisal.com
Landmark Appraisals, LLC	landmarkappraisal.com
Landmark Appraisals, LLC	landmarkappraisals.com
Pratt Appraisals, LLC	prattappraisal.com
Pratt Appraisals, LLC	prattappraisals.com
Holliday Prescott Appraisals	hollidayprescottappraisal.com
Holliday Prescott Appraisals	hollidayprescottappraisals.com
Pruitt Appraisal Services, LLC	pruittappraisalservices.com
Pruitt Appraisal Services, LLC	pruittappraisal.com
Pruitt Appraisal Services, LLC	pruittappraisalervices.com
Mullins Appraisals	mullinsappraisals.com
Mullins Appraisals	mullinsappraisal.com
Pugh Appraisal Service, LLC	pughappraisalservice.com
Pugh Appraisal Service, LLC	pughappraisalervice.com
Pugh Appraisal Service, LLC	pughappraisal.com
Next Day Appraisal, LLC	nextdayappraisals.com
Next Day Appraisal, LLC	nextdayappraisal.com
Randolph Appraisals, Inc.	randolphappraisals.com
Randolph Appraisals, Inc.	randolphappraisal.com
Rasberry Appraisals	rasberryappraisal.com
Rasberry Appraisals	rasberryappraisals.com
IMS, Inc.	ims.com
A-Tech Appraisal	atechappraisals.com
A-Tech Appraisal	atechappraisal.com
Opteon Appraisal, Inc.	opteonappraisals.com
Opteon Appraisal, Inc.	opteonappraisal.com
Kimberly Appraisal Service	kimberlyappraisal.com
Kimberly Appraisal Service	kimberlyappraisalervice.com
Kimberly Appraisal Service	kimberlyappraisalservice.com
David Rhodes Appraisal	davidrhodesappraisals.com
David Rhodes Appraisal	davidrhodesappraisal.com
Susan L. Rice	susanlrice.com
Brian Richards Residential Appraisals	brianrichardsresidentialappraisal.com
Brian Richards Residential Appraisals	brianrichardsresidentialappraisals.com
Xpert Appraisals, LLC	xpertappraisals.com
Xpert Appraisals, LLC	xpertappraisal.com
Riley Real Estate, LLC	rileyrealestate.com
DMR, Inc.	dmr.com
Andrew Robbins Appraisals, LLC	andrewrobbinsappraisals.com
Andrew Robbins Appraisals, LLC	andrewrobbinsappraisal.com
Charles Roberson Appraisals	charlesrobersonappraisals.com
Charles Roberson Appraisals	charlesrobersonappraisal.com
Accurate Appraisal Associates, Inc.	accurateappraisal.com
Accurate Appraisal Associates, Inc.	accurateappraisalassociates.com
Accurate Appraisal Associates, Inc.	accurateappraisalsassociates.com
Jeff Roberts RE Valuation, Inc.	jeffrobertsrevaluation.com
Bay Area Valuations, LLC	bayareavaluations.com
River Ridge Appraisal Services, LLC	riverridgeappraisal.com
River Ridge Appraisal Services, LLC	riverridgeappraisalservices.com
River Ridge Appraisal Services, LLC	riverridgeappraisalervices.com
Bank of America	bankofamerica.com
Sandra Moore Appraisal LLC	sandramooreappraisal.com
Sandra Moore Appraisal LLC	sandramooreappraisals.com
The Appraiser Group, Inc.	theappraiser.com
The Appraiser Group, Inc.	theappraisergroup.com
Appraisal West, LLC	appraisalswest.com
Appraisal West, LLC	appraisalwest.com
Sands, Inc.	sands.com
Sanford Appraisals, LLC	sanfordappraisals.com
Sanford Appraisals, LLC	sanfordappraisal.com
First Choice Appraisals, LLC	firstchoiceappraisal.com
First Choice Appraisals, LLC	firstchoiceappraisals.com
Schmidt Appraisal Services, LLC	schmidtappraisal.com
Schmidt Appraisal Services, LLC	schmidtappraisalservices.com
Schmidt Appraisal Services, LLC	schmidtappraisalervices.com
G & S Companies, LLC	gandscompanies.com
Self Appraisal Group	selfappraisalgroup.com
Self Appraisal Group	selfappraisalsgroup.com
Self Appraisal Group	selfappraisal.com
Authentic Appraisals, LLC	authenticappraisal.com
Authentic Appraisals, LLC	authenticappraisals.com
Shamrock Appraisals, Inc.	shamrockappraisal.com
Shamrock Appraisals, Inc.	shamrockappraisals.com
Pinnacle Bank	pinnaclebank.com
Wiregrass Appraisal Services	wiregrassappraisalervices.com
Wiregrass Appraisal Services	wiregrassappraisal.com
Wiregrass Appraisal Services	wiregrassappraisalservices.com
Mr. Robert A. Shellhouse	mrrobertashellhouse.com
D.W. Shelton	dwshelton.com
Shelton Appraisal Service, LLC	sheltonappraisalservice.com
Shelton Appraisal Service, LLC	sheltonappraisalervice.com
Shelton Appraisal Service, LLC	sheltonappraisal.com
Shepherd Appraisal Service	shepherdappraisal.com
Shepherd Appraisal Service	shepherdappraisalervice.com
Shepherd Appraisal Service	shepherdappraisalservice.com
J & M Enterprise	jandmenterprise.com
Shute Appraisal	shuteappraisal.com
Shute Appraisal	shuteappraisals.com
Lawrence Sides Appraisals, LLC	lawrencesidesappraisal.com
Lawrence Sides Appraisals, LLC	lawrencesidesappraisals.com
CMS Appraisal, LLC	cmsappraisals.com
CMS Appraisal, LLC	cmsappraisal.com
Michael Singleton, SRA	michaelsingletonsra.com
Skipper & Associates	skipperand.com
Skipper & Associates	skipperandassociates.com
Smith Appraisal Services	smithappraisalervices.com
Smith Appraisal Services	smithappraisalservices.com
Smith Appraisal Services	smithappraisal.com
Expert, Inc.	expert.com
Smyth Realty & Timber	smythrealtyandtimber.com
Citiwide Appraisal Service	citiwideappraisal.com
Citiwide Appraisal Service	citiwideappraisalservice.com
Citiwide Appraisal Service	citiwideappraisalervice.com
Advance Appraisal & Consultants, Inc.	advanceappraisalandconsultants.com
Advance Appraisal & Consultants, Inc.	advanceappraisalsandconsultants.com
Jennifer Spears Appraisal Service	jenniferspearsappraisalservice.com
Jennifer Spears Appraisal Service	jenniferspearsappraisalervice.com
Jennifer Spears Appraisal Service	jenniferspearsappraisal.com
Spiller Appraisal Service, LLC	spillerappraisalservice.com
Spiller Appraisal Service, LLC	spillerappraisalervice.com
Spiller Appraisal Service, LLC	spillerappraisal.com
Lauderdale Appraisal Company	lauderdaleappraisals.com
Lauderdale Appraisal Company	lauderdaleappraisal.com
Appraisals Around Lake Martin, LLC	appraisalsaroundlakemartin.com
Appraisals Around Lake Martin, LLC	appraisalaroundlakemartin.com
Statum & Associates Appraisal Services	statumandassociatesappraisalervices.com
Statum & Associates Appraisal Services	statumandassociatesappraisalservices.com
Statum & Associates Appraisal Services	statumandassociatesappraisal.com
Nathan Stephen Appraisal Service	nathanstephenappraisal.com
Nathan Stephen Appraisal Service	nathanstephenappraisalervice.com
Nathan Stephen Appraisal Service	nathanstephenappraisalservice.com
Stephens Appraisal Service	stephensappraisalservice.com
Stephens Appraisal Service	stephensappraisal.com
Stephens Appraisal Service	stephensappraisalervice.com
Stinson Appraisal Services	stinsonappraisal.com
Stinson Appraisal Services	stinsonappraisalervices.com
Stinson Appraisal Services	stinsonappraisalservices.com
US Bank	usbank.com
Mid South Appraisal Service	midsouthappraisalervice.com
Mid South Appraisal Service	midsouthappraisal.com
Mid South Appraisal Service	midsouthappraisalservice.com
ACG	acg.com
Sullivan Appraisal Co.	sullivanappraisals.com
Sullivan Appraisal Co.	sullivanappraisal.com
Proficient Appraisals	proficientappraisal.com
Proficient Appraisals	proficientappraisals.com
Apex Appraisals	apexappraisals.com
Apex Appraisals	apexappraisal.com
Swank Appraisals	swankappraisals.com
Swank Appraisals	swankappraisal.com
Melissa A. Tapia	melissaatapia.com
Taylor Appraisal Service	taylorappraisalervice.com
Taylor Appraisal Service	taylorappraisal.com
Taylor Appraisal Service	taylorappraisalservice.com
Bart A. Teracino	bartateracino.com
Paden Realty & Appraisals, Inc	padenrealtyandappraisals.com
Paden Realty & Appraisals, Inc	padenrealtyandappraisal.com
Tindell Appraisals	tindellappraisals.com
Tindell Appraisals	tindellappraisal.com
Appraisal One, LLC	appraisalone.com
Appraisal One, LLC	appraisalsone.com
Appraisal Associates of Jackson County, Inc.	appraisalassociatesofjacksoncounty.com
Appraisal Associates of Jackson County, Inc.	appraisalsassociatesofjacksoncounty.com
Tomlinson Appraisals	tomlinsonappraisal.com
Tomlinson Appraisals	tomlinsonappraisals.com
Jaggers & Associates Appraisals	jaggersandassociatesappraisal.com
Jaggers & Associates Appraisals	jaggersandassociatesappraisals.com
Nationwide Property & Appraisal Services	nationwidepropertyandappraisalervices.com
Nationwide Property & Appraisal Services	nationwidepropertyandappraisal.com
Nationwide Property & Appraisal Services	nationwidepropertyandappraisalservices.com
Tucker Appraisal, LLC	tuckerappraisal.com
Tucker Appraisal, LLC	tuckerappraisals.com
E. Turner Appraisal, LLC	eturnerappraisals.com
E. Turner Appraisal, LLC	eturnerappraisal.com
Turner Appraisals	turnerappraisals.com
Turner Appraisals	turnerappraisal.com
Monroe Turner	monroeturner.com
Titan Valuation	titanvaluation.com
Bank Independent	bankindependent.com
Underwood Appraisals, LLC	underwoodappraisal.com
Underwood Appraisals, LLC	underwoodappraisals.com
Coastal Appraisal Services	coastalappraisal.com
Coastal Appraisal Services	coastalappraisalservices.com
Coastal Appraisal Services	coastalappraisalervices.com
Valuation Risk Solutions, LLC	valuationrisksolutions.com
Vinyard Valuation Services	vinyardvaluation.com
Vinyard Valuation Services	vinyardvaluationservices.com
Zap Appraisals, LLC	zapappraisal.com
Zap Appraisals, LLC	zapappraisals.com
C Gaba Appraisals, LLC	cgabaappraisal.com
C Gaba Appraisals, LLC	cgabaappraisals.com
Wagner Appraisal Company	wagnerappraisal.com
Wagner Appraisal Company	wagnerappraisals.com
Druid City Appraisals, LLC	druidcityappraisals.com
Druid City Appraisals, LLC	druidcityappraisal.com
Metro Appraisals, LLC	metroappraisals.com
Metro Appraisals, LLC	metroappraisal.com
Walker Brothers Appraisals	walkerbrothersappraisal.com
Walker Brothers Appraisals	walkerbrothersappraisals.com
Walker Appraisal Services	walkerappraisalervices.com
Walker Appraisal Services	walkerappraisal.com
Walker Appraisal Services	walkerappraisalservices.com
Nathan Wallace Appraisals, LLC	nathanwallaceappraisal.com
Nathan Wallace Appraisals, LLC	nathanwallaceappraisals.com
Waller Appraisals	wallerappraisals.com
Waller Appraisals	wallerappraisal.com
Clay County Appraisal Services	claycountyappraisalervices.com
Clay County Appraisal Services	claycountyappraisalservices.com
Clay County Appraisal Services	claycountyappraisal.com
Crimson Way Appraisals	crimsonwayappraisal.com
Crimson Way Appraisals	crimsonwayappraisals.com
Weatherly Appraisal Services	weatherlyappraisal.com
Weatherly Appraisal Services	weatherlyappraisalervices.com
Weatherly Appraisal Services	weatherlyappraisalservices.com
Whatley Appraisal Ser.	whatleyappraisaler.com
Whatley Appraisal Ser.	whatleyappraisalser.com
Citiwide Appraisal Services	citiwideappraisal.com
Citiwide Appraisal Services	citiwideappraisalervices.com
Citiwide Appraisal Services	citiwideappraisalservices.com
George White Appraisals	georgewhiteappraisal.com
George White Appraisals	georgewhiteappraisals.com
JD White Appraisal	jdwhiteappraisals.com
JD White Appraisal	jdwhiteappraisal.com
Kristina White Appraisals, Inc.	kristinawhiteappraisal.com
Kristina White Appraisals, Inc.	kristinawhiteappraisals.com
Lisa M. White	lisamwhite.com
Whitten Appraisals, Inc.	whittenappraisal.com
Whitten Appraisals, Inc.	whittenappraisals.com
Whitten Appraisals	whittenappraisal.com
Whitten Appraisals	whittenappraisals.com
Widener Appraisal, Inc.	widenerappraisal.com
Widener Appraisal, Inc.	widenerappraisals.com
Watson Appraisals, Inc.	watsonappraisal.com
Watson Appraisals, Inc.	watsonappraisals.com
Appraisal Solutions & Properties, Inc.	appraisalolutionsandproperties.com
Appraisal Solutions & Properties, Inc.	appraisalsolutionsandproperties.com
Wilkinson Appraisal Service	wilkinsonappraisalervice.com
Wilkinson Appraisal Service	wilkinsonappraisalservice.com
Wilkinson Appraisal Service	wilkinsonappraisal.com
Cornerstone Appraisals LLC	cornerstoneappraisals.com
Cornerstone Appraisals LLC	cornerstoneappraisal.com
Williams & Williams	williamsandwilliams.com
Williams Appraisal, Inc.	williamsappraisals.com
Williams Appraisal, Inc.	williamsappraisal.com
Appraisal Services of the South	appraisalservicesofthesouth.com
Appraisal Services of the South	appraisalervicesofthesouth.com
Charlotte Williamson Appraisals	charlottewilliamsonappraisals.com
Charlotte Williamson Appraisals	charlottewilliamsonappraisal.com
Walker Appraisal Service	walkerappraisal.com
Walker Appraisal Service	walkerappraisalservice.com
Walker Appraisal Service	walkerappraisalervice.com
M.D. Bell Co., Inc.	mdbell.com
Wilson Appraisals, LLC	wilsonappraisals.com
Wilson Appraisals, LLC	wilsonappraisal.com
Wingard Appraisals	wingardappraisals.com
Wingard Appraisals	wingardappraisal.com
Wofford Appraisals	woffordappraisal.com
Wofford Appraisals	woffordappraisals.com
Eric Wolfe Appraisals, LLC	ericwolfeappraisal.com
Eric Wolfe Appraisals, LLC	ericwolfeappraisals.com
11A Incorporated	11a.com
Red Rock Appraisals, LLC	redrockappraisals.com
Red Rock Appraisals, LLC	redrockappraisal.com
Richard Wood Appraisal Service, Inc.	richardwoodappraisalservice.com
Richard Wood Appraisal Service, Inc.	richardwoodappraisal.com
Richard Wood Appraisal Service, Inc.	richardwoodappraisalervice.com
Woodall Agency	woodallagency.com
Applied Valuation Services, Inc.	appliedvaluation.com
Applied Valuation Services, Inc.	appliedvaluationservices.com
Wright Appraisals, LLC	wrightappraisals.com
Wright Appraisals, LLC	wrightappraisal.com
Pinnacle Appraisals, LLC	pinnacleappraisal.com
Pinnacle Appraisals, LLC	pinnacleappraisals.com
York Appraisal, LLC	yorkappraisal.com
York Appraisal, LLC	yorkappraisals.com
Charles Zanaty Appraisers, LLC	charleszanatyappraisers.com
Zielke & Associates, Inc.	zielkeandassociates.com
Zielke & Associates, Inc.	zielkeand.com
WINDSTONE APPRAISAL SVCE	windstoneappraisalsvce.com
WINDSTONE APPRAISAL SVCE	windstoneappraisalvce.com
Aaliyah Appriasals LLC	aaliyahappriasals.com
Aaron and Associates, Inc.	aaronand.com
Aaron and Associates, Inc.	aaronandassociates.com
Speedy Appraisals	speedyappraisals.com
Speedy Appraisals	speedyappraisal.com
Kwiqit	kwiqit.com
AO Appraisal Service	aoappraisalervice.com
AO Appraisal Service	aoappraisalservice.com
AO Appraisal Service	aoappraisal.com
Abbot Appraisal Services	abbotappraisal.com
Abbot Appraisal Services	abbotappraisalervices.com
Abbot Appraisal Services	abbotappraisalservices.com
The Appraisal Firm	theappraisalfirm.com
The Appraisal Firm	theappraisalsfirm.com
Transwest Realty	transwestrealty.com
Sally Abdelshahed	sallyabdelshahed.com
Elite Home Appraisals Inc	elitehomeappraisal.com
Elite Home Appraisals Inc	elitehomeappraisals.com
True Footage, Inc	truefootage.com
Superior Appraisal Services, Inc.	superiorappraisalservices.com
Superior Appraisal Services, Inc.	superiorappraisalervices.com
Superior Appraisal Services, Inc.	superiorappraisal.com
Independent Property Services	independentpropertyservices.com
Independent Property Services	independentproperty.com
Ranch and Coast Appraisals	ranchandcoastappraisal.com
Ranch and Coast Appraisals	ranchandcoastappraisals.com
PAVE Appraisal Solutions	paveappraisalsolutions.com
PAVE Appraisal Solutions	paveappraisalolutions.com
Christopher Adaimy	christopheradaimy.com
Joseph Adaimy	josephadaimy.com
BCA Appraisal	bcaappraisal.com
BCA Appraisal	bcaappraisals.com
Burt Adams Real Estate Appraisers	burtadamsrealestateappraisers.com
ABC Appraisals	abcappraisal.com
ABC Appraisals	abcappraisals.com
Dawn Adams	dawnadams.com
Migliorini & Associates	miglioriniand.com
Migliorini & Associates	miglioriniandassociates.com
Hannah Adams	hannahadams.com
Mark A. Adams	markaadams.com
SmartValuations, LLC	smartvaluations.com
Tyler Adams	tyleradams.com
AVS Appraisals	avsappraisal.com
AVS Appraisals	avsappraisals.com
Adams Appraisals	adamsappraisals.com
Adams Appraisals	adamsappraisal.com
Adams Appraisal 119	adamsappraisals119.com
Adams Appraisal 119	adamsappraisal119.com
Adcock & Associates	adcockandassociates.com
Adcock & Associates	adcockand.com
Adelman Appraisals, Inc.	adelmanappraisals.com
Adelman Appraisals, Inc.	adelmanappraisal.com
Bay Cities Appraisal Services	baycitiesappraisalervices.com
Bay Cities Appraisal Services	baycitiesappraisal.com
Bay Cities Appraisal Services	baycitiesappraisalservices.com
A2C Appraisals	a2cappraisal.com
A2C Appraisals	a2cappraisals.com
Agajani Appraisal	agajaniappraisals.com
Agajani Appraisal	agajaniappraisal.com
The Precision Group	theprecision.com
The Precision Group	theprecisiongroup.com
Jam Appraisals, Inc.	jamappraisal.com
Jam Appraisals, Inc.	jamappraisals.com
Plutuspeak Development	plutuspeakdevelopment.com
ATA Appraisal Services	ataappraisal.com
ATA Appraisal Services	ataappraisalervices.com
ATA Appraisal Services	ataappraisalservices.com
Team Appraisal LLC	teamappraisals.com
Team Appraisal LLC	teamappraisal.com
Peggy R. Aguirre	peggyraguirre.com
New American Funding	newamericanfunding.com
ASH Appraisal Company	ashappraisal.com
ASH Appraisal Company	ashappraisals.com
S.Aiello Appraisal Service	saielloappraisalservice.com
S.Aiello Appraisal Service	saielloappraisalervice.com
S.Aiello Appraisal Service	saielloappraisal.com
J. F. Aikens and Associates	jfaikensandassociates.com
J. F. Aikens and Associates	jfaikensand.com
Universal Valuations	universalvaluations.com
Quality Appraisal Solution & Services	qualityappraisalsolutionand.com
Quality Appraisal Solution & Services	qualityappraisalolutionandservices.com
Quality Appraisal Solution & Services	qualityappraisalsolutionandservices.com
First Choice Appraisal	firstchoiceappraisal.com
First Choice Appraisal	firstchoiceappraisals.com
Westside Property Appraisal	westsidepropertyappraisal.com
Westside Property Appraisal	westsidepropertyappraisals.com
Louie Alam	louiealam.com
Toby Albers	tobyalbers.com
Wells Fargo Bank N.A.	wellsfargobankna.com
Ruby Aldana-Bonite Appraisals	rubyaldanaboniteappraisals.com
Ruby Aldana-Bonite Appraisals	rubyaldanaboniteappraisal.com
Alderson Appraisal Company	aldersonappraisal.com
Alderson Appraisal Company	aldersonappraisals.com
Alexander Appraisal Services	alexanderappraisalservices.com
Alexander Appraisal Services	alexanderappraisal.com
Alexander Appraisal Services	alexanderappraisalervices.com
Hiram Alguire	hiramalguire.com
Ibrahim H. Ali	ibrahimhali.com
Alameda Appraisal	alamedaappraisal.com
Alameda Appraisal	alamedaappraisals.com
United Appraisal Services	unitedappraisal.com
United Appraisal Services	unitedappraisalervices.com
United Appraisal Services	unitedappraisalservices.com
Blue Pacific Appraisal Group	bluepacificappraisalgroup.com
Blue Pacific Appraisal Group	bluepacificappraisalsgroup.com
Blue Pacific Appraisal Group	bluepacificappraisal.com
J.R. Allen & Associates	jrallenand.com
J.R. Allen & Associates	jrallenandassociates.com
Annina Allen	anninaallen.com
Allen Valuation Services	allenvaluationservices.com
Allen Valuation Services	allenvaluation.com
Hale Ohana Group	haleohanagroup.com
Hale Ohana Group	haleohana.com
Allen's Property Appraisals, Inc.	allenspropertyappraisals.com
Allen's Property Appraisals, Inc.	allenspropertyappraisal.com
Circle A Valuation, LLC	circleavaluation.com
Allgaier & Associates	allgaierand.com
Allgaier & Associates	allgaierandassociates.com
Anderson Appraisal Services	andersonappraisalervices.com
Anderson Appraisal Services	andersonappraisal.com
Anderson Appraisal Services	andersonappraisalservices.com
Alonzo Group, Inc.	alonzo.com
Alonzo Group, Inc.	alonzogroup.com
Altamirano Appraisals	altamiranoappraisal.com
Altamirano Appraisals	altamiranoappraisals.com
GoAppraisal	goappraisal.com
GoAppraisal	goappraisals.com
First Choice Appraisals	firstchoiceappraisal.com
First Choice Appraisals	firstchoiceappraisals.com
DA Appraisals	daappraisal.com
DA Appraisals	daappraisals.com
Calculated Realty Solutions	calculatedrealtysolutions.com
AXOS Bank	axosbank.com
SoCal Values	socalvalues.com
MOMENTUM APPRAISAL SERVICE	momentumappraisalervice.com
MOMENTUM APPRAISAL SERVICE	momentumappraisal.com
MOMENTUM APPRAISAL SERVICE	momentumappraisalservice.com
Castle Associates, Inc.	castle.com
Castle Associates, Inc.	castleassociates.com
GreenWay Valuations	greenwayvaluations.com
Trina Ameral Appraisal Services	trinaameralappraisal.com
Trina Ameral Appraisal Services	trinaameralappraisalservices.com
Trina Ameral Appraisal Services	trinaameralappraisalervices.com
Patrick Ames	patrickames.com
Happy Appraisers	happyappraisers.com
Key Appraisal Services	keyappraisalservices.com
Key Appraisal Services	keyappraisalervices.com
Key Appraisal Services	keyappraisal.com
Melissa Amstein - Sovocool, RE Appraiser	melissaamsteinsovocoolreappraiser.com
San Francisco Bay Valuation Group	sanfranciscobayvaluationgroup.com
San Francisco Bay Valuation Group	sanfranciscobayvaluation.com
Anderson Appraisals, Inc.	andersonappraisals.com
Anderson Appraisals, Inc.	andersonappraisal.com
Prodigy Appraisal Services	prodigyappraisalservices.com
Prodigy Appraisal Services	prodigyappraisal.com
Prodigy Appraisal Services	prodigyappraisalervices.com
Anderson Appraisal	andersonappraisals.com
Anderson Appraisal	andersonappraisal.com
J Anderson Appraisal	jandersonappraisals.com
J Anderson Appraisal	jandersonappraisal.com
John D. Anderson	johndanderson.com
Endless Summer Appraisal	endlesssummerappraisal.com
Endless Summer Appraisal	endlesssummerappraisals.com
Andrade Appraisals	andradeappraisals.com
Andrade Appraisals	andradeappraisal.com
David J. Andre & Associates, Inc.	davidjandreandassociates.com
David J. Andre & Associates, Inc.	davidjandreand.com
Andreini Appraisal Service	andreiniappraisalservice.com
Andreini Appraisal Service	andreiniappraisal.com
Andreini Appraisal Service	andreiniappraisalervice.com
Julie Andrews Appraisals	julieandrewsappraisals.com
Julie Andrews Appraisals	julieandrewsappraisal.com
Fastapp AMC	fastappamc.com
Seaside Appraisal	seasideappraisals.com
Seaside Appraisal	seasideappraisal.com
James G. Andritch II	jamesgandritchii.com
Donald Andrues	donaldandrues.com
Lamdeas Appraisal Company	lamdeasappraisal.com
Lamdeas Appraisal Company	lamdeasappraisals.com
Denise Anspaugh Appraisals	deniseanspaughappraisals.com
Denise Anspaugh Appraisals	deniseanspaughappraisal.com
Antoni Appraisals	antoniappraisals.com
Antoni Appraisals	antoniappraisal.com
Aoyama	aoyama.com
Apple Appraisal Service	appleappraisal.com
Apple Appraisal Service	appleappraisalservice.com
Apple Appraisal Service	appleappraisalervice.com
Chaparral Appraisals	chaparralappraisals.com
Chaparral Appraisals	chaparralappraisal.com
West Coast Appraisal Group	westcoastappraisalgroup.com
West Coast Appraisal Group	westcoastappraisal.com
West Coast Appraisal Group	westcoastappraisalsgroup.com
Aranki Appraisal	arankiappraisals.com
Aranki Appraisal	arankiappraisal.com
Ali A. Arastu	aliaarastu.com
Flash Valuations Inc.	flashvaluations.com
MJA Appraisals Services, Inc	mjaappraisalservices.com
MJA Appraisals Services, Inc	mjaappraisalsservices.com
MJA Appraisals Services, Inc	mjaappraisals.com
Arias Appraisals, LLC	ariasappraisals.com
Arias Appraisals, LLC	ariasappraisal.com
Arias' Appraisal Services	ariasappraisalservices.com
Arias' Appraisal Services	ariasappraisalervices.com
Arias' Appraisal Services	ariasappraisal.com
Thomas Ariaz Real Estate Services	thomasariazrealestateservices.com
Thomas Ariaz Real Estate Services	thomasariazrealestate.com
Arioto Appraisal	ariotoappraisal.com
Arioto Appraisal	ariotoappraisals.com
311 N Robertson Blvd#425	311nrobertsonblvd425.com
Armell Appraisal Inc.	armellappraisals.com
Armell Appraisal Inc.	armellappraisal.com
Just Dwelling, Inc.	justdwelling.com
Class Valuation	classvaluation.com
Armstrong Appraisal, Inc.	armstrongappraisal.com
Armstrong Appraisal, Inc.	armstrongappraisals.com
Streamlinerea Inc.	streamlinerea.com
Aronson Real Estate Appraisal Services	aronsonrealestateappraisal.com
Aronson Real Estate Appraisal Services	aronsonrealestateappraisalservices.com
Aronson Real Estate Appraisal Services	aronsonrealestateappraisalervices.com
Santa Cruz Appraisal Factory	santacruzappraisalfactory.com
Santa Cruz Appraisal Factory	santacruzappraisalsfactory.com
Forward Appraisals	forwardappraisals.com
Forward Appraisals	forwardappraisal.com
ARSHAID BROTHERS LLC	arshaidbrothers.com
Arya Appraisal Services, Inc.	aryaappraisalervices.com
Arya Appraisal Services, Inc.	aryaappraisalservices.com
Arya Appraisal Services, Inc.	aryaappraisal.com
ASMC Appraiser	asmcappraiser.com
The Appraisal Management Group	theappraisalsmanagementgroup.com
The Appraisal Management Group	theappraisalmanagement.com
The Appraisal Management Group	theappraisalmanagementgroup.com
Ashjian & Co	ashjianand.com
Todd Ashley Appraisal	toddashleyappraisals.com
Todd Ashley Appraisal	toddashleyappraisal.com
Hemet Appraisers	hemetappraisers.com
Sharo Ashoorian & Associates	sharoashoorianandassociates.com
Sharo Ashoorian & Associates	sharoashoorianand.com
Evan Ashworth Appraisal Services	evanashworthappraisal.com
Evan Ashworth Appraisal Services	evanashworthappraisalervices.com
Evan Ashworth Appraisal Services	evanashworthappraisalservices.com
Ashworth Appraisal Services of Sutter Creek	ashworthappraisalervicesofsuttercreek.com
Ashworth Appraisal Services of Sutter Creek	ashworthappraisalservicesofsuttercreek.com
Ask Q Appraisals	askqappraisal.com
Ask Q Appraisals	askqappraisals.com
Atkins Group Appraisals	atkinsgroupappraisal.com
Atkins Group Appraisals	atkinsgroupappraisals.com
Austin Residential Appraisal	austinresidentialappraisals.com
Austin Residential Appraisal	austinresidentialappraisal.com
Channel Island Appraisals	channelislandappraisals.com
Channel Island Appraisals	channelislandappraisal.com
Ramond Real Estate	ramondrealestate.com
Elite Appraisals	eliteappraisals.com
Elite Appraisals	eliteappraisal.com
SCV, Inc.	scv.com
Avery Appraising	averyappraising.com
ABA Appraisal	abaappraisal.com
ABA Appraisal	abaappraisals.com
Pacific Coast Appraisal	pacificcoastappraisals.com
Pacific Coast Appraisal	pacificcoastappraisal.com
24/7 Appraisals, Inc.	247appraisals.com
24/7 Appraisals, Inc.	247appraisal.com
shirin azadi	shirinazadi.com
Real Estate Zhone, LLC	realestatezhone.com
Ace Appraisal Services, Inc.	aceappraisal.com
Ace Appraisal Services, Inc.	aceappraisalservices.com
Ace Appraisal Services, Inc.	aceappraisalervices.com
Demiana Pro Services Inc.	demianapro.com
Demiana Pro Services Inc.	demianaproservices.com
Socal Appraisal Services	socalappraisalservices.com
Socal Appraisal Services	socalappraisal.com
Socal Appraisal Services	socalappraisalervices.com
Babros & Associates, LLC	babrosandassociates.com
Babros & Associates, LLC	babrosand.com
Northern California Appraisal	northerncaliforniaappraisals.com
Northern California Appraisal	northerncaliforniaappraisal.com
A & A Services	aandaservices.com
A & A Services	aanda.com
Hannah Baer	hannahbaer.com
Nathan Baer	nathanbaer.com
EZ Appraising	ezappraising.com
L.B.Appraisal Inc. dba Cartwright Associates	lbappraisalsdbacartwrightassociates.com
L.B.Appraisal Inc. dba Cartwright Associates	lbappraisaldbacartwright.com
L.B.Appraisal Inc. dba Cartwright Associates	lbappraisaldbacartwrightassociates.com
Mike Bagheri	mikebagheri.com
Wayne C. Bahr	waynecbahr.com
Excel Appraisal Services	excelappraisalervices.com
Excel Appraisal Services	excelappraisal.com
Excel Appraisal Services	excelappraisalservices.com
Vanguard Valuations	vanguardvaluations.com
Hidden Creek Appraisal	hiddencreekappraisal.com
Hidden Creek Appraisal	hiddencreekappraisals.com
Appraisal Pros	appraisalspros.com
Appraisal Pros	appraisalpros.com
Classic Appraisal, Inc	classicappraisals.com
Classic Appraisal, Inc	classicappraisal.com
Inland West Appraisal	inlandwestappraisal.com
Inland West Appraisal	inlandwestappraisals.com
Advanced Appraisal Services	advancedappraisalservices.com
Advanced Appraisal Services	advancedappraisal.com
Advanced Appraisal Services	advancedappraisalervices.com
JPMC	jpmc.com
JP Morgan Chase	jpmorganchase.com
Chris Basler Appraisals Inc	chrisbaslerappraisals.com
Chris Basler Appraisals Inc	chrisbaslerappraisal.com
Bakke Appraisals	bakkeappraisals.com
Bakke Appraisals	bakkeappraisal.com
Alpha Valuation	alphavaluation.com
Baldini Appraisal Services	baldiniappraisal.com
Baldini Appraisal Services	baldiniappraisalservices.com
Baldini Appraisal Services	baldiniappraisalervices.com
Baldino R.E. Services	baldinore.com
Baldino R.E. Services	baldinoreservices.com
Joseph P. Baldino, Real Estate Appraiser	josephpbaldinorealestateappraiser.com
D.H. Ball Appraisal	dhballappraisals.com
D.H. Ball Appraisal	dhballappraisal.com
GMB Appraisals	gmbappraisal.com
GMB Appraisals	gmbappraisals.com
GLENN BALL APPRAISAL	glennballappraisals.com
GLENN BALL APPRAISAL	glennballappraisal.com
Allied Appraisals	alliedappraisals.com
Allied Appraisals	alliedappraisal.com
A & M Appraisals	aandmappraisals.com
A & M Appraisals	aandmappraisal.com
Kidwell  Appraisals	kidwellappraisal.com
Kidwell  Appraisals	kidwellappraisals.com
Bamish Appraisal Services	bamishappraisal.com
Bamish Appraisal Services	bamishappraisalervices.com
Bamish Appraisal Services	bamishappraisalservices.com
Romard Real Estate	romardrealestate.com
Go Appraisals LLC	goappraisal.com
Go Appraisals LLC	goappraisals.com
Appraisal Elements / Farzad Banifatemi	appraisalelementsfarzadbanifatemi.com
Appraisal Elements / Farzad Banifatemi	appraisalselementsfarzadbanifatemi.com
Lamarr Curtis Banks-Certified Appraiser	lamarrcurtisbankscertifiedappraiser.com
Lee Banks and Associates	leebanksand.com
Lee Banks and Associates	leebanksandassociates.com
GValue Appraisal Services LLC	gvalueappraisalservices.com
GValue Appraisal Services LLC	gvalueappraisal.com
GValue Appraisal Services LLC	gvalueappraisalervices.com
RSB Investments	rsbinvestments.com
Swift Residential Appraisal	swiftresidentialappraisal.com
Swift Residential Appraisal	swiftresidentialappraisals.com
EBC Appraisals Inc.	ebcappraisal.com
EBC Appraisals Inc.	ebcappraisals.com
Real Estate Network	realestatenetwork.com
Barcells & Associates	barcellsandassociates.com
Barcells & Associates	barcellsand.com
Bard Appraisal Services	bardappraisal.com
Bard Appraisal Services	bardappraisalservices.com
Bard Appraisal Services	bardappraisalervices.com
Del Lago Group	dellago.com
Del Lago Group	dellagogroup.com
Michael Barker Appraisals	michaelbarkerappraisal.com
Michael Barker Appraisals	michaelbarkerappraisals.com
SWB Appraisals, LLC	swbappraisal.com
SWB Appraisals, LLC	swbappraisals.com
Barnard & Associates	barnardand.com
Barnard & Associates	barnardandassociates.com
Barnard Appraisals	barnardappraisal.com
Barnard Appraisals	barnardappraisals.com
Barnard and Associates	barnardand.com
Barnard and Associates	barnardandassociates.com
Paragon Appraisal Group	paragonappraisalsgroup.com
Paragon Appraisal Group	paragonappraisal.com
Paragon Appraisal Group	paragonappraisalgroup.com
Barnett Appraisals	barnettappraisal.com
Barnett Appraisals	barnettappraisals.com
SCV Appraisal Service	scvappraisal.com
SCV Appraisal Service	scvappraisalervice.com
SCV Appraisal Service	scvappraisalservice.com
Gregory Barrett	gregorybarrett.com
CENTRAL VALLEY APPRAISAL	centralvalleyappraisals.com
CENTRAL VALLEY APPRAISAL	centralvalleyappraisal.com
Bartlett Appraisal	bartlettappraisal.com
Bartlett Appraisal	bartlettappraisals.com
TRBD INC.	trbd.com
CIT Bank	citbank.com
Sierra Home Appraisers	sierrahomeappraisers.com
Bass Appraisal Services	bassappraisalservices.com
Bass Appraisal Services	bassappraisalervices.com
Bass Appraisal Services	bassappraisal.com
Straw Hat Enterprises, Inc.	strawhatenterprises.com
Stephanie Bassmann	stephaniebassmann.com
SDB Real Estate Appraisal Services	sdbrealestateappraisal.com
SDB Real Estate Appraisal Services	sdbrealestateappraisalervices.com
SDB Real Estate Appraisal Services	sdbrealestateappraisalservices.com
Jacqueline E. Battisti	jacquelineebattisti.com
Accurate Appraisal	accurateappraisal.com
Accurate Appraisal	accurateappraisals.com
JB Residential Valuations Services	jbresidentialvaluations.com
JB Residential Valuations Services	jbresidentialvaluationsservices.com
True Footage, Inc.	truefootage.com
Baxter Appraisal	baxterappraisals.com
Baxter Appraisal	baxterappraisal.com
Baxter Appraisals	baxterappraisals.com
Baxter Appraisals	baxterappraisal.com
Jonathan A. Baynes	jonathanabaynes.com
Mike Baz Appraisal	mikebazappraisals.com
Mike Baz Appraisal	mikebazappraisal.com
David Jasso, SCREA	davidjassoscrea.com
ML Beach Appraisal	mlbeachappraisals.com
ML Beach Appraisal	mlbeachappraisal.com
AMWest Valuations	amwestvaluations.com
Beall Appraisal Company	beallappraisals.com
Beall Appraisal Company	beallappraisal.com
Robert C. Beamon Appraisal Service, Inc.	robertcbeamonappraisalervice.com
Robert C. Beamon Appraisal Service, Inc.	robertcbeamonappraisalservice.com
Robert C. Beamon Appraisal Service, Inc.	robertcbeamonappraisal.com
Golden State Appraisal	goldenstateappraisals.com
Golden State Appraisal	goldenstateappraisal.com
Beasley Appraisals	beasleyappraisal.com
Beasley Appraisals	beasleyappraisals.com
U.S. Department of Housing and Urban Development	usdepartmentofhousingandurbandevelopment.com
The William Fall Group	thewilliamfall.com
The William Fall Group	thewilliamfallgroup.com
The Appraisal Centre	theappraisalcentre.com
The Appraisal Centre	theappraisalscentre.com
Beaulieu & Associates	beaulieuand.com
Beaulieu & Associates	beaulieuandassociates.com
L.R. Becht & Associates	lrbechtand.com
L.R. Becht & Associates	lrbechtandassociates.com
Acumen Appraisals LLC	acumenappraisals.com
Acumen Appraisals LLC	acumenappraisal.com
Guy Beck	guybeck.com
Acumen Appraisals	acumenappraisals.com
Acumen Appraisals	acumenappraisal.com
Becker Appraisal Services	beckerappraisalservices.com
Becker Appraisal Services	beckerappraisal.com
Becker Appraisal Services	beckerappraisalervices.com
Beeman Appraisals	beemanappraisal.com
Beeman Appraisals	beemanappraisals.com
Appraisal Results	appraisalresults.com
Appraisal Results	appraisalsresults.com
James Beggs	jamesbeggs.com
Jason Beier Appraisals	jasonbeierappraisal.com
Jason Beier Appraisals	jasonbeierappraisals.com
Sunglow Appraisals	sunglowappraisals.com
Sunglow Appraisals	sunglowappraisal.com
Precision Appraisal Group	precisionappraisalgroup.com
Precision Appraisal Group	precisionappraisal.com
Precision Appraisal Group	precisionappraisalsgroup.com
MCB Valuation Inc.	mcbvaluation.com
Charles V. Belisle	charlesvbelisle.com
Bell Appraisal	bellappraisals.com
Bell Appraisal	bellappraisal.com
Paul Bellar Appraisals	paulbellarappraisal.com
Paul Bellar Appraisals	paulbellarappraisals.com
Kenneth John Bellew	kennethjohnbellew.com
Bureau of Real Estate Appraisers	bureauofrealestateappraisers.com
D&A Consulting LLC	dandaconsulting.com
LEB Appraisal	lebappraisals.com
LEB Appraisal	lebappraisal.com
City Appraisal Services	cityappraisal.com
City Appraisal Services	cityappraisalservices.com
City Appraisal Services	cityappraisalervices.com
Pacific Valuations	pacificvaluations.com
Benesh Appraisal Service	beneshappraisal.com
Benesh Appraisal Service	beneshappraisalervice.com
Benesh Appraisal Service	beneshappraisalservice.com
Benjamin Real Estate Appraisal	benjaminrealestateappraisal.com
Benjamin Real Estate Appraisal	benjaminrealestateappraisals.com
Brian Bennett Appraisals	brianbennettappraisals.com
Brian Bennett Appraisals	brianbennettappraisal.com
CW Page & Associates	cwpageandassociates.com
CW Page & Associates	cwpageand.com
The Bentley Group, LLC	thebentleygroup.com
The Bentley Group, LLC	thebentley.com
Valuation Matters Appraisal	valuationmattersappraisals.com
Valuation Matters Appraisal	valuationmattersappraisal.com
Dikran Berberain Appraisal, Inc.	dikranberberainappraisals.com
Dikran Berberain Appraisal, Inc.	dikranberberainappraisal.com
DLB & Associates Real Estate Appraisers	dlbandassociatesrealestateappraisers.com
www.bergecompany.com	wwwbergecompanycom.com
Berger Real Property Consulting	bergerrealpropertyconsulting.com
Peter J. Berger	peterjberger.com
Curtis-Rosenthal, Inc.	curtisrosenthal.com
Brian Bernedo, Inc	brianbernedo.com
Elisabeth Bernhart Appraiser	elisabethbernhartappraiser.com
RSP Real Estate Appraisals	rsprealestateappraisal.com
RSP Real Estate Appraisals	rsprealestateappraisals.com
Appraisal Group	appraisal.com
Appraisal Group	appraisalsgroup.com
Appraisal Group	appraisalgroup.com
Pathway Appraisals	pathwayappraisals.com
Pathway Appraisals	pathwayappraisal.com
Cal Pro Appraisals	calproappraisal.com
Cal Pro Appraisals	calproappraisals.com
Besen Appraisal Services	besenappraisal.com
Besen Appraisal Services	besenappraisalervices.com
Besen Appraisal Services	besenappraisalservices.com
Accu-Search Appraisal Services	accusearchappraisal.com
Accu-Search Appraisal Services	accusearchappraisalervices.com
Accu-Search Appraisal Services	accusearchappraisalservices.com
Salvatore Appraisal Services	salvatoreappraisalservices.com
Salvatore Appraisal Services	salvatoreappraisal.com
Salvatore Appraisal Services	salvatoreappraisalervices.com
Bettencourt Appraisal	bettencourtappraisals.com
Bettencourt Appraisal	bettencourtappraisal.com
Betts Appraisal Services	bettsappraisal.com
Betts Appraisal Services	bettsappraisalervices.com
Betts Appraisal Services	bettsappraisalservices.com
Robert Beverley	robertbeverley.com
Rebecca Beverly	rebeccabeverly.com
Cal Coast Appraisal, Inc.	calcoastappraisals.com
Cal Coast Appraisal, Inc.	calcoastappraisal.com
Bay Cities Appraisal	baycitiesappraisals.com
Bay Cities Appraisal	baycitiesappraisal.com
Christopher E. Bianchi	christopherebianchi.com
Brett Bickel	brettbickel.com
Thomas Appraisals	thomasappraisals.com
Thomas Appraisals	thomasappraisal.com
Brian Bickhart Appraisals	brianbickhartappraisal.com
Brian Bickhart Appraisals	brianbickhartappraisals.com
BIEN APPRAISERS	bienappraisers.com
Bigger Appraisal Service	biggerappraisal.com
Bigger Appraisal Service	biggerappraisalervice.com
Bigger Appraisal Service	biggerappraisalservice.com
George Bill Appraisals	georgebillappraisals.com
George Bill Appraisals	georgebillappraisal.com
Justin Bill Appraisals	justinbillappraisals.com
Justin Bill Appraisals	justinbillappraisal.com
Kara Bill Appraisals	karabillappraisals.com
Kara Bill Appraisals	karabillappraisal.com
GWB and Associates	gwbandassociates.com
GWB and Associates	gwband.com
DB Appraisal Services	dbappraisalservices.com
DB Appraisal Services	dbappraisal.com
DB Appraisal Services	dbappraisalervices.com
Jessica Castile	jessicacastile.com
Abacus Appraisal	abacusappraisal.com
Abacus Appraisal	abacusappraisals.com
Pacific Edge Appraisals	pacificedgeappraisals.com
Pacific Edge Appraisals	pacificedgeappraisal.com
5446 Management LLC	5446management.com
Robin Bivona	robinbivona.com
James Black Appraisals	jamesblackappraisals.com
James Black Appraisals	jamesblackappraisal.com
Laurie D. Black & Associates	lauriedblackand.com
Laurie D. Black & Associates	lauriedblackandassociates.com
LBN Appraisal Service LLC	lbnappraisal.com
LBN Appraisal Service LLC	lbnappraisalservice.com
LBN Appraisal Service LLC	lbnappraisalervice.com
LBN Appraisal Service	lbnappraisal.com
LBN Appraisal Service	lbnappraisalservice.com
LBN Appraisal Service	lbnappraisalervice.com
SJC Appraisal	sjcappraisal.com
SJC Appraisal	sjcappraisals.com
Blackmon & Associates	blackmonandassociates.com
Blackmon & Associates	blackmonand.com
John Blair Appraisals	johnblairappraisal.com
John Blair Appraisals	johnblairappraisals.com
Justin Thomas Appraisals	justinthomasappraisals.com
Justin Thomas Appraisals	justinthomasappraisal.com
Blakeley Appraisal Services, LLC	blakeleyappraisal.com
Blakeley Appraisal Services, LLC	blakeleyappraisalervices.com
Blakeley Appraisal Services, LLC	blakeleyappraisalservices.com
Brian C. Blaker Appraisal	briancblakerappraisal.com
Brian C. Blaker Appraisal	briancblakerappraisals.com
Residential Appraisal Services	residentialappraisalervices.com
Residential Appraisal Services	residentialappraisalservices.com
Residential Appraisal Services	residentialappraisal.com
Sidney Blee, Certified Residential Appraiser	sidneybleecertifiedresidentialappraiser.com
C Blevins	cblevins.com
Gina Blizard Appraisal	ginablizardappraisals.com
Gina Blizard Appraisal	ginablizardappraisal.com
Karen Bloem Appraisals	karenbloemappraisals.com
Karen Bloem Appraisals	karenbloemappraisal.com
Diana Bluhm	dianabluhm.com
Blumberg Appraisal	blumbergappraisal.com
Blumberg Appraisal	blumbergappraisals.com
Kofi  S Boateng	kofisboateng.com
Property Sciences	propertysciences.com
JPMorgan Chase	jpmorganchase.com
William Boetger	williamboetger.com
Fast Appraisal Services	fastappraisalservices.com
Fast Appraisal Services	fastappraisal.com
Fast Appraisal Services	fastappraisalervices.com
Axis Valuation Services	axisvaluationservices.com
Axis Valuation Services	axisvaluation.com
Paige Boles	paigeboles.com
Nicholson & Company	nicholsonand.com
Wells Fargo REVS	wellsfargorevs.com
Wesley Bolser Appraisals	wesleybolserappraisal.com
Wesley Bolser Appraisals	wesleybolserappraisals.com
Bolton Appraisal Services	boltonappraisalservices.com
Bolton Appraisal Services	boltonappraisal.com
Bolton Appraisal Services	boltonappraisalervices.com
JAAB Ventures, Inc.	jaabventures.com
The Appraisal School, Inc.	theappraisalschool.com
The Appraisal School, Inc.	theappraisalchool.com
E. Bonham Appraisal Services	ebonhamappraisalservices.com
E. Bonham Appraisal Services	ebonhamappraisalervices.com
E. Bonham Appraisal Services	ebonhamappraisal.com
American Appraisal	americanappraisal.com
American Appraisal	americanappraisals.com
Rubin J. Bonite	rubinjbonite.com
The Bonnell Group	thebonnell.com
The Bonnell Group	thebonnellgroup.com
AFH Appraisals LLC	afhappraisals.com
AFH Appraisals LLC	afhappraisal.com
Royal Appraisal	royalappraisals.com
Royal Appraisal	royalappraisal.com
Borges Appraisals, Inc.	borgesappraisals.com
Borges Appraisals, Inc.	borgesappraisal.com
Home Sweet Home Appraisals	homesweethomeappraisal.com
Home Sweet Home Appraisals	homesweethomeappraisals.com
US Dept. of HUD	usdeptofhud.com
Paul Borra Appraisals	paulborraappraisals.com
Paul Borra Appraisals	paulborraappraisal.com
PB Appraisals	pbappraisals.com
PB Appraisals	pbappraisal.com
Nadia Borrego	nadiaborrego.com
CK Appraisals	ckappraisals.com
CK Appraisals	ckappraisal.com
Jeffrey A. Borsuk	jeffreyaborsuk.com
Bose Appraisal Services	boseappraisal.com
Bose Appraisal Services	boseappraisalservices.com
Bose Appraisal Services	boseappraisalervices.com
Bosworth Appraisals	bosworthappraisal.com
Bosworth Appraisals	bosworthappraisals.com
M.B.A. Real Estate Appraisal	mbarealestateappraisals.com
M.B.A. Real Estate Appraisal	mbarealestateappraisal.com
Riley Boudreaux, DBA	rileyboudreauxdba.com
BZ Appraisers, Inc.	bzappraisers.com
CBA Real Estate Appraisal, Inc.	cbarealestateappraisals.com
CBA Real Estate Appraisal, Inc.	cbarealestateappraisal.com
Bowers Real Estate & Appraisal Services	bowersrealestateandappraisal.com
Bowers Real Estate & Appraisal Services	bowersrealestateandappraisalervices.com
Bowers Real Estate & Appraisal Services	bowersrealestateandappraisalservices.com
San Diego Real Estate Appraisal	sandiegorealestateappraisals.com
San Diego Real Estate Appraisal	sandiegorealestateappraisal.com
Bowman & Associates	bowmanandassociates.com
Bowman & Associates	bowmanand.com
Amplified Appraisal Group	amplifiedappraisalsgroup.com
Amplified Appraisal Group	amplifiedappraisalgroup.com
Amplified Appraisal Group	amplifiedappraisal.com
Boyd Appraisal	boydappraisals.com
Boyd Appraisal	boydappraisal.com
Santa Barbara Appraisal	santabarbaraappraisal.com
Santa Barbara Appraisal	santabarbaraappraisals.com
Timberline Appraisal	timberlineappraisal.com
Timberline Appraisal	timberlineappraisals.com
Boyle Appraisal	boyleappraisals.com
Boyle Appraisal	boyleappraisal.com
Boyle Real Estate Appraisals	boylerealestateappraisals.com
Boyle Real Estate Appraisals	boylerealestateappraisal.com
RFC Appraisal Group	rfcappraisalsgroup.com
RFC Appraisal Group	rfcappraisal.com
RFC Appraisal Group	rfcappraisalgroup.com
Macpherson Appraisals	macphersonappraisals.com
Macpherson Appraisals	macphersonappraisal.com
Bradbury Appraisal Service, Inc.	bradburyappraisal.com
Bradbury Appraisal Service, Inc.	bradburyappraisalervice.com
Bradbury Appraisal Service, Inc.	bradburyappraisalservice.com
Braden Appraisals	bradenappraisals.com
Braden Appraisals	bradenappraisal.com
TB Appraisals	tbappraisal.com
TB Appraisals	tbappraisals.com
Bradley & Associates	bradleyand.com
Bradley & Associates	bradleyandassociates.com
Mark E. Bradley Appraisal Service	markebradleyappraisalservice.com
Mark E. Bradley Appraisal Service	markebradleyappraisal.com
Mark E. Bradley Appraisal Service	markebradleyappraisalervice.com
Dan Brandlin Appraisals	danbrandlinappraisal.com
Dan Brandlin Appraisals	danbrandlinappraisals.com
Brandlin Appraisal Inc.	brandlinappraisal.com
Brandlin Appraisal Inc.	brandlinappraisals.com
City National Bank	citynationalbank.com
California Appraisal & Review	californiaappraisalandreview.com
California Appraisal & Review	californiaappraisalsandreview.com
R & F Appraisal, LLC	randfappraisals.com
R & F Appraisal, LLC	randfappraisal.com
Bonazza Appraisals, LLC	bonazzaappraisal.com
Bonazza Appraisals, LLC	bonazzaappraisals.com
BMO	bmo.com
Daniel R. Brauning, SRA, AI-RRS	danielrbrauningsraairrs.com
Allan E. Bredice	allanebredice.com
Carolyn D. Breeding Real Estate Appraisals	carolyndbreedingrealestateappraisal.com
Carolyn D. Breeding Real Estate Appraisals	carolyndbreedingrealestateappraisals.com
Breis Appraisals	breisappraisals.com
Breis Appraisals	breisappraisal.com
Brems Appraisal	bremsappraisal.com
Brems Appraisal	bremsappraisals.com
Brickhouse Appraisals	brickhouseappraisals.com
Brickhouse Appraisals	brickhouseappraisal.com
Bricker Appraisals, LLC	brickerappraisal.com
Bricker Appraisals, LLC	brickerappraisals.com
Rego Appraisal Services	regoappraisalervices.com
Rego Appraisal Services	regoappraisalservices.com
Rego Appraisal Services	regoappraisal.com
Oaks Appraisal Services	oaksappraisalservices.com
Oaks Appraisal Services	oaksappraisal.com
Oaks Appraisal Services	oaksappraisalervices.com
Brinkman Appraisal Services	brinkmanappraisalservices.com
Brinkman Appraisal Services	brinkmanappraisal.com
Brinkman Appraisal Services	brinkmanappraisalervices.com
Britton Appraisal	brittonappraisal.com
Britton Appraisal	brittonappraisals.com
Integrity Appraisal	integrityappraisals.com
Integrity Appraisal	integrityappraisal.com
Wels Fargo Bank	welsfargobank.com
Bronson Appraisals	bronsonappraisal.com
Bronson Appraisals	bronsonappraisals.com
Sonlite Appraisal Service	sonliteappraisalervice.com
Sonlite Appraisal Service	sonliteappraisal.com
Sonlite Appraisal Service	sonliteappraisalservice.com
Property Sciences Group	propertysciences.com
Property Sciences Group	propertysciencesgroup.com
Brown & Group Appraisal Service, Inc.	brownandgroupappraisalervice.com
Brown & Group Appraisal Service, Inc.	brownandgroupappraisalservice.com
Brown & Group Appraisal Service, Inc.	brownandgroupappraisal.com
Appraisal Authority LLC	appraisalsauthority.com
Appraisal Authority LLC	appraisalauthority.com
Valuable Appraisal	valuableappraisal.com
Valuable Appraisal	valuableappraisals.com
Brown Appraisal Services	brownappraisalservices.com
Brown Appraisal Services	brownappraisal.com
Brown Appraisal Services	brownappraisalervices.com
Robin L. Brown Appraiser	robinlbrownappraiser.com
Ronald S. Brown & Associates	ronaldsbrownandassociates.com
Ronald S. Brown & Associates	ronaldsbrownand.com
Viewpoint Appraisal	viewpointappraisal.com
Viewpoint Appraisal	viewpointappraisals.com
Browning Appraisal Service	browningappraisalservice.com
Browning Appraisal Service	browningappraisalervice.com
Browning Appraisal Service	browningappraisal.com
Redwood Appraisals	redwoodappraisal.com
Redwood Appraisals	redwoodappraisals.com
Brubaker & Associates	brubakerandassociates.com
Brubaker & Associates	brubakerand.com
Brubaker Real Estate	brubakerrealestate.com
Larry Brumm, Real Estate Appraiser	larrybrummrealestateappraiser.com
Pacific Home Appraisal Inc.	pacifichomeappraisal.com
Pacific Home Appraisal Inc.	pacifichomeappraisals.com
Raquel Dyan Brunner	raqueldyanbrunner.com
Charles A. Brunton Appraisals	charlesabruntonappraisal.com
Charles A. Brunton Appraisals	charlesabruntonappraisals.com
Advanced Appraisals, Inc.	advancedappraisals.com
Advanced Appraisals, Inc.	advancedappraisal.com
William C. Brush	williamcbrush.com
AZB Appraisals	azbappraisals.com
AZB Appraisals	azbappraisal.com
Dana Bryan	danabryan.com
Comp 1 Real Estate Appraisal	comp1realestateappraisals.com
Comp 1 Real Estate Appraisal	comp1realestateappraisal.com
Bryant Property Profile	bryantpropertyprofile.com
Bryant Property Valuation	bryantpropertyvaluation.com
Chase	chase.com
MJB Appraisal	mjbappraisals.com
MJB Appraisal	mjbappraisal.com
Cambridge Appraisal	cambridgeappraisal.com
Cambridge Appraisal	cambridgeappraisals.com
Perfection Services	perfectionservices.com
Perfection Services	perfection.com
Jensen & Associates, Inc.	jensenand.com
Jensen & Associates, Inc.	jensenandassociates.com
Platinum Appraisal Services	platinumappraisalervices.com
Platinum Appraisal Services	platinumappraisal.com
Platinum Appraisal Services	platinumappraisalservices.com
James Bui	jamesbui.com
Tiburon Appraisal & Valuation Service	tiburonappraisalandvaluation.com
Tiburon Appraisal & Valuation Service	tiburonappraisalsandvaluationservice.com
Tiburon Appraisal & Valuation Service	tiburonappraisalandvaluationservice.com
Danklefs Appraisal	danklefsappraisals.com
Danklefs Appraisal	danklefsappraisal.com
THT Appraisal Service	thtappraisalservice.com
THT Appraisal Service	thtappraisal.com
THT Appraisal Service	thtappraisalervice.com
NCC Appraisal Services	nccappraisalervices.com
NCC Appraisal Services	nccappraisal.com
NCC Appraisal Services	nccappraisalservices.com
Independent Appraisal	independentappraisals.com
Independent Appraisal	independentappraisal.com
J. Bunch Appraisal Co.	jbunchappraisal.com
J. Bunch Appraisal Co.	jbunchappraisals.com
Advantage Appraisals, Inc.	advantageappraisals.com
Advantage Appraisals, Inc.	advantageappraisal.com
Burdick Real Estate Appraisal	burdickrealestateappraisal.com
Burdick Real Estate Appraisal	burdickrealestateappraisals.com
Chase Burk Real Estate Ent.dba KB Appraisal Services	chaseburkrealestateentdbakbappraisalervices.com
Chase Burk Real Estate Ent.dba KB Appraisal Services	chaseburkrealestateentdbakbappraisal.com
Burke's Appraisals, LLC	burkesappraisal.com
Burke's Appraisals, LLC	burkesappraisals.com
New West Appraisals	newwestappraisal.com
New West Appraisals	newwestappraisals.com
Appraisal Solution	appraisalolution.com
Appraisal Solution	appraisalsolution.com
Appraise All Property	appraiseallproperty.com
Tina Burks	tinaburks.com
Burness Property Services	burnesspropertyservices.com
Burness Property Services	burnessproperty.com
Valued Right Appraisal	valuedrightappraisals.com
Valued Right Appraisal	valuedrightappraisal.com
Burnley & Associates	burnleyandassociates.com
Burnley & Associates	burnleyand.com
Sonia Burns Appraisals	soniaburnsappraisal.com
Sonia Burns Appraisals	soniaburnsappraisals.com
RSDS Valuations, LLC	rsdsvaluations.com
Ameriwest Appraisal Service	ameriwestappraisalervice.com
Ameriwest Appraisal Service	ameriwestappraisalservice.com
Ameriwest Appraisal Service	ameriwestappraisal.com
Real Estate Valuation Service	realestatevaluationservice.com
Real Estate Valuation Service	realestatevaluation.com
Frederic Street Appraisals	fredericstreetappraisal.com
Frederic Street Appraisals	fredericstreetappraisals.com
Burton & Company	burtonand.com
P. Butler & Company	pbutlerand.com
A 1 Appraisal Service. LLC	a1appraisalervice.com
A 1 Appraisal Service. LLC	a1appraisal.com
A 1 Appraisal Service. LLC	a1appraisalservice.com
Anderson-Buysse Appraisals	andersonbuysseappraisal.com
Anderson-Buysse Appraisals	andersonbuysseappraisals.com
Anderson Buysse Appraisal	andersonbuysseappraisals.com
Anderson Buysse Appraisal	andersonbuysseappraisal.com
Ascribe, a Division of Trident	ascribeadivisionoftrident.com
Dawn Bylsma	dawnbylsma.com
Cal Coast Appraisals	calcoastappraisals.com
Cal Coast Appraisals	calcoastappraisal.com
Southern California Appraisals	southerncaliforniaappraisal.com
Southern California Appraisals	southerncaliforniaappraisals.com
Alan Caisse	alancaisse.com
Cameron Calabrese	cameroncalabrese.com
All Points Appraisal	allpointsappraisal.com
All Points Appraisal	allpointsappraisals.com
SLC Appraisal Service	slcappraisalervice.com
SLC Appraisal Service	slcappraisalservice.com
SLC Appraisal Service	slcappraisal.com
Calkin Real Estate Services, Inc.	calkinrealestateservices.com
Calkin Real Estate Services, Inc.	calkinrealestate.com
Cambra & Associates Appraisal	cambraandassociatesappraisal.com
Cambra & Associates Appraisal	cambraandassociatesappraisals.com
Coast Real Estate Services	coastrealestate.com
Coast Real Estate Services	coastrealestateservices.com
Pacific Appraising	pacificappraising.com
Jeff Campbell	jeffcampbell.com
Coast Home Appraisal	coasthomeappraisals.com
Coast Home Appraisal	coasthomeappraisal.com
DFC Appraisal	dfcappraisals.com
DFC Appraisal	dfcappraisal.com
San Diego Appraisal Service	sandiegoappraisalservice.com
San Diego Appraisal Service	sandiegoappraisalervice.com
San Diego Appraisal Service	sandiegoappraisal.com
BSC Appraisal	bscappraisal.com
BSC Appraisal	bscappraisals.com
Malibu Appraisal	malibuappraisal.com
Malibu Appraisal	malibuappraisals.com
Mariateresa V. Canosa	mariateresavcanosa.com
Cantwell Appraisals	cantwellappraisals.com
Cantwell Appraisals	cantwellappraisal.com
Harold Canum's Appraisal Resource	haroldcanumsappraisalresource.com
Harold Canum's Appraisal Resource	haroldcanumsappraisalsresource.com
Pentstar Appraisals, Corp.	pentstarappraisal.com
Pentstar Appraisals, Corp.	pentstarappraisals.com
PentStar Appraisal	pentstarappraisal.com
PentStar Appraisal	pentstarappraisals.com
Appraisal Concept Services	appraisalsconceptservices.com
Appraisal Concept Services	appraisalconceptservices.com
Appraisal Concept Services	appraisalconcept.com
Yeti Appraisals	yetiappraisals.com
Yeti Appraisals	yetiappraisal.com
Donato Capponi	donatocapponi.com
Streamline REA, Inc.	streamlinerea.com
Innovative Appraisal Solutions, Inc.	innovativeappraisalolutions.com
Innovative Appraisal Solutions, Inc.	innovativeappraisalsolutions.com
Michael Cardinalli Appraisals	michaelcardinalliappraisal.com
Michael Cardinalli Appraisals	michaelcardinalliappraisals.com
Carey & Associates	careyand.com
Carey & Associates	careyandassociates.com
Kevin J Carll	kevinjcarll.com
Jacquelynne A. Carlson	jacquelynneacarlson.com
James P. Carlson	jamespcarlson.com
John T. Carlson, Real Estate Appraiser	johntcarlsonrealestateappraiser.com
K. M.  Carlson & Associates	kmcarlsonand.com
K. M.  Carlson & Associates	kmcarlsonandassociates.com
Sherry Carlson	sherrycarlson.com
APC Appraisal Services	apcappraisal.com
APC Appraisal Services	apcappraisalservices.com
APC Appraisal Services	apcappraisalervices.com
Roadrunner Appraisal Service	roadrunnerappraisalservice.com
Roadrunner Appraisal Service	roadrunnerappraisalervice.com
Roadrunner Appraisal Service	roadrunnerappraisal.com
Appraisal Max	appraisalmax.com
Appraisal Max	appraisalsmax.com
Joe Carr, Appraiser	joecarrappraiser.com
Equity Appraisal Research	equityappraisalsresearch.com
Equity Appraisal Research	equityappraisalresearch.com
Light and Easy Group	lightandeasy.com
Light and Easy Group	lightandeasygroup.com
The Appraisal Group - Southern California	theappraisalsgroupsoutherncalifornia.com
The Appraisal Group - Southern California	theappraisalgroupsoutherncalifornia.com
Quantify Appraisal Services, LLC	quantifyappraisal.com
Quantify Appraisal Services, LLC	quantifyappraisalervices.com
Quantify Appraisal Services, LLC	quantifyappraisalservices.com
Velocity Mortgage Capital	velocitymortgagecapital.com
Carson's Appraisals	carsonsappraisal.com
Carson's Appraisals	carsonsappraisals.com
A1 Los Angeles Home Appraisals	a1losangeleshomeappraisals.com
A1 Los Angeles Home Appraisals	a1losangeleshomeappraisal.com
JFC Appraisals	jfcappraisals.com
JFC Appraisals	jfcappraisal.com
Kimberly Carter Appraisal	kimberlycarterappraisal.com
Kimberly Carter Appraisal	kimberlycarterappraisals.com
RSDS Valuations LLC	rsdsvaluations.com
Bayside Appraisals	baysideappraisals.com
Bayside Appraisals	baysideappraisal.com
Wells Fargo Bank, N.A.	wellsfargobankna.com
ACN Appraisal Service	acnappraisal.com
ACN Appraisal Service	acnappraisalservice.com
ACN Appraisal Service	acnappraisalervice.com
DOC Appraisals	docappraisal.com
DOC Appraisals	docappraisals.com
Nationwide Appraisal Network	nationwideappraisalsnetwork.com
Nationwide Appraisal Network	nationwideappraisalnetwork.com
Kevin Casebier	kevincasebier.com
First Appraisal Network	firstappraisalsnetwork.com
First Appraisal Network	firstappraisalnetwork.com
J.C. Appraisals	jcappraisal.com
J.C. Appraisals	jcappraisals.com
Phillie Investments, LLC	phillieinvestments.com
Cater and Associates	caterand.com
Cater and Associates	caterandassociates.com
G&L Real Estate Appraisals	gandlrealestateappraisal.com
G&L Real Estate Appraisals	gandlrealestateappraisals.com
D.C. Appraisal Service	dcappraisal.com
D.C. Appraisal Service	dcappraisalservice.com
D.C. Appraisal Service	dcappraisalervice.com
Cavazos Real Estate Appraisal Service	cavazosrealestateappraisalservice.com
Cavazos Real Estate Appraisal Service	cavazosrealestateappraisal.com
Cavazos Real Estate Appraisal Service	cavazosrealestateappraisalervice.com
Peter M. Cella & Associates	petermcellaandassociates.com
Peter M. Cella & Associates	petermcellaand.com
Primetime Appraisals	primetimeappraisals.com
Primetime Appraisals	primetimeappraisal.com
Luis H Cervantes	luishcervantes.com
Cesare's Appraisal Service	cesaresappraisal.com
Cesare's Appraisal Service	cesaresappraisalservice.com
Cesare's Appraisal Service	cesaresappraisalervice.com
Nova Terra Appraisal Group	novaterraappraisalgroup.com
Nova Terra Appraisal Group	novaterraappraisal.com
Nova Terra Appraisal Group	novaterraappraisalsgroup.com
Terra Group	terra.com
Terra Group	terragroup.com
Hi Tech Realty and Appraisal Inc.	hitechrealtyandappraisals.com
Hi Tech Realty and Appraisal Inc.	hitechrealtyandappraisal.com
Outline Real Estate Appraisal Services	outlinerealestateappraisalervices.com
Outline Real Estate Appraisal Services	outlinerealestateappraisal.com
Outline Real Estate Appraisal Services	outlinerealestateappraisalservices.com
Klatt Appraisals	klattappraisals.com
Klatt Appraisals	klattappraisal.com
Analytic Appraisal	analyticappraisal.com
Analytic Appraisal	analyticappraisals.com
L.C. Appraisals	lcappraisal.com
L.C. Appraisals	lcappraisals.com
Frank Chan	frankchan.com
MCV Associates	mcv.com
MCV Associates	mcvassociates.com
Jeff Chandler Appraisals	jeffchandlerappraisals.com
Jeff Chandler Appraisals	jeffchandlerappraisal.com
Chaney Appraisal Services	chaneyappraisalservices.com
Chaney Appraisal Services	chaneyappraisalervices.com
Chaney Appraisal Services	chaneyappraisal.com
HMC Group	hmc.com
HMC Group	hmcgroup.com
Chung Chang	chungchang.com
OC Appraisals	ocappraisals.com
OC Appraisals	ocappraisal.com
Chartwell Enterprises d.b.a. Channing Appraisal	chartwellenterprisesdbachanningappraisal.com
Chartwell Enterprises d.b.a. Channing Appraisal	chartwellenterprisesdbachanningappraisals.com
Richwell Corp	richwell.com
Advantage Real Estate Appraisals	advantagerealestateappraisal.com
Advantage Real Estate Appraisals	advantagerealestateappraisals.com
Cory Chase Appraisals	corychaseappraisals.com
Cory Chase Appraisals	corychaseappraisal.com
F. J. Chastain	fjchastain.com
Trimavin	trimavin.com
BC Appraisal Services	bcappraisalservices.com
BC Appraisal Services	bcappraisalervices.com
BC Appraisal Services	bcappraisal.com
Jeffrey Gee Appraisal Service, Inc.	jeffreygeeappraisalservice.com
Jeffrey Gee Appraisal Service, Inc.	jeffreygeeappraisal.com
Jeffrey Gee Appraisal Service, Inc.	jeffreygeeappraisalervice.com
Chaussee Appraisals	chausseeappraisals.com
Chaussee Appraisals	chausseeappraisal.com
Michael Chaves Appraisal	michaelchavesappraisal.com
Michael Chaves Appraisal	michaelchavesappraisals.com
Danielle Chavez	daniellechavez.com
Appraisalnomics	appraisalnomics.com
Appraisalnomics	appraisalsnomics.com
JC Appraisal	jcappraisal.com
JC Appraisal	jcappraisals.com
Appraisals Excel Corporation	appraisalsexcel.com
Appraisals Excel Corporation	appraisalexcel.com
Evergreen AMC	evergreenamc.com
Excellence Appraisals	excellenceappraisal.com
Excellence Appraisals	excellenceappraisals.com
Standard Appraisal Group	standardappraisalsgroup.com
Standard Appraisal Group	standardappraisalgroup.com
Standard Appraisal Group	standardappraisal.com
Alpha Appraisal 2000	alphaappraisals2000.com
Alpha Appraisal 2000	alphaappraisal2000.com
C2 Appraisal Group, LLC	c2appraisalsgroup.com
C2 Appraisal Group, LLC	c2appraisalgroup.com
C2 Appraisal Group, LLC	c2appraisal.com
Daniel Chen Appraisal Services	danielchenappraisal.com
Daniel Chen Appraisal Services	danielchenappraisalservices.com
Daniel Chen Appraisal Services	danielchenappraisalervices.com
Jim Zhaojian Chen	jimzhaojianchen.com
Johnney Chen	johnneychen.com
Aim Best Appraisals	aimbestappraisal.com
Aim Best Appraisals	aimbestappraisals.com
Top City Appraisal Services	topcityappraisalservices.com
Top City Appraisal Services	topcityappraisal.com
Top City Appraisal Services	topcityappraisalervices.com
QC Appraisal Inc	qcappraisal.com
QC Appraisal Inc	qcappraisals.com
Anva Realty dba Chen's Appraisal	anvarealtydbachensappraisals.com
Anva Realty dba Chen's Appraisal	anvarealtydbachensappraisal.com
John Cheng	johncheng.com
Endeavor Appraisals, Inc.	endeavorappraisals.com
Endeavor Appraisals, Inc.	endeavorappraisal.com
JMC & Associates	jmcand.com
JMC & Associates	jmcandassociates.com
HLC Appraisal	hlcappraisals.com
HLC Appraisal	hlcappraisal.com
Arlene Chew	arlenechew.com
Appraisal One Consulting, Inc.	appraisaloneconsulting.com
Appraisal One Consulting, Inc.	appraisalsoneconsulting.com
Welldone Appraisals	welldoneappraisals.com
Welldone Appraisals	welldoneappraisal.com
Gary Chi	garychi.com
Eric W. Chiang	ericwchiang.com
Garabed Chichoyan	garabedchichoyan.com
Childress Appraisals	childressappraisals.com
Childress Appraisals	childressappraisal.com
Childress and Associates	childressandassociates.com
Childress and Associates	childressand.com
Blake Childs Appraisal	blakechildsappraisals.com
Blake Childs Appraisal	blakechildsappraisal.com
Data Facts & Associates	datafactsand.com
Data Facts & Associates	datafactsandassociates.com
Robin Chinchilla	robinchinchilla.com
Daly Appraisal Co	dalyappraisal.com
Daly Appraisal Co	dalyappraisals.com
CK Appraisal Services	ckappraisalservices.com
CK Appraisal Services	ckappraisalervices.com
CK Appraisal Services	ckappraisal.com
Daly Appraisal Company	dalyappraisal.com
Daly Appraisal Company	dalyappraisals.com
Total Appraisal LLC	totalappraisals.com
Total Appraisal LLC	totalappraisal.com
KCRE, Inc.	kcre.com
The Property Sciences Group, Inc.	thepropertysciences.com
The Property Sciences Group, Inc.	thepropertysciencesgroup.com
Elie Choi	eliechoi.com
JC Appraisal Inc	jcappraisal.com
JC Appraisal Inc	jcappraisals.com
MKC Appraisal, Inc.	mkcappraisals.com
MKC Appraisal, Inc.	mkcappraisal.com
Paul S Choi	paulschoi.com
C & C Appraisal	candcappraisal.com
C & C Appraisal	candcappraisals.com
Beacon Traders, Inc.	beacontraders.com
S U Appraisal Service Co.	suappraisalervice.com
S U Appraisal Service Co.	suappraisalservice.com
S U Appraisal Service Co.	suappraisal.com
Property Appraisal	propertyappraisals.com
Property Appraisal	propertyappraisal.com
Lucas Appraisal Services, Inc.	lucasappraisalervices.com
Lucas Appraisal Services, Inc.	lucasappraisalservices.com
Lucas Appraisal Services, Inc.	lucasappraisal.com
Chouhan Services	chouhanservices.com
Chouhan Services	chouhan.com
Pacific City Appraisal, LLC	pacificcityappraisals.com
Pacific City Appraisal, LLC	pacificcityappraisal.com
La Jolla Appraisal Group	lajollaappraisal.com
La Jolla Appraisal Group	lajollaappraisalsgroup.com
La Jolla Appraisal Group	lajollaappraisalgroup.com
Arctic Appraisals	arcticappraisals.com
Arctic Appraisals	arcticappraisal.com
Holland Group Appraisals, LLC.	hollandgroupappraisal.com
Holland Group Appraisals, LLC.	hollandgroupappraisals.com
Wayne Christensen Appraisals	waynechristensenappraisal.com
Wayne Christensen Appraisals	waynechristensenappraisals.com
ASAP Appraisals	asapappraisals.com
ASAP Appraisals	asapappraisal.com
Steven Christian	stevenchristian.com
Charles Christiansen	charleschristiansen.com
Five Star Appraisals	fivestarappraisal.com
Five Star Appraisals	fivestarappraisals.com
JZC Appraisal	jzcappraisals.com
JZC Appraisal	jzcappraisal.com
Accurate Value Appraisal	accuratevalueappraisals.com
Accurate Value Appraisal	accuratevalueappraisal.com
Harry Chu	harrychu.com
Gordon C. Appraisal Services, LLC	gordoncappraisalervices.com
Gordon C. Appraisal Services, LLC	gordoncappraisalservices.com
Gordon C. Appraisal Services, LLC	gordoncappraisal.com
KC Appraisal Corp.	kcappraisals.com
KC Appraisal Corp.	kcappraisal.com
Warren Churchill	warrenchurchill.com
Cichy Appraisal	cichyappraisals.com
Cichy Appraisal	cichyappraisal.com
DRC Appraising	drcappraising.com
S.A.C. Appraisal Service	sacappraisalervice.com
S.A.C. Appraisal Service	sacappraisalservice.com
S.A.C. Appraisal Service	sacappraisal.com
DC Valuation Services	dcvaluationservices.com
DC Valuation Services	dcvaluation.com
DC Valuation Services Inc.	dcvaluationservices.com
DC Valuation Services Inc.	dcvaluation.com
Circuit Valuations	circuitvaluations.com
A.C. Valuation Services	acvaluation.com
A.C. Valuation Services	acvaluationservices.com
Peninsula Real Estate Services	peninsularealestateservices.com
Peninsula Real Estate Services	peninsularealestate.com
Ash Appraisals	ashappraisal.com
Ash Appraisals	ashappraisals.com
Christine Clark	christineclark.com
Clark Appraisal Service	clarkappraisal.com
Clark Appraisal Service	clarkappraisalservice.com
Clark Appraisal Service	clarkappraisalervice.com
Melody Clark	melodyclark.com
Wright & Clark Appraisals	wrightandclarkappraisals.com
Wright & Clark Appraisals	wrightandclarkappraisal.com
Kim Ryder Appraisals	kimryderappraisal.com
Kim Ryder Appraisals	kimryderappraisals.com
Kerry J Clarke	kerryjclarke.com
Claxton Appraisal Service	claxtonappraisalservice.com
Claxton Appraisal Service	claxtonappraisalervice.com
Claxton Appraisal Service	claxtonappraisal.com
S. Claxton Appraisal Service	sclaxtonappraisal.com
S. Claxton Appraisal Service	sclaxtonappraisalervice.com
S. Claxton Appraisal Service	sclaxtonappraisalservice.com
JAMES CLAYMORE	jamesclaymore.com
Pro Appraisal Source	proappraisalsource.com
Pro Appraisal Source	proappraisalource.com
Brian Clements Appraisals	brianclementsappraisals.com
Brian Clements Appraisals	brianclementsappraisal.com
Northern Caliofornia Home Values	northerncalioforniahomevalues.com
Valorem Appraisals DBA Joseph Clmmer	valoremappraisalsdbajosephclmmer.com
Valorem Appraisals DBA Joseph Clmmer	valoremappraisaldbajosephclmmer.com
Wesley E. Clesi	wesleyeclesi.com
Digital Valuation Group	digitalvaluation.com
Digital Valuation Group	digitalvaluationgroup.com
InCline Group Appraisal Services	inclinegroupappraisalservices.com
InCline Group Appraisal Services	inclinegroupappraisalervices.com
InCline Group Appraisal Services	inclinegroupappraisal.com
Nicole Clouse	nicoleclouse.com
MICHELLE CLYDE APPRAISALS	michelleclydeappraisals.com
MICHELLE CLYDE APPRAISALS	michelleclydeappraisal.com
Absolute Valuations	absolutevaluations.com
J. Michael Cocoris	jmichaelcocoris.com
Brian Cody	briancody.com
Atlas Appraisal	atlasappraisals.com
Atlas Appraisal	atlasappraisal.com
Manuel Coelho Appraisals	manuelcoelhoappraisals.com
Manuel Coelho Appraisals	manuelcoelhoappraisal.com
Sentry Real Estate Services	sentryrealestate.com
Sentry Real Estate Services	sentryrealestateservices.com
Coffman Appraisal Services	coffmanappraisal.com
Coffman Appraisal Services	coffmanappraisalservices.com
Coffman Appraisal Services	coffmanappraisalervices.com
Coffman Appraisal	coffmanappraisals.com
Coffman Appraisal	coffmanappraisal.com
American Reporting Company	americanreporting.com
Cohen Appraisal Services	cohenappraisal.com
Cohen Appraisal Services	cohenappraisalervices.com
Cohen Appraisal Services	cohenappraisalservices.com
R. Cohen Appraisal	rcohenappraisals.com
R. Cohen Appraisal	rcohenappraisal.com
U.S. Bank	usbank.com
Reliable Residential	reliableresidential.com
BBG Inc	bbg.com
The Property Studio	thepropertystudio.com
Real Estate Data Appraisal	realestatedataappraisals.com
Real Estate Data Appraisal	realestatedataappraisal.com
River City Appraisals	rivercityappraisal.com
River City Appraisals	rivercityappraisals.com
Collard Appraisal Group, Inc	collardappraisalgroup.com
Collard Appraisal Group, Inc	collardappraisal.com
Collard Appraisal Group, Inc	collardappraisalsgroup.com
Mike Collier Appaisals LLC	mikecollierappaisals.com
Collins Real Estate Appraisals	collinsrealestateappraisals.com
Collins Real Estate Appraisals	collinsrealestateappraisal.com
Collins Appraisal Services	collinsappraisal.com
Collins Appraisal Services	collinsappraisalservices.com
Collins Appraisal Services	collinsappraisalervices.com
Collins Professional Appraisal	collinsprofessionalappraisals.com
Collins Professional Appraisal	collinsprofessionalappraisal.com
Johnston Property Valuation	johnstonpropertyvaluation.com
Cal Pacific Appraisal Company	calpacificappraisal.com
Cal Pacific Appraisal Company	calpacificappraisals.com
SC Appraisal Services	scappraisal.com
SC Appraisal Services	scappraisalservices.com
SC Appraisal Services	scappraisalervices.com
APPRAISAL SERVICES	appraisal.com
APPRAISAL SERVICES	appraisalservices.com
APPRAISAL SERVICES	appraisalervices.com
Colson Real Estate Services	colsonrealestate.com
Colson Real Estate Services	colsonrealestateservices.com
C & C Services	candc.com
C & C Services	candcservices.com
David J. Comstock	davidjcomstock.com
CF Conant Appraisals	cfconantappraisals.com
CF Conant Appraisals	cfconantappraisal.com
Ramon B. Concepcion	ramonbconcepcion.com
Mike Conner Appraisal Service	mikeconnerappraisalservice.com
Mike Conner Appraisal Service	mikeconnerappraisal.com
Mike Conner Appraisal Service	mikeconnerappraisalervice.com
ROBERT J. CONNERS	robertjconners.com
Stanislaus Appraisers, Inc.	stanislausappraisers.com
Laura Conte Appraisal	lauraconteappraisals.com
Laura Conte Appraisal	lauraconteappraisal.com
Conway Appraisal Services Inc.	conwayappraisalervices.com
Conway Appraisal Services Inc.	conwayappraisalservices.com
Conway Appraisal Services Inc.	conwayappraisal.com
Coogan Appraisal Service	cooganappraisal.com
Coogan Appraisal Service	cooganappraisalservice.com
Coogan Appraisal Service	cooganappraisalervice.com
CMD Appraisals	cmdappraisals.com
CMD Appraisals	cmdappraisal.com
COONEY APPRAISAL SERVICES	cooneyappraisal.com
COONEY APPRAISAL SERVICES	cooneyappraisalervices.com
COONEY APPRAISAL SERVICES	cooneyappraisalservices.com
All American Reality	allamericanreality.com
Marie A Cooper	marieacooper.com
Steven R. Cooper Appraisal	stevenrcooperappraisal.com
Steven R. Cooper Appraisal	stevenrcooperappraisals.com
Coopersmith & Associates	coopersmithand.com
Coopersmith & Associates	coopersmithandassociates.com
Mark S. Copeland	markscopeland.com
Appraisal Masters Plus, Inc.	appraisalsmastersplus.com
Appraisal Masters Plus, Inc.	appraisalmastersplus.com
Appraisal Industries	appraisalindustries.com
Appraisal Industries	appraisalsindustries.com
Black Diamond Appraisals Inc.	blackdiamondappraisals.com
Black Diamond Appraisals Inc.	blackdiamondappraisal.com
JC Real Estate Appraisals	jcrealestateappraisals.com
JC Real Estate Appraisals	jcrealestateappraisal.com
Silverback Appraisal Services	silverbackappraisalservices.com
Silverback Appraisal Services	silverbackappraisal.com
Silverback Appraisal Services	silverbackappraisalervices.com
Evalonix LLC	evalonix.com
Umpqua Bank	umpquabank.com
Jason Cosetti dba Colfax Group	jasoncosettidbacolfaxgroup.com
Jason Cosetti dba Colfax Group	jasoncosettidbacolfax.com
JC Appraisal Service	jcappraisal.com
JC Appraisal Service	jcappraisalervice.com
JC Appraisal Service	jcappraisalservice.com
Topher, Inc.	topher.com
Tudor M. Costea	tudormcostea.com
Caliber Real Estate Valuation	caliberrealestatevaluation.com
Ryan Couch Appraisals	ryancouchappraisals.com
Ryan Couch Appraisals	ryancouchappraisal.com
Coulter & Associates Appraisal Services	coulterandassociatesappraisalervices.com
Coulter & Associates Appraisal Services	coulterandassociatesappraisalservices.com
Coulter & Associates Appraisal Services	coulterandassociatesappraisal.com
Brit Coupens Appraisal	britcoupensappraisal.com
Brit Coupens Appraisal	britcoupensappraisals.com
Courtney Appraisal Service	courtneyappraisalservice.com
Courtney Appraisal Service	courtneyappraisalervice.com
Courtney Appraisal Service	courtneyappraisal.com
Peter J. Coury & Associates	peterjcouryandassociates.com
Peter J. Coury & Associates	peterjcouryand.com
Covey Appraisal Services	coveyappraisalervices.com
Covey Appraisal Services	coveyappraisalservices.com
Covey Appraisal Services	coveyappraisal.com
SEAN COVAIRT'S APPRAISALS	seancovairtsappraisal.com
SEAN COVAIRT'S APPRAISALS	seancovairtsappraisals.com
Spyglass Appraisal	spyglassappraisal.com
Spyglass Appraisal	spyglassappraisals.com
Cragun Appraisal	cragunappraisal.com
Cragun Appraisal	cragunappraisals.com
Cramer Appraisal Services	cramerappraisalservices.com
Cramer Appraisal Services	cramerappraisalervices.com
Cramer Appraisal Services	cramerappraisal.com
Rick Cramer, Real Estate Appraiser	rickcramerrealestateappraiser.com
Crandall Appraisal Service	crandallappraisal.com
Crandall Appraisal Service	crandallappraisalervice.com
Crandall Appraisal Service	crandallappraisalservice.com
Vince Crandall Appraisal Service	vincecrandallappraisalservice.com
Vince Crandall Appraisal Service	vincecrandallappraisalervice.com
Vince Crandall Appraisal Service	vincecrandallappraisal.com
Cravens Appraisal Services	cravensappraisalervices.com
Cravens Appraisal Services	cravensappraisalservices.com
Cravens Appraisal Services	cravensappraisal.com
Crawford Appraisals	crawfordappraisal.com
Crawford Appraisals	crawfordappraisals.com
Crawford Appraisal Service	crawfordappraisal.com
Crawford Appraisal Service	crawfordappraisalervice.com
Crawford Appraisal Service	crawfordappraisalservice.com
Steven Crellin	stevencrellin.com
Crema Properties	cremaproperties.com
SoCal Real Estate Services	socalrealestateservices.com
SoCal Real Estate Services	socalrealestate.com
Cristofaro Appraisal	cristofaroappraisals.com
Cristofaro Appraisal	cristofaroappraisal.com
GC Appraisal Corporation	gcappraisal.com
GC Appraisal Corporation	gcappraisals.com
Kim-Maree Croft Appraisal	kimmareecroftappraisal.com
Kim-Maree Croft Appraisal	kimmareecroftappraisals.com
Appraisal Unlimited DBA William P. Crosby	appraisalsunlimiteddbawilliampcrosby.com
Appraisal Unlimited DBA William P. Crosby	appraisalunlimiteddbawilliampcrosby.com
Appraisal Access	appraisalaccess.com
Appraisal Access	appraisalsaccess.com
Renner-Crow Appraisal Services	rennercrowappraisal.com
Renner-Crow Appraisal Services	rennercrowappraisalservices.com
Renner-Crow Appraisal Services	rennercrowappraisalervices.com
Todd Crow	toddcrow.com
Justin J Crowder	justinjcrowder.com
Crowell & Associates	crowellandassociates.com
Crowell & Associates	crowelland.com
Carmelita R. Cruz	carmelitarcruz.com
Appraisals hub	appraisalhub.com
Appraisals hub	appraisalshub.com
South Bay Appraisal Group	southbayappraisalsgroup.com
South Bay Appraisal Group	southbayappraisal.com
South Bay Appraisal Group	southbayappraisalgroup.com
A.C. Appraisals	acappraisals.com
A.C. Appraisals	acappraisal.com
Francisco Javier Cuan	franciscojaviercuan.com
J.P. Cubas Appraisals	jpcubasappraisal.com
J.P. Cubas Appraisals	jpcubasappraisals.com
JB Cubas Appraisal Services	jbcubasappraisalservices.com
JB Cubas Appraisal Services	jbcubasappraisal.com
JB Cubas Appraisal Services	jbcubasappraisalervices.com
Cubbage Appraisal Services	cubbageappraisalervices.com
Cubbage Appraisal Services	cubbageappraisalservices.com
Cubbage Appraisal Services	cubbageappraisal.com
DAVID S. CUCHIARA APPRAISAL SE	davidscuchiaraappraisalse.com
DAVID S. CUCHIARA APPRAISAL SE	davidscuchiaraappraisale.com
Bonita Cuellar	bonitacuellar.com
MVC Appraisals	mvcappraisals.com
MVC Appraisals	mvcappraisal.com
Keven W. Cull & Associates	kevenwcullandassociates.com
Keven W. Cull & Associates	kevenwculland.com
Cummins Real Estate Services	cumminsrealestateservices.com
Cummins Real Estate Services	cumminsrealestate.com
Cuneo & Associates	cuneoand.com
Cuneo & Associates	cuneoandassociates.com
Donald Cunningham Appraisals	donaldcunninghamappraisal.com
Donald Cunningham Appraisals	donaldcunninghamappraisals.com
Jeff Cunningham Appraisals	jeffcunninghamappraisals.com
Jeff Cunningham Appraisals	jeffcunninghamappraisal.com
Rick Cunningham Appraisal Service	rickcunninghamappraisal.com
Rick Cunningham Appraisal Service	rickcunninghamappraisalservice.com
Rick Cunningham Appraisal Service	rickcunninghamappraisalervice.com
North Bay Appraisers	northbayappraisers.com
Statewide Appraisers	statewideappraisers.com
C2 Appraisal Services, LLC	c2appraisalervices.com
C2 Appraisal Services, LLC	c2appraisalservices.com
C2 Appraisal Services, LLC	c2appraisal.com
3-Day Express Appraisals	3dayexpressappraisal.com
3-Day Express Appraisals	3dayexpressappraisals.com
Crina Curtean	crinacurtean.com
Glenbrook Advisors, Inc,	glenbrookadvisors.com
Mint Appraisals	mintappraisal.com
Mint Appraisals	mintappraisals.com
Curtis Appraisal Services	curtisappraisalservices.com
Curtis Appraisal Services	curtisappraisal.com
Curtis Appraisal Services	curtisappraisalervices.com
Diamond Star Appraisals	diamondstarappraisal.com
Diamond Star Appraisals	diamondstarappraisals.com
Broker West Appraisal	brokerwestappraisal.com
Broker West Appraisal	brokerwestappraisals.com
Silver Lane Appraisals	silverlaneappraisal.com
Silver Lane Appraisals	silverlaneappraisals.com
Michael D'Amico	michaeldamico.com
Metro Real Estate Services	metrorealestate.com
Metro Real Estate Services	metrorealestateservices.com
Reliant Appraisals	reliantappraisals.com
Reliant Appraisals	reliantappraisal.com
Dadam Appraisal Company	dadamappraisal.com
Dadam Appraisal Company	dadamappraisals.com
Bin Dai	bindai.com
Appraisal Resources	appraisalresources.com
Appraisal Resources	appraisalsresources.com
The Appraisal Connection	theappraisalsconnection.com
The Appraisal Connection	theappraisalconnection.com
Dean E. Dalke Appraisals	deanedalkeappraisal.com
Dean E. Dalke Appraisals	deanedalkeappraisals.com
Top Notch Appraiser	topnotchappraiser.com
Roula Dalloul	rouladalloul.com
Appraisal Systems	appraisalsystems.com
Appraisal Systems	appraisalystems.com
Castle Appraisals	castleappraisal.com
Castle Appraisals	castleappraisals.com
Approval Appraisal	approvalappraisals.com
Approval Appraisal	approvalappraisal.com
Century Appraisal Services	centuryappraisalervices.com
Century Appraisal Services	centuryappraisal.com
Century Appraisal Services	centuryappraisalservices.com
The Daniel Team dba The Appraisal Store	thedanielteamdbatheappraisaltore.com
The Daniel Team dba The Appraisal Store	thedanielteamdbatheappraisalstore.com
Chris Daniel and Associates	chrisdanieland.com
Chris Daniel and Associates	chrisdanielandassociates.com
Ramona M. Daniels Appraisal Service	ramonamdanielsappraisalervice.com
Ramona M. Daniels Appraisal Service	ramonamdanielsappraisalservice.com
Ramona M. Daniels Appraisal Service	ramonamdanielsappraisal.com
Danklefs Appraisal Associates	danklefsappraisalassociates.com
Danklefs Appraisal Associates	danklefsappraisalsassociates.com
Danklefs Appraisal Associates	danklefsappraisal.com
Loorz Appraisal Service	loorzappraisal.com
Loorz Appraisal Service	loorzappraisalservice.com
Loorz Appraisal Service	loorzappraisalervice.com
T&T Appraisal Services	tandtappraisalervices.com
T&T Appraisal Services	tandtappraisalservices.com
T&T Appraisal Services	tandtappraisal.com
John M Dargo Jr	johnmdargojr.com
Darlington Appraisals	darlingtonappraisal.com
Darlington Appraisals	darlingtonappraisals.com
Lifequest Appraisal	lifequestappraisals.com
Lifequest Appraisal	lifequestappraisal.com
All City Appraisal	allcityappraisal.com
All City Appraisal	allcityappraisals.com
Sunset Appraisals	sunsetappraisal.com
Sunset Appraisals	sunsetappraisals.com
Davenport Appraisers	davenportappraisers.com
Davenport and Associates	davenportandassociates.com
Davenport and Associates	davenportand.com
David's Appraisal Service	davidsappraisalervice.com
David's Appraisal Service	davidsappraisalservice.com
David's Appraisal Service	davidsappraisal.com
S David + Co Residential Appraisals	sdavidresidentialappraisals.com
S David + Co Residential Appraisals	sdavidresidentialappraisal.com
Caroline S. Davila	carolinesdavila.com
Bentley Group Appraisal Services	bentleygroupappraisalervices.com
Bentley Group Appraisal Services	bentleygroupappraisalservices.com
Bentley Group Appraisal Services	bentleygroupappraisal.com
MORGAN STANLEY	morganstanley.com
Solid Impressions	solidimpressions.com
Intermountain Appraisal Service	intermountainappraisal.com
Intermountain Appraisal Service	intermountainappraisalervice.com
Intermountain Appraisal Service	intermountainappraisalservice.com
Davis Appraisal	davisappraisals.com
Davis Appraisal	davisappraisal.com
Greg Davis Appraisal Services	gregdavisappraisal.com
Greg Davis Appraisal Services	gregdavisappraisalservices.com
Greg Davis Appraisal Services	gregdavisappraisalervices.com
Spyglass Appraisal, LLC	spyglassappraisal.com
Spyglass Appraisal, LLC	spyglassappraisals.com
Davis Properties, Inc.	davisproperties.com
Scott E Davis Real Estate Appraiser	scottedavisrealestateappraiser.com
Steve Davis Appraisals	stevedavisappraisals.com
Steve Davis Appraisals	stevedavisappraisal.com
Day Appraisal Services	dayappraisal.com
Day Appraisal Services	dayappraisalservices.com
Day Appraisal Services	dayappraisalervices.com
Jeff Day Appraisal Services	jeffdayappraisal.com
Jeff Day Appraisal Services	jeffdayappraisalervices.com
Jeff Day Appraisal Services	jeffdayappraisalservices.com
Anderson Appraisals	andersonappraisals.com
Anderson Appraisals	andersonappraisal.com
3-D Appraisal	3dappraisal.com
3-D Appraisal	3dappraisals.com
Anderson Appraisal Services, Inc.	andersonappraisalervices.com
Anderson Appraisal Services, Inc.	andersonappraisal.com
Anderson Appraisal Services, Inc.	andersonappraisalservices.com
DGuzman Appraisal Services	dguzmanappraisalservices.com
DGuzman Appraisal Services	dguzmanappraisalervices.com
DGuzman Appraisal Services	dguzmanappraisal.com
D. L. S. Appraisals	dlsappraisal.com
D. L. S. Appraisals	dlsappraisals.com
JD Appraisals	jdappraisals.com
JD Appraisals	jdappraisal.com
Marston Residential Appraisal Group	marstonresidentialappraisal.com
Marston Residential Appraisal Group	marstonresidentialappraisalgroup.com
Marston Residential Appraisal Group	marstonresidentialappraisalsgroup.com
Value Appraisal	valueappraisals.com
Value Appraisal	valueappraisal.com
Ryan Dean Appraisals	ryandeanappraisal.com
Ryan Dean Appraisals	ryandeanappraisals.com
Pacific Coastal Residential Appraisals, Inc.	pacificcoastalresidentialappraisal.com
Pacific Coastal Residential Appraisals, Inc.	pacificcoastalresidentialappraisals.com
ARGO	argo.com
Dees Appraisals	deesappraisals.com
Dees Appraisals	deesappraisal.com
Prestige Appraisals	prestigeappraisals.com
Prestige Appraisals	prestigeappraisal.com
Fannie Mae	fanniemae.com
San Diego County Appraisal Group	sandiegocountyappraisalsgroup.com
San Diego County Appraisal Group	sandiegocountyappraisal.com
San Diego County Appraisal Group	sandiegocountyappraisalgroup.com
TDF Appraisal	tdfappraisal.com
TDF Appraisal	tdfappraisals.com
Major Appraisals, Inc.	majorappraisals.com
Major Appraisals, Inc.	majorappraisal.com
Value 4 Home	value4home.com
Appraisal Advantage	appraisalsadvantage.com
Appraisal Advantage	appraisaladvantage.com
Professional Real Estate Service	professionalrealestateservice.com
Professional Real Estate Service	professionalrealestate.com
Elite Property Appraisals	elitepropertyappraisal.com
Elite Property Appraisals	elitepropertyappraisals.com
Ed DeLaCruz	eddelacruz.com
Jess Delaney R E Appraisals	jessdelaneyreappraisal.com
Jess Delaney R E Appraisals	jessdelaneyreappraisals.com
Christine B. Delfin	christinebdelfin.com
Wells Fargo Bank	wellsfargobank.com
Evergreen Appraisal Service	evergreenappraisalervice.com
Evergreen Appraisal Service	evergreenappraisalservice.com
Evergreen Appraisal Service	evergreenappraisal.com
John Dellos	johndellos.com
Delman Appraisals	delmanappraisal.com
Delman Appraisals	delmanappraisals.com
I & G Real Estate Group	iandgrealestategroup.com
I & G Real Estate Group	iandgrealestate.com
DeLuca Real Estate Services	delucarealestateservices.com
DeLuca Real Estate Services	delucarealestate.com
DeMars Appraisal	demarsappraisal.com
DeMars Appraisal	demarsappraisals.com
Ross Demerjian	rossdemerjian.com
Carl DeMizio	carldemizio.com
Stewart Valuation Intelligence	stewartvaluationintelligence.com
Lincoln Appraisal & Settlement Services, LLC	lincolnappraisalsandsettlementservices.com
Lincoln Appraisal & Settlement Services, LLC	lincolnappraisalandsettlement.com
Lincoln Appraisal & Settlement Services, LLC	lincolnappraisalandsettlementservices.com
Core Valuation Management, Inc.	corevaluationmanagement.com
Quick Turn Appraisals	quickturnappraisal.com
Quick Turn Appraisals	quickturnappraisals.com
Denton Valuation	dentonvaluation.com
Denton Appraisal	dentonappraisals.com
Denton Appraisal	dentonappraisal.com
High Country Appraisals	highcountryappraisal.com
High Country Appraisals	highcountryappraisals.com
Tiffany Catipon	tiffanycatipon.com
Home Star Realty and Appraisal	homestarrealtyandappraisals.com
Home Star Realty and Appraisal	homestarrealtyandappraisal.com
All Ways Appraisal	allwaysappraisals.com
All Ways Appraisal	allwaysappraisal.com
Dern Appraisals	dernappraisals.com
Dern Appraisals	dernappraisal.com
V.I.P. Appraisals	vipappraisals.com
V.I.P. Appraisals	vipappraisal.com
MD Appraisal Solutions	mdappraisalsolutions.com
MD Appraisal Solutions	mdappraisalolutions.com
Anita DeSimone	anitadesimone.com
Capita Mortgage Credit	capitamortgagecredit.com
Sunset Real Estate Appraisal	sunsetrealestateappraisals.com
Sunset Real Estate Appraisal	sunsetrealestateappraisal.com
Devlin Appraisal & Realty	devlinappraisalandrealty.com
Devlin Appraisal & Realty	devlinappraisalsandrealty.com
All West Appraisal Service	allwestappraisal.com
All West Appraisal Service	allwestappraisalervice.com
All West Appraisal Service	allwestappraisalservice.com
DeZarn & Associates	dezarnand.com
DeZarn & Associates	dezarnandassociates.com
Coastal Realty & Appraisal Services	coastalrealtyandappraisalservices.com
Coastal Realty & Appraisal Services	coastalrealtyandappraisal.com
Coastal Realty & Appraisal Services	coastalrealtyandappraisalervices.com
Clifford Diamond and Associates	clifforddiamondand.com
Clifford Diamond and Associates	clifforddiamondandassociates.com
Smart Valuations, LLC	smartvaluations.com
Jimmy M. Diaz	jimmymdiaz.com
Minh Dich Appriasal Services	minhdichappriasalservices.com
Minh Dich Appriasal Services	minhdichappriasal.com
ME Building & Management Service	mebuildingandmanagementservice.com
ME Building & Management Service	mebuildingandmanagement.com
Anne M. Dickinson Appraisals	annemdickinsonappraisals.com
Anne M. Dickinson Appraisals	annemdickinsonappraisal.com
Dickstein Appraisal	dicksteinappraisal.com
Dickstein Appraisal	dicksteinappraisals.com
Oaktree Appraisal, Inc	oaktreeappraisals.com
Oaktree Appraisal, Inc	oaktreeappraisal.com
Appraisal Alliance of Merced	appraisalsallianceofmerced.com
Appraisal Alliance of Merced	appraisalallianceofmerced.com
Real Estate Appraisal Professionals	realestateappraisalprofessionals.com
Real Estate Appraisal Professionals	realestateappraisalsprofessionals.com
Accurate Appraisal and Review	accurateappraisalandreview.com
Accurate Appraisal and Review	accurateappraisalsandreview.com
John Dietz Appraisal Services	johndietzappraisalservices.com
John Dietz Appraisal Services	johndietzappraisal.com
John Dietz Appraisal Services	johndietzappraisalervices.com
DAR International bda Difilippo and Associates	darinternationalbdadifilippoand.com
JFD Enterprises, Inc.	jfdenterprises.com
JSD & Associates	jsdandassociates.com
JSD & Associates	jsdand.com
Appraisal West	appraisalswest.com
Appraisal West	appraisalwest.com
Appraisal Works, Inc.	appraisalsworks.com
Appraisal Works, Inc.	appraisalworks.com
Marion S. Dilbeck	marionsdilbeck.com
East Bay Appraisal Services, Inc.	eastbayappraisalervices.com
East Bay Appraisal Services, Inc.	eastbayappraisal.com
East Bay Appraisal Services, Inc.	eastbayappraisalservices.com
Dilworth Appraisals	dilworthappraisal.com
Dilworth Appraisals	dilworthappraisals.com
Diablo Valley Appraisal Services	diablovalleyappraisal.com
Diablo Valley Appraisal Services	diablovalleyappraisalervices.com
Diablo Valley Appraisal Services	diablovalleyappraisalservices.com
River Glen Appraisal	riverglenappraisal.com
River Glen Appraisal	riverglenappraisals.com
Jet Appraisal Group	jetappraisalsgroup.com
Jet Appraisal Group	jetappraisal.com
Jet Appraisal Group	jetappraisalgroup.com
Yellow House Services	yellowhouseservices.com
Yellow House Services	yellowhouse.com
CU Appraisal Co.	cuappraisals.com
CU Appraisal Co.	cuappraisal.com
Prime Pacific Group	primepacific.com
Prime Pacific Group	primepacificgroup.com
Gary Dizon	garydizon.com
PXD Appraisal LLC	pxdappraisals.com
PXD Appraisal LLC	pxdappraisal.com
Appraisals On Time, Inc.	appraisalontime.com
Appraisals On Time, Inc.	appraisalsontime.com
Dodge & Associates	dodgeand.com
Dodge & Associates	dodgeandassociates.com
SoCal Appraisals, Inc.	socalappraisals.com
SoCal Appraisals, Inc.	socalappraisal.com
Michael Doll Appraisals	michaeldollappraisals.com
Michael Doll Appraisals	michaeldollappraisal.com
Dollars Express Appraisal	dollarsexpressappraisals.com
Dollars Express Appraisal	dollarsexpressappraisal.com
Donahue Property Appraisal	donahuepropertyappraisal.com
Donahue Property Appraisal	donahuepropertyappraisals.com
Silicon Valley Appraisal	siliconvalleyappraisals.com
Silicon Valley Appraisal	siliconvalleyappraisal.com
ValuationNEXUS, LLC	valuationnexus.com
Linda Donerkiel	lindadonerkiel.com
DonVito Appraisal	donvitoappraisal.com
DonVito Appraisal	donvitoappraisals.com
Elsie Mae Doolittle Appraisal Service	elsiemaedoolittleappraisalservice.com
Elsie Mae Doolittle Appraisal Service	elsiemaedoolittleappraisal.com
Elsie Mae Doolittle Appraisal Service	elsiemaedoolittleappraisalervice.com
Absolute Appraisals LLC	absoluteappraisals.com
Absolute Appraisals LLC	absoluteappraisal.com
Ascot Appraisals	ascotappraisals.com
Ascot Appraisals	ascotappraisal.com
Dorsett Appraisal	dorsettappraisals.com
Dorsett Appraisal	dorsettappraisal.com
Erik A. Dorwart	erikadorwart.com
Doti Residential Appraisal	dotiresidentialappraisals.com
Doti Residential Appraisal	dotiresidentialappraisal.com
KDAPPRAISAL	kdappraisal.com
KDAPPRAISAL	kdappraisals.com
KAD Appraisals	kadappraisal.com
KAD Appraisals	kadappraisals.com
Ginger Douglass Real Estate Services, Inc.	gingerdouglassrealestate.com
Ginger Douglass Real Estate Services, Inc.	gingerdouglassrealestateservices.com
Dowd Associates Appraisal Service	dowdassociatesappraisalervice.com
Dowd Associates Appraisal Service	dowdassociatesappraisalservice.com
Dowd Associates Appraisal Service	dowdassociatesappraisal.com
Downie Valuation Services, Inc.	downievaluationservices.com
Downie Valuation Services, Inc.	downievaluation.com
Doyle Appraisal	doyleappraisals.com
Doyle Appraisal	doyleappraisal.com
RSDS Valuation Services	rsdsvaluation.com
RSDS Valuation Services	rsdsvaluationservices.com
Tom Dragich	tomdragich.com
RSDS LLC	rsds.com
Drake Appraisals	drakeappraisals.com
Drake Appraisals	drakeappraisal.com
Dresser Appraisals	dresserappraisal.com
Dresser Appraisals	dresserappraisals.com
ACME Appraisal Associates	acmeappraisal.com
ACME Appraisal Associates	acmeappraisalsassociates.com
ACME Appraisal Associates	acmeappraisalassociates.com
Robert Dreyer	robertdreyer.com
John A. Droege IV	johnadroegeiv.com
Druian and Associates, Inc.	druianandassociates.com
Druian and Associates, Inc.	druianand.com
SPEEDY APPRAISAL SERVICE	speedyappraisalervice.com
SPEEDY APPRAISAL SERVICE	speedyappraisalservice.com
SPEEDY APPRAISAL SERVICE	speedyappraisal.com
Pacific Real Estate Appraisals	pacificrealestateappraisals.com
Pacific Real Estate Appraisals	pacificrealestateappraisal.com
Dublino Appraisal	dublinoappraisal.com
Dublino Appraisal	dublinoappraisals.com
Tradewind Appraisal, Inc.	tradewindappraisal.com
Tradewind Appraisal, Inc.	tradewindappraisals.com
Paul T. Dudley Real Estate Appraisals	paultdudleyrealestateappraisal.com
Paul T. Dudley Real Estate Appraisals	paultdudleyrealestateappraisals.com
JSD Appraisals	jsdappraisal.com
JSD Appraisals	jsdappraisals.com
Stephanie L. Duffy, Appraisal Services	stephanielduffyappraisal.com
Stephanie L. Duffy, Appraisal Services	stephanielduffyappraisalservices.com
Stephanie L. Duffy, Appraisal Services	stephanielduffyappraisalervices.com
Ventura County Appraisal	venturacountyappraisal.com
Ventura County Appraisal	venturacountyappraisals.com
Express Appraisals	expressappraisal.com
Express Appraisals	expressappraisals.com
Duncan Appraisal Services, Inc.	duncanappraisalervices.com
Duncan Appraisal Services, Inc.	duncanappraisal.com
Duncan Appraisal Services, Inc.	duncanappraisalservices.com
Kathlyn Duncan	kathlynduncan.com
A Touch of Sunshine	atouchofsunshine.com
Christian Dunn Appraisals	christiandunnappraisal.com
Christian Dunn Appraisals	christiandunnappraisals.com
Gartin Home Appraisals, LLC	gartinhomeappraisal.com
Gartin Home Appraisals, LLC	gartinhomeappraisals.com
Dunn Appraisal Services	dunnappraisalservices.com
Dunn Appraisal Services	dunnappraisalervices.com
Dunn Appraisal Services	dunnappraisal.com
Pacific Appraisals	pacificappraisal.com
Pacific Appraisals	pacificappraisals.com
Town N Country Real Estate Services	townncountryrealestate.com
Town N Country Real Estate Services	townncountryrealestateservices.com
KCR Appraisals	kcrappraisals.com
KCR Appraisals	kcrappraisal.com
Marquis Appraisal LLC	marquisappraisal.com
Marquis Appraisal LLC	marquisappraisals.com
Appraisal Associates-CenCal, Inc.	appraisalassociatescencal.com
Appraisal Associates-CenCal, Inc.	appraisalsassociatescencal.com
Dan Duong	danduong.com
Richard Duong & Associates	richardduongandassociates.com
Richard Duong & Associates	richardduongand.com
Bay Area Appraisal Group	bayareaappraisal.com
Bay Area Appraisal Group	bayareaappraisalgroup.com
Bay Area Appraisal Group	bayareaappraisalsgroup.com
Dena Duran	denaduran.com
Steven E. Durbano Re-Appraiser	stevenedurbanoreappraiser.com
John Durbin	johndurbin.com
Modern Valuation	modernvaluation.com
Lime One Capital	limeonecapital.com
JLD Evaluation, Inc. dba  Dutra Appraisal Service	jldevaluationdbadutraappraisalservice.com
JLD Evaluation, Inc. dba  Dutra Appraisal Service	jldevaluationdbadutraappraisalervice.com
JLD Evaluation, Inc. dba  Dutra Appraisal Service	jldevaluationdbadutraappraisal.com
Cynthia Dwyer Appraisal Service	cynthiadwyerappraisal.com
Cynthia Dwyer Appraisal Service	cynthiadwyerappraisalservice.com
Cynthia Dwyer Appraisal Service	cynthiadwyerappraisalervice.com
Major Appraisals	majorappraisals.com
Major Appraisals	majorappraisal.com
Eaton Appraisals	eatonappraisals.com
Eaton Appraisals	eatonappraisal.com
Ebert Appraisal Service, Inc.	ebertappraisalervice.com
Ebert Appraisal Service, Inc.	ebertappraisal.com
Ebert Appraisal Service, Inc.	ebertappraisalservice.com
Accelerated Appraisal Services	acceleratedappraisalservices.com
Accelerated Appraisal Services	acceleratedappraisal.com
Accelerated Appraisal Services	acceleratedappraisalervices.com
Leonida Edles	leonidaedles.com
High Desert Appraisal Services	highdesertappraisal.com
High Desert Appraisal Services	highdesertappraisalervices.com
High Desert Appraisal Services	highdesertappraisalservices.com
Edwards Appraisal Services	edwardsappraisalservices.com
Edwards Appraisal Services	edwardsappraisal.com
Edwards Appraisal Services	edwardsappraisalervices.com
Accurate Appraisal LLC	accurateappraisal.com
Accurate Appraisal LLC	accurateappraisals.com
WestCo Appraisals	westcoappraisals.com
WestCo Appraisals	westcoappraisal.com
EFK Appraisal Services	efkappraisalervices.com
EFK Appraisal Services	efkappraisalservices.com
EFK Appraisal Services	efkappraisal.com
Sheri Efseaff	sheriefseaff.com
Reliable Appraisal	reliableappraisal.com
Reliable Appraisal	reliableappraisals.com
Greater Bay Appraisals	greaterbayappraisal.com
Greater Bay Appraisals	greaterbayappraisals.com
E2 Group, Inc.	e2group.com
Ekstrom Real Estate Services Inc	ekstromrealestate.com
Ekstrom Real Estate Services Inc	ekstromrealestateservices.com
Appraisal Plus	appraisalsplus.com
Appraisal Plus	appraisalplus.com
Marston Appraisal Group	marstonappraisalgroup.com
Marston Appraisal Group	marstonappraisalsgroup.com
Marston Appraisal Group	marstonappraisal.com
James E Willard & Associates	jamesewillardand.com
James E Willard & Associates	jamesewillardandassociates.com
The Appraisal Depot	theappraisaldepot.com
The Appraisal Depot	theappraisalsdepot.com
Elmerick Appraisal Service	elmerickappraisalservice.com
Elmerick Appraisal Service	elmerickappraisalervice.com
Elmerick Appraisal Service	elmerickappraisal.com
O'reilly Brothers Appraisal Group	oreillybrothersappraisalgroup.com
O'reilly Brothers Appraisal Group	oreillybrothersappraisalsgroup.com
O'reilly Brothers Appraisal Group	oreillybrothersappraisal.com
Independent Real Estate Research	independentrealestateresearch.com
Summit Funding	summitfunding.com
Independent Real Estate Research, Inc.	independentrealestateresearch.com
Lightning Appraisal Group	lightningappraisalsgroup.com
Lightning Appraisal Group	lightningappraisal.com
Lightning Appraisal Group	lightningappraisalgroup.com
DLE Appraisal Service Inc.	dleappraisalervice.com
DLE Appraisal Service Inc.	dleappraisal.com
DLE Appraisal Service Inc.	dleappraisalservice.com
Newhall Apprasial Service	newhallapprasialservice.com
Newhall Apprasial Service	newhallapprasial.com
Deborah L. Eppelheimer	deborahleppelheimer.com
Susan M. Erickson Appraisals	susanmericksonappraisal.com
Susan M. Erickson Appraisals	susanmericksonappraisals.com
Board of Equalization	boardofequalization.com
Escareno Appraisals	escarenoappraisal.com
Escareno Appraisals	escarenoappraisals.com
Eshelman Appraisals, Inc.	eshelmanappraisal.com
Eshelman Appraisals, Inc.	eshelmanappraisals.com
N. Compass Appraisals	ncompassappraisals.com
N. Compass Appraisals	ncompassappraisal.com
Value Solutions	valuesolutions.com
Esquerra's Appraisal Services	esquerrasappraisal.com
Esquerra's Appraisal Services	esquerrasappraisalervices.com
Esquerra's Appraisal Services	esquerrasappraisalservices.com
Rick Estrada	rickestrada.com
Richard Estrella & Associates	richardestrellaand.com
Richard Estrella & Associates	richardestrellaandassociates.com
Michael Ethridge	michaelethridge.com
Etnyre and Associates	etnyreandassociates.com
Etnyre and Associates	etnyreand.com
San Diego Realty & Appraisal Inc.	sandiegorealtyandappraisal.com
San Diego Realty & Appraisal Inc.	sandiegorealtyandappraisals.com
Gretchen L. Etzold	gretchenletzold.com
Jeffeum Inc.	jeffeum.com
Catherine R Evanow	catherinerevanow.com
C.L. Evans Appraising & Consulting	clevansappraisingandconsulting.com
James Evans & Associates	jamesevansand.com
James Evans & Associates	jamesevansandassociates.com
John j.P. Evans	johnjpevans.com
Redhead Appraisal	redheadappraisals.com
Redhead Appraisal	redheadappraisal.com
Todd Ewert Appraisal	toddewertappraisals.com
Todd Ewert Appraisal	toddewertappraisal.com
Ewertz Appraisals	ewertzappraisals.com
Ewertz Appraisals	ewertzappraisal.com
Ewing Appraisal	ewingappraisal.com
Ewing Appraisal	ewingappraisals.com
A T Associates	atassociates.com
A&E Appraisal Services	aandeappraisalservices.com
A&E Appraisal Services	aandeappraisalervices.com
A&E Appraisal Services	aandeappraisal.com
Michael Fagan	michaelfagan.com
Brent Fager	brentfager.com
Janet Fagundes Appraisals	janetfagundesappraisal.com
Janet Fagundes Appraisals	janetfagundesappraisals.com
James Fahrnkopf	jamesfahrnkopf.com
Fair Values	fairvalues.com
Appraisal Now	appraisalsnow.com
Appraisal Now	appraisalnow.com
Dawn Falor	dawnfalor.com
Hillside Appraisal Services	hillsideappraisalservices.com
Hillside Appraisal Services	hillsideappraisalervices.com
Hillside Appraisal Services	hillsideappraisal.com
Evergreen Appraisal Co.	evergreenappraisals.com
Evergreen Appraisal Co.	evergreenappraisal.com
Farah Consolidated	farahconsolidated.com
Farah Consolidated Inc.	farahconsolidated.com
Appraisal Network Solution	appraisalsnetworksolution.com
Appraisal Network Solution	appraisalnetworksolution.com
Farzad Farahani	farzadfarahani.com
Downstream Enterprises Inc.	downstreamenterprises.com
American Appraisers	americanappraisers.com
Jason Farrell Appraisals	jasonfarrellappraisal.com
Jason Farrell Appraisals	jasonfarrellappraisals.com
TRF Appraisals	trfappraisals.com
TRF Appraisals	trfappraisal.com
A Appraisal Group	aappraisalsgroup.com
A Appraisal Group	aappraisal.com
A Appraisal Group	aappraisalgroup.com
John T. Fazio & Associates, Inc.	johntfazioand.com
John T. Fazio & Associates, Inc.	johntfazioandassociates.com
John T Fazio & Associates Inc	johntfazioand.com
John T Fazio & Associates Inc	johntfazioandassociates.com
Fearrand Appraisal Service	fearrandappraisal.com
Fearrand Appraisal Service	fearrandappraisalervice.com
Fearrand Appraisal Service	fearrandappraisalservice.com
Featherston Appraisals	featherstonappraisal.com
Featherston Appraisals	featherstonappraisals.com
Red Sky Risk Services	redskyrisk.com
Red Sky Risk Services	redskyriskservices.com
Mary Ellen Fediuk	maryellenfediuk.com
Hayley N. Fee	hayleynfee.com
Jason Feinstein and Associates	jasonfeinsteinandassociates.com
Jason Feinstein and Associates	jasonfeinsteinand.com
All Valley Appraisal	allvalleyappraisals.com
All Valley Appraisal	allvalleyappraisal.com
Steve Souza Appraisals, Inc.	stevesouzaappraisals.com
Steve Souza Appraisals, Inc.	stevesouzaappraisal.com
First Class Appraisals, Inc.	firstclassappraisal.com
First Class Appraisals, Inc.	firstclassappraisals.com
Realvals	realvals.com
RVS South	rvssouth.com
First Source Appraisal, LLC	firstsourceappraisals.com
First Source Appraisal, LLC	firstsourceappraisal.com
Gabriel Fernandez	gabrielfernandez.com
Axos Bank	axosbank.com
North State Appraisals	northstateappraisal.com
North State Appraisals	northstateappraisals.com
Ferrara Appraisals	ferraraappraisal.com
Ferrara Appraisals	ferraraappraisals.com
City and County of San Francisco	cityandcountyofsanfrancisco.com
Enchanted By Gia	enchantedbygia.com
Ferris Appraisal Services	ferrisappraisal.com
Ferris Appraisal Services	ferrisappraisalervices.com
Ferris Appraisal Services	ferrisappraisalservices.com
J. D. Ferris Appraisals	jdferrisappraisals.com
J. D. Ferris Appraisals	jdferrisappraisal.com
JHF Appraisal Services, Inc.	jhfappraisal.com
JHF Appraisal Services, Inc.	jhfappraisalervices.com
JHF Appraisal Services, Inc.	jhfappraisalservices.com
Fetters Appraisal Company	fettersappraisals.com
Fetters Appraisal Company	fettersappraisal.com
Stanford & Feuerborn	stanfordandfeuerborn.com
David P Fiamengo	davidpfiamengo.com
SF Appraisals	sfappraisals.com
SF Appraisals	sfappraisal.com
Academy Appraisal Services	academyappraisalervices.com
Academy Appraisal Services	academyappraisal.com
Academy Appraisal Services	academyappraisalservices.com
Greg Fields Appraiser	gregfieldsappraiser.com
Figueroa & Associates	figueroaandassociates.com
Figueroa & Associates	figueroaand.com
Finch Appraisal	finchappraisals.com
Finch Appraisal	finchappraisal.com
Mariann Finegold	mariannfinegold.com
Appraisals Direct	appraisalsdirect.com
Appraisals Direct	appraisaldirect.com
Finn Appraisals	finnappraisal.com
Finn Appraisals	finnappraisals.com
ALPINE APPRAISAL GROUP	alpineappraisalsgroup.com
ALPINE APPRAISAL GROUP	alpineappraisal.com
ALPINE APPRAISAL GROUP	alpineappraisalgroup.com
Bungalow Dreams, Inc.	bungalowdreams.com
Accurate Group, LLC	accurate.com
Accurate Group, LLC	accurategroup.com
FinnMar LLC	finnmar.com
self	self.com
Legacy Appraisal Co.	legacyappraisal.com
Legacy Appraisal Co.	legacyappraisals.com
MVAppraisals, LLC	mvappraisal.com
MVAppraisals, LLC	mvappraisals.com
Appraisal Evaluations, Inc	appraisalsevaluations.com
Appraisal Evaluations, Inc	appraisalevaluations.com
Fisher Appraisal	fisherappraisal.com
Fisher Appraisal	fisherappraisals.com
Newfi Lending	newfilending.com
Property Sciences Inc.	propertysciences.com
JLF Appraisals	jlfappraisal.com
JLF Appraisals	jlfappraisals.com
William J Fitzgerald	williamjfitzgerald.com
Catherine Fitzpatrick	catherinefitzpatrick.com
Fleener Services	fleener.com
Fleener Services	fleenerservices.com
Arrowmaker Appraisal	arrowmakerappraisal.com
Arrowmaker Appraisal	arrowmakerappraisals.com
Paul Fletcher	paulfletcher.com
Jesus Flores Appraisals	jesusfloresappraisals.com
Jesus Flores Appraisals	jesusfloresappraisal.com
Flores Real Estate Appraisals	floresrealestateappraisals.com
Flores Real Estate Appraisals	floresrealestateappraisal.com
Baycity Appraisals	baycityappraisals.com
Baycity Appraisals	baycityappraisal.com
Ruben Flores	rubenflores.com
Appraise Homes SoCal	appraisehomessocal.com
Appraise It 1st	appraiseit1st.com
Katarina Fok	katarinafok.com
Michael Folk Appraisals	michaelfolkappraisals.com
Michael Folk Appraisals	michaelfolkappraisal.com
Central Valley Appraisal Services	centralvalleyappraisalservices.com
Central Valley Appraisal Services	centralvalleyappraisal.com
Central Valley Appraisal Services	centralvalleyappraisalervices.com
J. Fong Appraisal Services	jfongappraisalervices.com
J. Fong Appraisal Services	jfongappraisalservices.com
J. Fong Appraisal Services	jfongappraisal.com
Fontes Appraisals, Inc.	fontesappraisal.com
Fontes Appraisals, Inc.	fontesappraisals.com
7 Bridges Appraisals	7bridgesappraisals.com
7 Bridges Appraisals	7bridgesappraisal.com
NorCal Quality Appraisals	norcalqualityappraisal.com
NorCal Quality Appraisals	norcalqualityappraisals.com
EJ Appraisals	ejappraisal.com
EJ Appraisals	ejappraisals.com
West Coast Appraisals	westcoastappraisal.com
West Coast Appraisals	westcoastappraisals.com
James E. Ford	jameseford.com
Hibernian Appraisals	hibernianappraisals.com
Hibernian Appraisals	hibernianappraisal.com
Foreman Appraisal	foremanappraisals.com
Foreman Appraisal	foremanappraisal.com
Real Value  Appraisals	realvalueappraisals.com
Real Value  Appraisals	realvalueappraisal.com
Brentwood Property Appraisal	brentwoodpropertyappraisals.com
Brentwood Property Appraisal	brentwoodpropertyappraisal.com
Arash Foroutan Appraisals, LLC	arashforoutanappraisal.com
Arash Foroutan Appraisals, LLC	arashforoutanappraisals.com
Arvin Foroutan	arvinforoutan.com
Foroutan Appraisal Services, LLC	foroutanappraisal.com
Foroutan Appraisal Services, LLC	foroutanappraisalservices.com
Foroutan Appraisal Services, LLC	foroutanappraisalervices.com
Eve Danner	evedanner.com
JM Forquer Appraisal Services	jmforquerappraisal.com
JM Forquer Appraisal Services	jmforquerappraisalservices.com
JM Forquer Appraisal Services	jmforquerappraisalervices.com
Brockway Properties	brockwayproperties.com
Ashley Forsyth	ashleyforsyth.com
Filip Valuation	filipvaluation.com
Robert Fosdahl Appraisal	robertfosdahlappraisals.com
Robert Fosdahl Appraisal	robertfosdahlappraisal.com
Foster Appraisal	fosterappraisals.com
Foster Appraisal	fosterappraisal.com
Fish & Foster Appraisers	fishandfosterappraisers.com
J & D Appraisals	janddappraisals.com
J & D Appraisals	janddappraisal.com
Foster's Appraisals, Inc.	fostersappraisals.com
Foster's Appraisals, Inc.	fostersappraisal.com
Foster Realty & Appraisal Services	fosterrealtyandappraisalservices.com
Foster Realty & Appraisal Services	fosterrealtyandappraisalervices.com
Foster Realty & Appraisal Services	fosterrealtyandappraisal.com
Susan Foster	susanfoster.com
Capitol Appraisal Service	capitolappraisalservice.com
Capitol Appraisal Service	capitolappraisalervice.com
Capitol Appraisal Service	capitolappraisal.com
Accurity Consolidated	accurityconsolidated.com
Ellen Louise Fowler	ellenlouisefowler.com
Fowler Appraisal Service	fowlerappraisalservice.com
Fowler Appraisal Service	fowlerappraisal.com
Fowler Appraisal Service	fowlerappraisalervice.com
C&C Appraisal Services, Inc.	candcappraisalservices.com
C&C Appraisal Services, Inc.	candcappraisalervices.com
C&C Appraisal Services, Inc.	candcappraisal.com
Phronesis Property Appraisals	phronesispropertyappraisal.com
Phronesis Property Appraisals	phronesispropertyappraisals.com
Fradella Appraisal Works	fradellaappraisalsworks.com
Fradella Appraisal Works	fradellaappraisalworks.com
James Fradella Appraisal Service	jamesfradellaappraisalservice.com
James Fradella Appraisal Service	jamesfradellaappraisal.com
James Fradella Appraisal Service	jamesfradellaappraisalervice.com
Neil Fradkin	neilfradkin.com
Certified Appraisal Service	certifiedappraisal.com
Certified Appraisal Service	certifiedappraisalervice.com
Certified Appraisal Service	certifiedappraisalservice.com
Frangadakis Corp (DBA) Certified Appraisal Service	frangadakisdbacertifiedappraisalervice.com
Frangadakis Corp (DBA) Certified Appraisal Service	frangadakisdbacertifiedappraisalservice.com
Frangadakis Corp (DBA) Certified Appraisal Service	frangadakisdbacertifiedappraisal.com
Richard Franklin and Associates	richardfranklinandassociates.com
Richard Franklin and Associates	richardfranklinand.com
Franko & Associates	frankoandassociates.com
Franko & Associates	frankoand.com
Brian Franz Appraisals	brianfranzappraisals.com
Brian Franz Appraisals	brianfranzappraisal.com
Janet Franzen	janetfranzen.com
Chuck Frazier & Associates	chuckfrazierand.com
Chuck Frazier & Associates	chuckfrazierandassociates.com
Terry Frazier Appraisals	terryfrazierappraisal.com
Terry Frazier Appraisals	terryfrazierappraisals.com
Neighborhood Appraisals	neighborhoodappraisal.com
Neighborhood Appraisals	neighborhoodappraisals.com
DF Appraisal	dfappraisals.com
DF Appraisal	dfappraisal.com
Southern California Appraisal Group	southerncaliforniaappraisal.com
Southern California Appraisal Group	southerncaliforniaappraisalsgroup.com
Southern California Appraisal Group	southerncaliforniaappraisalgroup.com
Bradley M Freedman	bradleymfreedman.com
Sam & Associates	samandassociates.com
Sam & Associates	samand.com
Seaside Real Estate Services, Inc.	seasiderealestateservices.com
Seaside Real Estate Services, Inc.	seasiderealestate.com
Friend's Appraisal Service Team	friendsappraisalserviceteam.com
Friend's Appraisal Service Team	friendsappraisalerviceteam.com
GMF Appraisals, Inc	gmfappraisals.com
GMF Appraisals, Inc	gmfappraisal.com
Surfside Appraisals	surfsideappraisal.com
Surfside Appraisals	surfsideappraisals.com
The Appraisal Group	theappraisalsgroup.com
The Appraisal Group	theappraisal.com
The Appraisal Group	theappraisalgroup.com
AGJ Appraisal Services	agjappraisalervices.com
AGJ Appraisal Services	agjappraisal.com
AGJ Appraisal Services	agjappraisalservices.com
David L Fry	davidlfry.com
Quality Appraisal Services	qualityappraisal.com
Quality Appraisal Services	qualityappraisalervices.com
Quality Appraisal Services	qualityappraisalservices.com
Advantage Appraisal Service	advantageappraisalervice.com
Advantage Appraisal Service	advantageappraisal.com
Advantage Appraisal Service	advantageappraisalservice.com
Advantage Appraisal Service Inc	advantageappraisalervice.com
Advantage Appraisal Service Inc	advantageappraisal.com
Advantage Appraisal Service Inc	advantageappraisalservice.com
Express Appraisal Service	expressappraisalervice.com
Express Appraisal Service	expressappraisalservice.com
Express Appraisal Service	expressappraisal.com
D K Appraisal Inc.	dkappraisals.com
D K Appraisal Inc.	dkappraisal.com
CV3 Financial Services	cv3financialservices.com
CV3 Financial Services	cv3financial.com
Fuller Appraisals	fullerappraisal.com
Fuller Appraisals	fullerappraisals.com
Fuller Appraisal Associates, Inc.	fullerappraisalsassociates.com
Fuller Appraisal Associates, Inc.	fullerappraisalassociates.com
Fuller Appraisal Associates, Inc.	fullerappraisal.com
ACF Appraisal Services	acfappraisalservices.com
ACF Appraisal Services	acfappraisalervices.com
ACF Appraisal Services	acfappraisal.com
Kenny Furuya Appraisal Services	kennyfuruyaappraisal.com
Kenny Furuya Appraisal Services	kennyfuruyaappraisalervices.com
Kenny Furuya Appraisal Services	kennyfuruyaappraisalservices.com
E & L Appraisals	eandlappraisals.com
E & L Appraisals	eandlappraisal.com
Gala Appraisals	galaappraisal.com
Gala Appraisals	galaappraisals.com
Gala Appraisal Services	galaappraisalervices.com
Gala Appraisal Services	galaappraisal.com
Gala Appraisal Services	galaappraisalservices.com
High Speed Appraisals	highspeedappraisal.com
High Speed Appraisals	highspeedappraisals.com
Appraising Time	appraisingtime.com
RG Appraisal Service	rgappraisalservice.com
RG Appraisal Service	rgappraisal.com
RG Appraisal Service	rgappraisalervice.com
ABC Appraising, Inc.	abcappraising.com
Bay Appraisal	bayappraisals.com
Bay Appraisal	bayappraisal.com
Andreini Appraisal Services	andreiniappraisalservices.com
Andreini Appraisal Services	andreiniappraisal.com
Andreini Appraisal Services	andreiniappraisalervices.com
Sean B. Gallagher Appraiser	seanbgallagherappraiser.com
Jaime Gallegos Residential Appraiser	jaimegallegosresidentialappraiser.com
Gallo Appraisal	galloappraisal.com
Gallo Appraisal	galloappraisals.com
Gallo & Gallo Real Estate Appraisal	galloandgallorealestateappraisals.com
Gallo & Gallo Real Estate Appraisal	galloandgallorealestateappraisal.com
Appraisal Express	appraisalsexpress.com
Appraisal Express	appraisalexpress.com
RG Appraisal Services	rgappraisalervices.com
RG Appraisal Services	rgappraisalservices.com
RG Appraisal Services	rgappraisal.com
Community Appraisal	communityappraisal.com
Community Appraisal	communityappraisals.com
Julie Galvin	juliegalvin.com
Appraisal Associates of Merced	appraisalsassociatesofmerced.com
Appraisal Associates of Merced	appraisalassociatesofmerced.com
Andy Gamboa	andygamboa.com
GSG Appraisal Services	gsgappraisalervices.com
GSG Appraisal Services	gsgappraisal.com
GSG Appraisal Services	gsgappraisalservices.com
New Wine Real Estate, Inc.	newwinerealestate.com
Gannon Appraisals	gannonappraisals.com
Gannon Appraisals	gannonappraisal.com
Realestimate Service Co.	realestimateservice.com
Realestimate Service Co.	realestimate.com
Refined Approach	refinedapproach.com
A & S Appraisal Services	aandsappraisalervices.com
A & S Appraisal Services	aandsappraisalservices.com
A & S Appraisal Services	aandsappraisal.com
Calvin Garcia	calvingarcia.com
24/7 APPRAISAL SERVICE	247appraisalervice.com
24/7 APPRAISAL SERVICE	247appraisalservice.com
24/7 APPRAISAL SERVICE	247appraisal.com
Victory Appraisals	victoryappraisal.com
Victory Appraisals	victoryappraisals.com
JP Appraisals	jpappraisal.com
JP Appraisals	jpappraisals.com
California RE Appraisers & Consultants	californiareappraisersandconsultants.com
Approved Appraisal Group	approvedappraisal.com
Approved Appraisal Group	approvedappraisalsgroup.com
Approved Appraisal Group	approvedappraisalgroup.com
Veronika Garcia	veronikagarcia.com
QUANTUM APPRAISALS INC.	quantumappraisals.com
QUANTUM APPRAISALS INC.	quantumappraisal.com
Silver Ace Real Estate Company	silveracerealestate.com
Amy Garibay Appraisal Services	amygaribayappraisalervices.com
Amy Garibay Appraisal Services	amygaribayappraisalservices.com
Amy Garibay Appraisal Services	amygaribayappraisal.com
Eric Garner Appraisals	ericgarnerappraisals.com
Eric Garner Appraisals	ericgarnerappraisal.com
Kirk L. Garner	kirklgarner.com
Laurian Garner Appraisals	lauriangarnerappraisals.com
Laurian Garner Appraisals	lauriangarnerappraisal.com
Garner Appraisals	garnerappraisal.com
Garner Appraisals	garnerappraisals.com
Sean Garner Appraisals	seangarnerappraisal.com
Sean Garner Appraisals	seangarnerappraisals.com
Yelena Garnik	yelenagarnik.com
Garrahan Appraisal	garrahanappraisal.com
Garrahan Appraisal	garrahanappraisals.com
Thomas Associates	thomas.com
Thomas Associates	thomasassociates.com
Keystone Appraisal Services	keystoneappraisalervices.com
Keystone Appraisal Services	keystoneappraisal.com
Keystone Appraisal Services	keystoneappraisalservices.com
Jason Gary	jasongary.com
Anthony Gatti	anthonygatti.com
Action Appraisal Services	actionappraisalervices.com
Action Appraisal Services	actionappraisalservices.com
Action Appraisal Services	actionappraisal.com
Christopher Gault Appraisals	christophergaultappraisal.com
Christopher Gault Appraisals	christophergaultappraisals.com
Gvs Appraisal, Inc.	gvsappraisal.com
Gvs Appraisal, Inc.	gvsappraisals.com
Victor Geanakos	victorgeanakos.com
Geckeler Appraisal Services	geckelerappraisalervices.com
Geckeler Appraisal Services	geckelerappraisalservices.com
Geckeler Appraisal Services	geckelerappraisal.com
Jeffrey Gee Appraisal Service Inc.	jeffreygeeappraisalservice.com
Jeffrey Gee Appraisal Service Inc.	jeffreygeeappraisal.com
Jeffrey Gee Appraisal Service Inc.	jeffreygeeappraisalervice.com
AppraisalPower.com	appraisalspowercom.com
AppraisalPower.com	appraisalpowercom.com
DMG Appraisal	dmgappraisals.com
DMG Appraisal	dmgappraisal.com
Sarah Gentile	sarahgentile.com
Coastal Real Estate Services	coastalrealestate.com
Coastal Real Estate Services	coastalrealestateservices.com
A & J Consulting Services, Inc.	aandjconsulting.com
A & J Consulting Services, Inc.	aandjconsultingservices.com
Lorel Appraisal Company	lorelappraisals.com
Lorel Appraisal Company	lorelappraisal.com
Streamline Appraisals	streamlineappraisal.com
Streamline Appraisals	streamlineappraisals.com
Epic Appraisal	epicappraisal.com
Epic Appraisal	epicappraisals.com
Marc Gerard III, Appraiser/Consultant	marcgerardiiiappraiserconsultant.com
Appraisal Central Inc.	appraisalscentral.com
Appraisal Central Inc.	appraisalcentral.com
MINA GERGES APPRAISAL	minagergesappraisal.com
MINA GERGES APPRAISAL	minagergesappraisals.com
Sam's Appraisal Services	samsappraisal.com
Sam's Appraisal Services	samsappraisalservices.com
Sam's Appraisal Services	samsappraisalervices.com
Courtesy Appraisal	courtesyappraisal.com
Courtesy Appraisal	courtesyappraisals.com
Siddha Giacomo Appraisal Services	siddhagiacomoappraisal.com
Siddha Giacomo Appraisal Services	siddhagiacomoappraisalervices.com
Siddha Giacomo Appraisal Services	siddhagiacomoappraisalservices.com
Mike Gianopoulos Appraisals	mikegianopoulosappraisals.com
Mike Gianopoulos Appraisals	mikegianopoulosappraisal.com
HomeZip Inc.	homezip.com
Alba Appraisals Services	albaappraisalservices.com
Alba Appraisals Services	albaappraisals.com
Alba Appraisals Services	albaappraisalsservices.com
Gibson Appraisals	gibsonappraisals.com
Gibson Appraisals	gibsonappraisal.com
Gibson and Associates	gibsonandassociates.com
Gibson and Associates	gibsonand.com
VSG Real Estate Services	vsgrealestate.com
VSG Real Estate Services	vsgrealestateservices.com
Jon Giedt	jongiedt.com
Desert Coast Appraisal	desertcoastappraisals.com
Desert Coast Appraisal	desertcoastappraisal.com
Alexander Gilbert	alexandergilbert.com
Appraisal Shores	appraisalshores.com
Appraisal Shores	appraisalhores.com
Gills Appraisals Inc.	gillsappraisal.com
Gills Appraisals Inc.	gillsappraisals.com
Giller Appraisal Services	gillerappraisal.com
Giller Appraisal Services	gillerappraisalervices.com
Giller Appraisal Services	gillerappraisalservices.com
KHG Appraisals	khgappraisals.com
KHG Appraisals	khgappraisal.com
Gillins Consulting Services	gillinsconsulting.com
Gillins Consulting Services	gillinsconsultingservices.com
Appraisal's	appraisal.com
Appraisal's	appraisals.com
Gillis Appraisal Service	gillisappraisal.com
Gillis Appraisal Service	gillisappraisalervice.com
Gillis Appraisal Service	gillisappraisalservice.com
JGI Appraisals	jgiappraisals.com
JGI Appraisals	jgiappraisal.com
Gilmour Appraisal Services, Inc.	gilmourappraisalervices.com
Gilmour Appraisal Services, Inc.	gilmourappraisal.com
Gilmour Appraisal Services, Inc.	gilmourappraisalservices.com
Direct Appraisals, Inc	directappraisal.com
Direct Appraisals, Inc	directappraisals.com
Direct Appraisals Group, Inc.	directappraisalgroup.com
Direct Appraisals Group, Inc.	directappraisalsgroup.com
Direct Appraisals Group, Inc.	directappraisals.com
Ginzburg Real Estate Appraisal Co.	ginzburgrealestateappraisal.com
Ginzburg Real Estate Appraisal Co.	ginzburgrealestateappraisals.com
Certified Residential Appraiser	certifiedresidentialappraiser.com
Appraiser Bob	appraiserbob.com
Appraisal Pro	appraisalpro.com
Appraisal Pro	appraisalspro.com
Joshua Goad Real Estate Appraisals	joshuagoadrealestateappraisals.com
Joshua Goad Real Estate Appraisals	joshuagoadrealestateappraisal.com
Michael Goad Real Estate Appraisers	michaelgoadrealestateappraisers.com
Godbold Valuations	godboldvaluations.com
Joseph A. Schillage, Appraisal Association	josephaschillageappraisalsassociation.com
Joseph A. Schillage, Appraisal Association	josephaschillageappraisalassociation.com
Home Appraisal Services	homeappraisalservices.com
Home Appraisal Services	homeappraisal.com
Home Appraisal Services	homeappraisalervices.com
Goins Appraisal Service	goinsappraisalervice.com
Goins Appraisal Service	goinsappraisalservice.com
Goins Appraisal Service	goinsappraisal.com
RSDS, LLC	rsds.com
Dan Goldberg Appraisals	dangoldbergappraisals.com
Dan Goldberg Appraisals	dangoldbergappraisal.com
BW Goldblatt Appraisals	bwgoldblattappraisals.com
BW Goldblatt Appraisals	bwgoldblattappraisal.com
Westside Appraisal Group	westsideappraisalgroup.com
Westside Appraisal Group	westsideappraisalsgroup.com
Westside Appraisal Group	westsideappraisal.com
Keith F. Golden-Real Estate Appraiser	keithfgoldenrealestateappraiser.com
Theodore S Goldenberg	theodoresgoldenberg.com
Gold Appraisals	goldappraisals.com
Gold Appraisals	goldappraisal.com
CRAIG GOLDSTEIN'S APPRASISAL S	craiggoldsteinsapprasisals.com
LG Appraisal Services	lgappraisalservices.com
LG Appraisal Services	lgappraisal.com
LG Appraisal Services	lgappraisalervices.com
RealValue Appraisal	realvalueappraisals.com
RealValue Appraisal	realvalueappraisal.com
A-Plus Appraisals	aplusappraisal.com
A-Plus Appraisals	aplusappraisals.com
Express Appraisal	expressappraisal.com
Express Appraisal	expressappraisals.com
Richard Gonsalves Appraisals	richardgonsalvesappraisal.com
Richard Gonsalves Appraisals	richardgonsalvesappraisals.com
First Citizens Bank	firstcitizensbank.com
Aura Appraisals	auraappraisal.com
Aura Appraisals	auraappraisals.com
San Diego County Appraisals	sandiegocountyappraisal.com
San Diego County Appraisals	sandiegocountyappraisals.com
AG Appraisal Services Inc.	agappraisal.com
AG Appraisal Services Inc.	agappraisalservices.com
AG Appraisal Services Inc.	agappraisalervices.com
Doug Gonzalez Appraiser	douggonzalezappraiser.com
Gooch Appraisal Services	goochappraisal.com
Gooch Appraisal Services	goochappraisalservices.com
Gooch Appraisal Services	goochappraisalervices.com
Good Appraisal Services, Inc.	goodappraisal.com
Good Appraisal Services, Inc.	goodappraisalervices.com
Good Appraisal Services, Inc.	goodappraisalservices.com
Mark A. Goodman	markagoodman.com
Thomas Goodwyn Appraisal	thomasgoodwynappraisal.com
Thomas Goodwyn Appraisal	thomasgoodwynappraisals.com
Goosby Valuation	goosbyvaluation.com
Gatsby Appraisal	gatsbyappraisal.com
Gatsby Appraisal	gatsbyappraisals.com
Corona Appraisal Service	coronaappraisal.com
Corona Appraisal Service	coronaappraisalervice.com
Corona Appraisal Service	coronaappraisalservice.com
JW Gordon	jwgordon.com
JP Gorman Real Estate Appraisal	jpgormanrealestateappraisal.com
JP Gorman Real Estate Appraisal	jpgormanrealestateappraisals.com
Valley Appraisal Service	valleyappraisalservice.com
Valley Appraisal Service	valleyappraisalervice.com
Valley Appraisal Service	valleyappraisal.com
Arrowhead Real Estate Services	arrowheadrealestateservices.com
Arrowhead Real Estate Services	arrowheadrealestate.com
Nick Grace, Residential Appraisals	nickgraceresidentialappraisal.com
Nick Grace, Residential Appraisals	nickgraceresidentialappraisals.com
Metro Appraisals, Inc.	metroappraisals.com
Metro Appraisals, Inc.	metroappraisal.com
LAGG Appraisals	laggappraisal.com
LAGG Appraisals	laggappraisals.com
Graham Enterprises	grahamenterprises.com
Recommended Funding Group, Inc.	recommendedfunding.com
Recommended Funding Group, Inc.	recommendedfundinggroup.com
Macier Appraisal	macierappraisal.com
Macier Appraisal	macierappraisals.com
AAMC Orange County, Inc.	aamcorangecounty.com
Carla M. Grant	carlamgrant.com
DGGAPPRAISALS	dggappraisals.com
DGGAPPRAISALS	dggappraisal.com
Grant Appraisal	grantappraisals.com
Grant Appraisal	grantappraisal.com
Vern Grant Appraisals	verngrantappraisal.com
Vern Grant Appraisals	verngrantappraisals.com
Newport Appraisal Specialist LLC	newportappraisalpecialist.com
Newport Appraisal Specialist LLC	newportappraisalspecialist.com
PennyMac	pennymac.com
Kristy M. Gray	kristymgray.com
Shannon Gray Appraisal Services	shannongrayappraisal.com
Shannon Gray Appraisal Services	shannongrayappraisalervices.com
Shannon Gray Appraisal Services	shannongrayappraisalservices.com
Cynthia J Greaves	cynthiajgreaves.com
Patriot Appraisals	patriotappraisal.com
Patriot Appraisals	patriotappraisals.com
B Green 11 Appraisals	bgreen11appraisals.com
B Green 11 Appraisals	bgreen11appraisal.com
Greenaway Appraisals, Inc.	greenawayappraisals.com
Greenaway Appraisals, Inc.	greenawayappraisal.com
Real Works and Associates, Inc.	realworksandassociates.com
Real Works and Associates, Inc.	realworksand.com
Golden Poppy Appraisal	goldenpoppyappraisals.com
Golden Poppy Appraisal	goldenpoppyappraisal.com
Hestia Real Estate Appraisals	hestiarealestateappraisal.com
Hestia Real Estate Appraisals	hestiarealestateappraisals.com
LG Appraisals	lgappraisal.com
LG Appraisals	lgappraisals.com
Trio Appraisals Group	trioappraisalgroup.com
Trio Appraisals Group	trioappraisals.com
Trio Appraisals Group	trioappraisalsgroup.com
Homeward Bound Appraisal Services	homewardboundappraisalervices.com
Homeward Bound Appraisal Services	homewardboundappraisal.com
Homeward Bound Appraisal Services	homewardboundappraisalservices.com
Indico Properties dba Valley Foothill Appraisals	indicopropertiesdbavalleyfoothillappraisal.com
NorthStar Appraisal Services	northstarappraisal.com
NorthStar Appraisal Services	northstarappraisalservices.com
NorthStar Appraisal Services	northstarappraisalervices.com
Appraisal Masters	appraisalmasters.com
Appraisal Masters	appraisalsmasters.com
Property Valuation Consultants	propertyvaluationconsultants.com
Kathy Grimes Appraisals	kathygrimesappraisals.com
Kathy Grimes Appraisals	kathygrimesappraisal.com
J. H. Groetsch Appraisals	jhgroetschappraisals.com
J. H. Groetsch Appraisals	jhgroetschappraisal.com
Martin Groff Appraisals	martingroffappraisals.com
Martin Groff Appraisals	martingroffappraisal.com
Nikkilynn Groggins	nikkilynngroggins.com
Adam A. Gromko	adamagromko.com
Alliance Appraisal Group	allianceappraisal.com
Alliance Appraisal Group	allianceappraisalgroup.com
Alliance Appraisal Group	allianceappraisalsgroup.com
David Gross	davidgross.com
Robert Grove Real Estate & Valuation Services Inc	robertgroverealestateandvaluation.com
Dana L. Grover Associates	danalgrover.com
Dana L. Grover Associates	danalgroverassociates.com
Grubb R.E. & Appraisal	grubbreandappraisals.com
Grubb R.E. & Appraisal	grubbreandappraisal.com
Grubb Real Estate and Appraisal	grubbrealestateandappraisals.com
Grubb Real Estate and Appraisal	grubbrealestateandappraisal.com
Paragon Valuations	paragonvaluations.com
@Home VMS	homevms.com
CH&P Appraisal Services, Inc	chandpappraisalservices.com
CH&P Appraisal Services, Inc	chandpappraisal.com
CH&P Appraisal Services, Inc	chandpappraisalervices.com
Kari L. Gulbro	karilgulbro.com
Holly Gunther Appraisals	hollyguntherappraisals.com
Holly Gunther Appraisals	hollyguntherappraisal.com
Vern Gunther Appraisal	vernguntherappraisal.com
Vern Gunther Appraisal	vernguntherappraisals.com
True Appraisal Services	trueappraisal.com
True Appraisal Services	trueappraisalservices.com
True Appraisal Services	trueappraisalervices.com
JSR Analytix inc	jsranalytix.com
EZ Appraisals	ezappraisal.com
EZ Appraisals	ezappraisals.com
Michael Gurvich	michaelgurvich.com
Gutierrez Appraisals and Realty, Inc.	gutierrezappraisalsandrealty.com
Gutierrez Appraisals and Realty, Inc.	gutierrezappraisalandrealty.com
Fast Appraisals	fastappraisals.com
Fast Appraisals	fastappraisal.com
JMG Real Estate Appraisals	jmgrealestateappraisals.com
JMG Real Estate Appraisals	jmgrealestateappraisal.com
ASC Appraisals	ascappraisals.com
ASC Appraisals	ascappraisal.com
Gutierrez Appraisals And Realty, Inc.	gutierrezappraisalsandrealty.com
Gutierrez Appraisals And Realty, Inc.	gutierrezappraisalandrealty.com
Gutierrez Appraisal Services	gutierrezappraisal.com
Gutierrez Appraisal Services	gutierrezappraisalervices.com
Gutierrez Appraisal Services	gutierrezappraisalservices.com
DMG APPRAISALS	dmgappraisals.com
DMG APPRAISALS	dmgappraisal.com
John & Associates	johnand.com
John & Associates	johnandassociates.com
Diem Ha	diemha.com
Pacific South Bay Appraisals	pacificsouthbayappraisal.com
Pacific South Bay Appraisals	pacificsouthbayappraisals.com
Appraisal Solutions	appraisalsolutions.com
Appraisal Solutions	appraisalolutions.com
Haas Appraisals	haasappraisal.com
Haas Appraisals	haasappraisals.com
Prime Appraisal Services	primeappraisal.com
Prime Appraisal Services	primeappraisalservices.com
Prime Appraisal Services	primeappraisalervices.com
Angela Habercorn	angelahabercorn.com
Appraisal Link	appraisalslink.com
Appraisal Link	appraisallink.com
Basimah Haddad	basimahhaddad.com
Doug Haderle Appraisals	doughaderleappraisal.com
Doug Haderle Appraisals	doughaderleappraisals.com
amistar	amistar.com
Saddleback Appraisal Group	saddlebackappraisalsgroup.com
Saddleback Appraisal Group	saddlebackappraisal.com
Saddleback Appraisal Group	saddlebackappraisalgroup.com
Hain and Associates	hainand.com
Hain and Associates	hainandassociates.com
Wesley H Hain	wesleyhhain.com
Haines Appraisals and Reviews	hainesappraisalsandreviews.com
Haines Appraisals and Reviews	hainesappraisalandreviews.com
Basco Appraisal Services	bascoappraisalservices.com
Basco Appraisal Services	bascoappraisal.com
Basco Appraisal Services	bascoappraisalervices.com
Hall Appraisal Services Incoporated	hallappraisalervicesincoporated.com
Hall Appraisal Services Incoporated	hallappraisalservicesincoporated.com
Gordon Hall Appraisers Inc	gordonhallappraisers.com
Hudson's Appraisal Services	hudsonsappraisalservices.com
Hudson's Appraisal Services	hudsonsappraisalervices.com
Hudson's Appraisal Services	hudsonsappraisal.com
KJ Property Appraisals	kjpropertyappraisals.com
KJ Property Appraisals	kjpropertyappraisal.com
Certified Appraisals	certifiedappraisal.com
Certified Appraisals	certifiedappraisals.com
Hall & Associates	halland.com
Hall & Associates	hallandassociates.com
Eastern Sierra Appraisals	easternsierraappraisals.com
Eastern Sierra Appraisals	easternsierraappraisal.com
Halperin Appraisals	halperinappraisals.com
Halperin Appraisals	halperinappraisal.com
Nancy Halterlein	nancyhalterlein.com
Halvorson Valuation Group	halvorsonvaluation.com
Halvorson Valuation Group	halvorsonvaluationgroup.com
David E. Ham	davideham.com
Choice Appraisals	choiceappraisals.com
Choice Appraisals	choiceappraisal.com
Casey Hamilton Appraisal Pro Services	caseyhamiltonappraisalpro.com
Casey Hamilton Appraisal Pro Services	caseyhamiltonappraisalsproservices.com
Casey Hamilton Appraisal Pro Services	caseyhamiltonappraisalproservices.com
DHAG Corp.	dhag.com
Debbie Hamilton	debbiehamilton.com
MLH Appraisal	mlhappraisal.com
MLH Appraisal	mlhappraisals.com
Hammer Appraisal LLC	hammerappraisals.com
Hammer Appraisal LLC	hammerappraisal.com
Sacramento Appraisal Group	sacramentoappraisal.com
Sacramento Appraisal Group	sacramentoappraisalsgroup.com
Sacramento Appraisal Group	sacramentoappraisalgroup.com
Michael Han Appraisals	michaelhanappraisals.com
Michael Han Appraisals	michaelhanappraisal.com
Hanada Appraisal Service	hanadaappraisalervice.com
Hanada Appraisal Service	hanadaappraisal.com
Hanada Appraisal Service	hanadaappraisalservice.com
Doc Appraisals	docappraisal.com
Doc Appraisals	docappraisals.com
J&L Hancock Appraisals	jandlhancockappraisals.com
J&L Hancock Appraisals	jandlhancockappraisal.com
Handy and Associates	handyandassociates.com
Handy and Associates	handyand.com
CG Appraisal,inc	cgappraisalsinc.com
CG Appraisal,inc	cgappraisalinc.com
Tom Hanks Appraisals	tomhanksappraisal.com
Tom Hanks Appraisals	tomhanksappraisals.com
Gina Cursi	ginacursi.com
STEVEN HANNIGAN APPRAISAL	stevenhanniganappraisals.com
STEVEN HANNIGAN APPRAISAL	stevenhanniganappraisal.com
Zayas Real Estate Solutions LLC	zayasrealestatesolutions.com
Lyndsay Hanson	lyndsayhanson.com
Hanson Real Estate Group	hansonrealestategroup.com
Hanson Real Estate Group	hansonrealestate.com
Above All Appraisals	aboveallappraisals.com
Above All Appraisals	aboveallappraisal.com
Spartacus Appraisals, Inc.	spartacusappraisals.com
Spartacus Appraisals, Inc.	spartacusappraisal.com
Haragely Appraisals Inc.	haragelyappraisal.com
Haragely Appraisals Inc.	haragelyappraisals.com
Precise Appraisal Service	preciseappraisalervice.com
Precise Appraisal Service	preciseappraisalservice.com
Precise Appraisal Service	preciseappraisal.com
Hardin Appraisal	hardinappraisal.com
Hardin Appraisal	hardinappraisals.com
Solano Appraisal	solanoappraisal.com
Solano Appraisal	solanoappraisals.com
Century Appraisal Group	centuryappraisalgroup.com
Century Appraisal Group	centuryappraisalsgroup.com
Century Appraisal Group	centuryappraisal.com
David Harless	davidharless.com
Theodore Harmand Appraisals	theodoreharmandappraisal.com
Theodore Harmand Appraisals	theodoreharmandappraisals.com
U. S. Department of Housing and Urban Development	usdepartmentofhousingandurbandevelopment.com
Premier Appraisals LLC	premierappraisals.com
Premier Appraisals LLC	premierappraisal.com
Current Valuations, LLC	currentvaluations.com
VLH Valuations and Consulting	vlhvaluationsandconsulting.com
Harris Appraisals	harrisappraisal.com
Harris Appraisals	harrisappraisals.com
Southern California Home Appraisal & Cynthia Harris Appraisal	southerncaliforniahomeappraisalsandcynthiaharrisappraisals.com
Harris Real Estate Valuation and Consulting, LLC	harrisrealestatevaluationandconsulting.com
Anchor Appraisals, Inc	anchorappraisals.com
Anchor Appraisals, Inc	anchorappraisal.com
Harris Valuation Solutions, LLC	harrisvaluationsolutions.com
Harris Appraisal Services	harrisappraisal.com
Harris Appraisal Services	harrisappraisalervices.com
Harris Appraisal Services	harrisappraisalservices.com
sally harris	sallyharris.com
Orangecrest Appraisal Service	orangecrestappraisalservice.com
Orangecrest Appraisal Service	orangecrestappraisalervice.com
Orangecrest Appraisal Service	orangecrestappraisal.com
Alex L. Hart	alexlhart.com
Hart Certified Appraisal Service	hartcertifiedappraisal.com
Hart Certified Appraisal Service	hartcertifiedappraisalervice.com
Hart Certified Appraisal Service	hartcertifiedappraisalservice.com
HART & HART APPRAISAL SERVICE	hartandhartappraisal.com
HART & HART APPRAISAL SERVICE	hartandhartappraisalservice.com
HART & HART APPRAISAL SERVICE	hartandhartappraisalervice.com
Hartley Appraisal Service	hartleyappraisal.com
Hartley Appraisal Service	hartleyappraisalservice.com
Hartley Appraisal Service	hartleyappraisalervice.com
Midnight Appraisal Service	midnightappraisalervice.com
Midnight Appraisal Service	midnightappraisal.com
Midnight Appraisal Service	midnightappraisalservice.com
Barry Harward Appraisal	barryharwardappraisal.com
Barry Harward Appraisal	barryharwardappraisals.com
Hasch Appraisals	haschappraisals.com
Hasch Appraisals	haschappraisal.com
Appraisal Depot	appraisaldepot.com
Appraisal Depot	appraisalsdepot.com
Hansen Appraisals	hansenappraisals.com
Hansen Appraisals	hansenappraisal.com
All Residential Appraisal	allresidentialappraisals.com
All Residential Appraisal	allresidentialappraisal.com
Hatfield Appraisal's , Inc.	hatfieldappraisal.com
Hatfield Appraisal's , Inc.	hatfieldappraisals.com
Action Appraisal Team	actionappraisalteam.com
Action Appraisal Team	actionappraisalsteam.com
Joe C Havel IV	joechaveliv.com
Havel Appraisals	havelappraisal.com
Havel Appraisals	havelappraisals.com
Laurie Hawes Appraisal Service	lauriehawesappraisal.com
Laurie Hawes Appraisal Service	lauriehawesappraisalervice.com
Laurie Hawes Appraisal Service	lauriehawesappraisalservice.com
Justin Hawkes	justinhawkes.com
Full Tilt Appraisals, LLC	fulltiltappraisal.com
Full Tilt Appraisals, LLC	fulltiltappraisals.com
Appraisal Company of Southern Oregon	appraisalsofsouthernoregon.com
Appraisal Company of Southern Oregon	appraisalofsouthernoregon.com
Hearn Quality Appraisal, Inc	hearnqualityappraisals.com
Hearn Quality Appraisal, Inc	hearnqualityappraisal.com
Jennifer Heath, LLC	jenniferheath.com
Brad Heavey Real Estate	bradheaveyrealestate.com
Tim E. Hecht	timehecht.com
Sarah L. Hecker Appraisal Services	sarahlheckerappraisal.com
Sarah L. Hecker Appraisal Services	sarahlheckerappraisalservices.com
Sarah L. Hecker Appraisal Services	sarahlheckerappraisalervices.com
Heebner Appraisal Services	heebnerappraisalervices.com
Heebner Appraisal Services	heebnerappraisal.com
Heebner Appraisal Services	heebnerappraisalservices.com
Heffernan Appraisal Services	heffernanappraisalservices.com
Heffernan Appraisal Services	heffernanappraisal.com
Heffernan Appraisal Services	heffernanappraisalervices.com
Triton Real Estate Advisors	tritonrealestateadvisors.com
Appraisal - One	appraisalone.com
Appraisal - One	appraisalsone.com
Eric W Heideman	ericwheideman.com
Heiss Appraisals, Inc.	heissappraisals.com
Heiss Appraisals, Inc.	heissappraisal.com
Heitmann Appraisals	heitmannappraisals.com
Heitmann Appraisals	heitmannappraisal.com
Hanson & Associates	hansonand.com
Hanson & Associates	hansonandassociates.com
Hurff Appraisal Group	hurffappraisal.com
Hurff Appraisal Group	hurffappraisalgroup.com
Hurff Appraisal Group	hurffappraisalsgroup.com
Value Point	valuepoint.com
Appraisal Shop Pro	appraisalshoppro.com
Appraisal Shop Pro	appraisalhoppro.com
Aloha Appraisals	alohaappraisal.com
Aloha Appraisals	alohaappraisals.com
Accurate Quick Appraisal	accuratequickappraisal.com
Accurate Quick Appraisal	accuratequickappraisals.com
Kevin R. Henry, Inc.	kevinrhenry.com
Premier Appraisal and Real Estate	premierappraisalsandrealestate.com
Premier Appraisal and Real Estate	premierappraisalandrealestate.com
Sierra Lifestyle Appraisal Services	sierralifestyleappraisal.com
Sierra Lifestyle Appraisal Services	sierralifestyleappraisalervices.com
Sierra Lifestyle Appraisal Services	sierralifestyleappraisalservices.com
Hensley Appraisal Services Inc	hensleyappraisalervices.com
Hensley Appraisal Services Inc	hensleyappraisal.com
Hensley Appraisal Services Inc	hensleyappraisalservices.com
Henson Appraisals	hensonappraisals.com
Henson Appraisals	hensonappraisal.com
Hampshire Certified Appraisals	hampshirecertifiedappraisal.com
Hampshire Certified Appraisals	hampshirecertifiedappraisals.com
Kathleen Herman Appraisal Service	kathleenhermanappraisalservice.com
Kathleen Herman Appraisal Service	kathleenhermanappraisalervice.com
Kathleen Herman Appraisal Service	kathleenhermanappraisal.com
Nadya Alicia Hermez	nadyaaliciahermez.com
Performance Real Estate Appraisal	performancerealestateappraisals.com
Performance Real Estate Appraisal	performancerealestateappraisal.com
Xpress Valuations	xpressvaluations.com
Pegasus Appraisal Services	pegasusappraisalservices.com
Pegasus Appraisal Services	pegasusappraisalervices.com
Pegasus Appraisal Services	pegasusappraisal.com
Alejandro R. Herrera	alejandrorherrera.com
Appraisal Data Services	appraisaldata.com
Appraisal Data Services	appraisaldataservices.com
Appraisal Data Services	appraisalsdataservices.com
Richard R. Herrera	richardrherrera.com
Jeffrey Hess Real Estate Services	jeffreyhessrealestateservices.com
Jeffrey Hess Real Estate Services	jeffreyhessrealestate.com
Hess Appraisal Service	hessappraisalervice.com
Hess Appraisal Service	hessappraisal.com
Hess Appraisal Service	hessappraisalservice.com
Kevin Hetzel Appraisal	kevinhetzelappraisals.com
Kevin Hetzel Appraisal	kevinhetzelappraisal.com
Effort Appraisal Group	effortappraisal.com
Effort Appraisal Group	effortappraisalsgroup.com
Effort Appraisal Group	effortappraisalgroup.com
Appraisal Concepts	appraisalconcepts.com
Appraisal Concepts	appraisalsconcepts.com
Anaverde Appraisal	anaverdeappraisals.com
Anaverde Appraisal	anaverdeappraisal.com
Bchillin Enterprises	bchillinenterprises.com
Darrell E. Hill	darrellehill.com
Appraising Gold Country, Inc.	appraisinggoldcountry.com
Hill Appraisal	hillappraisals.com
Hill Appraisal	hillappraisal.com
RICHARD E. HILL, INC.	richardehill.com
Hill House Appraisal Services	hillhouseappraisalervices.com
Hill House Appraisal Services	hillhouseappraisalservices.com
Hill House Appraisal Services	hillhouseappraisal.com
Sheri Hill Appraisals	sherihillappraisals.com
Sheri Hill Appraisals	sherihillappraisal.com
Paul Hilliker & Associates	paulhillikerand.com
Paul Hilliker & Associates	paulhillikerandassociates.com
B Hills Appraisals	bhillsappraisal.com
B Hills Appraisals	bhillsappraisals.com
Kimberley Hindman	kimberleyhindman.com
Carolyn E Hinkey Garnett, Appraiser	carolynehinkeygarnettappraiser.com
William A Hinzo Appraisals	williamahinzoappraisals.com
William A Hinzo Appraisals	williamahinzoappraisal.com
Here For You Appraisal Services	hereforyouappraisalservices.com
Here For You Appraisal Services	hereforyouappraisal.com
Here For You Appraisal Services	hereforyouappraisalervices.com
Coastlines Appraisal	coastlinesappraisals.com
Coastlines Appraisal	coastlinesappraisal.com
J.H. Appraisal Services	jhappraisal.com
J.H. Appraisal Services	jhappraisalervices.com
J.H. Appraisal Services	jhappraisalservices.com
JJR Appraisal Services	jjrappraisal.com
JJR Appraisal Services	jjrappraisalervices.com
JJR Appraisal Services	jjrappraisalservices.com
Expedia Appraisals, Inc	expediaappraisal.com
Expedia Appraisals, Inc	expediaappraisals.com
Cupertino Resource Group	cupertinoresourcegroup.com
Cupertino Resource Group	cupertinoresource.com
FMV Appraisal	fmvappraisals.com
FMV Appraisal	fmvappraisal.com
Valutante Appraisals	valutanteappraisal.com
Valutante Appraisals	valutanteappraisals.com
Thomas Hoang	thomashoang.com
APPRAISAL DEPARTMENT - HOBBS A	appraisaldepartmenthobbsa.com
APPRAISAL DEPARTMENT - HOBBS A	appraisalsdepartmenthobbsa.com
Hodge Appraisal Services	hodgeappraisal.com
Hodge Appraisal Services	hodgeappraisalservices.com
Hodge Appraisal Services	hodgeappraisalervices.com
Aztec Real Estate Inc.	aztecrealestate.com
Diversified Appraisal Services	diversifiedappraisalservices.com
Diversified Appraisal Services	diversifiedappraisal.com
Diversified Appraisal Services	diversifiedappraisalervices.com
MBH Appraisal Services, Inc.	mbhappraisalervices.com
MBH Appraisal Services, Inc.	mbhappraisal.com
MBH Appraisal Services, Inc.	mbhappraisalservices.com
Sage Home Valuations	sagehomevaluations.com
Hogan Appraisals	hoganappraisal.com
Hogan Appraisals	hoganappraisals.com
Hogan Appraisal Service	hoganappraisalservice.com
Hogan Appraisal Service	hoganappraisalervice.com
Hogan Appraisal Service	hoganappraisal.com
JAH Appraisal Group	jahappraisalgroup.com
JAH Appraisal Group	jahappraisal.com
JAH Appraisal Group	jahappraisalsgroup.com
Axis Appraisal Solutions	axisappraisalsolutions.com
Axis Appraisal Solutions	axisappraisalolutions.com
Summit Appraisal, Inc	summitappraisal.com
Summit Appraisal, Inc	summitappraisals.com
Valuation Now Appraisals, Inc	valuationnowappraisals.com
Valuation Now Appraisals, Inc	valuationnowappraisal.com
Kent Hollingsworth	kenthollingsworth.com
Hollingsworth Appraisal Service	hollingsworthappraisal.com
Hollingsworth Appraisal Service	hollingsworthappraisalservice.com
Hollingsworth Appraisal Service	hollingsworthappraisalervice.com
H + H Real Estate Appraisal Services	hhrealestateappraisalervices.com
H + H Real Estate Appraisal Services	hhrealestateappraisalservices.com
H + H Real Estate Appraisal Services	hhrealestateappraisal.com
Holly & Associates	hollyandassociates.com
Holly & Associates	hollyand.com
Linda Holman	lindaholman.com
Holman Appraisal Service	holmanappraisalervice.com
Holman Appraisal Service	holmanappraisal.com
Holman Appraisal Service	holmanappraisalservice.com
Premier Appraising	premierappraising.com
Keith Joseph Holmes	keithjosephholmes.com
Holmes Appraisal	holmesappraisal.com
Holmes Appraisal	holmesappraisals.com
AFFORDABLE APPRAISALS	affordableappraisals.com
AFFORDABLE APPRAISALS	affordableappraisal.com
Amanda Holt	amandaholt.com
Holt Appraisal Services	holtappraisalservices.com
Holt Appraisal Services	holtappraisalervices.com
Holt Appraisal Services	holtappraisal.com
Region 3 Appraisal	region3appraisal.com
Region 3 Appraisal	region3appraisals.com
Hommel Appraisal Services	hommelappraisalervices.com
Hommel Appraisal Services	hommelappraisalservices.com
Hommel Appraisal Services	hommelappraisal.com
JH Valuations	jhvaluations.com
HMH	hmh.com
Zip Appraisal Co.	zipappraisal.com
Zip Appraisal Co.	zipappraisals.com
Associated Real Estate Appraisers	associatedrealestateappraisers.com
J & J Appraisals	jandjappraisal.com
J & J Appraisals	jandjappraisals.com
HH Appraisal	hhappraisal.com
HH Appraisal	hhappraisals.com
Hooks and Associates	hooksandassociates.com
Hooks and Associates	hooksand.com
Michael Hooper	michaelhooper.com
Rocker Appraisal Services	rockerappraisalervices.com
Rocker Appraisal Services	rockerappraisalservices.com
Rocker Appraisal Services	rockerappraisal.com
First Class Appraisal Service	firstclassappraisalservice.com
First Class Appraisal Service	firstclassappraisal.com
First Class Appraisal Service	firstclassappraisalervice.com
APR Appraisals of Sacramento	aprappraisalofsacramento.com
APR Appraisals of Sacramento	aprappraisalsofsacramento.com
Brandon Hoppert Appraisals	brandonhoppertappraisal.com
Brandon Hoppert Appraisals	brandonhoppertappraisals.com
Horewitz Valuation Services	horewitzvaluation.com
Horewitz Valuation Services	horewitzvaluationservices.com
The Appraisal Zone	theappraisalzone.com
The Appraisal Zone	theappraisalszone.com
A-1 Appraisal Service	a1appraisalervice.com
A-1 Appraisal Service	a1appraisal.com
A-1 Appraisal Service	a1appraisalservice.com
Horowitz Appraisal Service, Inc	horowitzappraisalervice.com
Horowitz Appraisal Service, Inc	horowitzappraisal.com
Horowitz Appraisal Service, Inc	horowitzappraisalservice.com
Horton Property Appraisals	hortonpropertyappraisals.com
Horton Property Appraisals	hortonpropertyappraisal.com
ALH Appraisal Services	alhappraisalervices.com
ALH Appraisal Services	alhappraisalservices.com
ALH Appraisal Services	alhappraisal.com
Hosking Appraisal Group, Inc.	hoskingappraisalsgroup.com
Hosking Appraisal Group, Inc.	hoskingappraisalgroup.com
Hosking Appraisal Group, Inc.	hoskingappraisal.com
Hoss Appraisals, Inc.	hossappraisals.com
Hoss Appraisals, Inc.	hossappraisal.com
Appraisal Resource	appraisalresource.com
Appraisal Resource	appraisalsresource.com
J Hoth Appraisal LLC	jhothappraisal.com
J Hoth Appraisal LLC	jhothappraisals.com
Houghton Appraisals	houghtonappraisals.com
Houghton Appraisals	houghtonappraisal.com
Householder Appraisals LLC	householderappraisal.com
Householder Appraisals LLC	householderappraisals.com
Kirk Appraisal Group	kirkappraisalsgroup.com
Kirk Appraisal Group	kirkappraisal.com
Kirk Appraisal Group	kirkappraisalgroup.com
City Appraisal	cityappraisals.com
City Appraisal	cityappraisal.com
Michael Howard Appraisals	michaelhowardappraisals.com
Michael Howard Appraisals	michaelhowardappraisal.com
Michael Howard, Real Estate Appraiser	michaelhowardrealestateappraiser.com
Associated Appraisaers, Inc.	associatedappraisaers.com
W.J. Howard Appraisals	wjhowardappraisal.com
W.J. Howard Appraisals	wjhowardappraisals.com
South Coast Appraisals	southcoastappraisals.com
South Coast Appraisals	southcoastappraisal.com
ValueQuest Pro P.C.	valuequestpro.com
CSH Appraisals	cshappraisals.com
CSH Appraisals	cshappraisal.com
Better Mortgage	bettermortgage.com
The Appraisal Station	theappraisalstation.com
The Appraisal Station	theappraisaltation.com
Hoy Real Estate	hoyrealestate.com
CalAppraisal.Com	calappraisalcom.com
CalAppraisal.Com	calappraisalscom.com
K. J. Appraisal Services	kjappraisalservices.com
K. J. Appraisal Services	kjappraisalervices.com
K. J. Appraisal Services	kjappraisal.com
Action Appraisal	actionappraisal.com
Action Appraisal	actionappraisals.com
Top One Appraisal Inc	toponeappraisals.com
Top One Appraisal Inc	toponeappraisal.com
MT Huang & Associates	mthuangandassociates.com
MT Huang & Associates	mthuangand.com
KT Appraisal	ktappraisal.com
KT Appraisal	ktappraisals.com
Thomas Hubbard Appraisals	thomashubbardappraisal.com
Thomas Hubbard Appraisals	thomashubbardappraisals.com
Thomas P. Hubschman Appraisals	thomasphubschmanappraisals.com
Thomas P. Hubschman Appraisals	thomasphubschmanappraisal.com
Innovative Valuation	innovativevaluation.com
The Appraisal Works	theappraisalworks.com
The Appraisal Works	theappraisalsworks.com
CH&P Appraisals	chandpappraisal.com
CH&P Appraisals	chandpappraisals.com
CH&P Appraisal Service	chandpappraisal.com
CH&P Appraisal Service	chandpappraisalervice.com
CH&P Appraisal Service	chandpappraisalservice.com
Huerta Appraisal Company	huertaappraisals.com
Huerta Appraisal Company	huertaappraisal.com
Ray Huff	rayhuff.com
Huffman Appraisals	huffmanappraisals.com
Huffman Appraisals	huffmanappraisal.com
JTK Appraisal Services	jtkappraisalservices.com
JTK Appraisal Services	jtkappraisalervices.com
JTK Appraisal Services	jtkappraisal.com
Huffman Home Appraisal	huffmanhomeappraisal.com
Huffman Home Appraisal	huffmanhomeappraisals.com
Hughes Appraisal Service	hughesappraisalservice.com
Hughes Appraisal Service	hughesappraisalervice.com
Hughes Appraisal Service	hughesappraisal.com
KH Appraisals	khappraisals.com
KH Appraisals	khappraisal.com
Charlie Appraisal Inc.	charlieappraisal.com
Charlie Appraisal Inc.	charlieappraisals.com
PGH Appraisal Service	pghappraisal.com
PGH Appraisal Service	pghappraisalervice.com
PGH Appraisal Service	pghappraisalservice.com
The SH Appraisal Services	theshappraisalervices.com
The SH Appraisal Services	theshappraisalservices.com
The SH Appraisal Services	theshappraisal.com
HHAppraisal Services	hhappraisal.com
HHAppraisal Services	hhappraisalervices.com
HHAppraisal Services	hhappraisalservices.com
RSDS, LLC.	rsds.com
Edmund Hum	edmundhum.com
Uptowne Appraisal Service, Inc.	uptowneappraisalervice.com
Uptowne Appraisal Service, Inc.	uptowneappraisalservice.com
Uptowne Appraisal Service, Inc.	uptowneappraisal.com
Spencer B. Humphrey & Associates	spencerbhumphreyandassociates.com
Spencer B. Humphrey & Associates	spencerbhumphreyand.com
Sue Humphrey's Appraisal Resource	suehumphreysappraisalresource.com
Sue Humphrey's Appraisal Resource	suehumphreysappraisalsresource.com
Hund Appraisal Services	hundappraisalservices.com
Hund Appraisal Services	hundappraisal.com
Hund Appraisal Services	hundappraisalervices.com
GHI Appraisal Service	ghiappraisal.com
GHI Appraisal Service	ghiappraisalervice.com
GHI Appraisal Service	ghiappraisalservice.com
Peter H Hung	peterhhung.com
Reed Appraisal Service and Appraise Live, LLC	reedappraisalerviceandappraiselive.com
Reed Appraisal Service and Appraise Live, LLC	reedappraisalserviceandappraiselive.com
Huntley Appraisal Group	huntleyappraisal.com
Huntley Appraisal Group	huntleyappraisalsgroup.com
Huntley Appraisal Group	huntleyappraisalgroup.com
Appraisal Office	appraisaloffice.com
Appraisal Office	appraisalsoffice.com
SoCal Home Services, Inc	socalhome.com
SoCal Home Services, Inc	socalhomeservices.com
Madica Corp	madica.com
JTH Appraisals	jthappraisals.com
JTH Appraisals	jthappraisal.com
SoCal Appraisal Network	socalappraisalsnetwork.com
SoCal Appraisal Network	socalappraisalnetwork.com
DJ Valuations	djvaluations.com
Countrywood Appraisals	countrywoodappraisals.com
Countrywood Appraisals	countrywoodappraisal.com
Laura A. Ibarra	lauraaibarra.com
The Lawrence Group	thelawrencegroup.com
The Lawrence Group	thelawrence.com
Preeminence Corp	preeminence.com
3-D Appraisal Inc.	3dappraisal.com
3-D Appraisal Inc.	3dappraisals.com
Absolute Value Link	absolutevaluelink.com
Iman Appraisals, Inc.	imanappraisal.com
Iman Appraisals, Inc.	imanappraisals.com
Dustin Iman Appraisals	dustinimanappraisals.com
Dustin Iman Appraisals	dustinimanappraisal.com
Hasan Bora Incesu	hasanboraincesu.com
Dave Appraisal Services	daveappraisalservices.com
Dave Appraisal Services	daveappraisalervices.com
Dave Appraisal Services	daveappraisal.com
Jenifer Irey	jeniferirey.com
Allied Business Services	alliedbusinessservices.com
Allied Business Services	alliedbusiness.com
James Irons	jamesirons.com
The Appraisal Spot	theappraisalpot.com
The Appraisal Spot	theappraisalspot.com
Dmitri Isaev	dmitriisaev.com
Alison Isom	alisonisom.com
Natalia G. Isurin	nataliagisurin.com
Pavel Paul Ivanov	pavelpaulivanov.com
Iversen Appraisal Group	iversenappraisalsgroup.com
Iversen Appraisal Group	iversenappraisal.com
Iversen Appraisal Group	iversenappraisalgroup.com
Mark Iverson	markiverson.com
Acme Appraisal Services	acmeappraisalervices.com
Acme Appraisal Services	acmeappraisal.com
Acme Appraisal Services	acmeappraisalservices.com
First American Staff Appraisals	firstamericanstaffappraisal.com
First American Staff Appraisals	firstamericanstaffappraisals.com
Karen Iwamiya	kareniwamiya.com
Jonathan Lee Izumi Appraisal	jonathanleeizumiappraisals.com
Jonathan Lee Izumi Appraisal	jonathanleeizumiappraisal.com
Silver Oak Property Appraisals	silveroakpropertyappraisal.com
Silver Oak Property Appraisals	silveroakpropertyappraisals.com
Stafford Appraisals	staffordappraisal.com
Stafford Appraisals	staffordappraisals.com
D W Jackson Appraisals	dwjacksonappraisals.com
D W Jackson Appraisals	dwjacksonappraisal.com
Nimbus Appraisals, LLC	nimbusappraisal.com
Nimbus Appraisals, LLC	nimbusappraisals.com
Jackson Appraisal	jacksonappraisals.com
Jackson Appraisal	jacksonappraisal.com
Jackson Appraisal Services	jacksonappraisalservices.com
Jackson Appraisal Services	jacksonappraisalervices.com
Jackson Appraisal Services	jacksonappraisal.com
Jacobo Appraisal Inc.	jacoboappraisals.com
Jacobo Appraisal Inc.	jacoboappraisal.com
Accelerated Appraisals	acceleratedappraisals.com
Accelerated Appraisals	acceleratedappraisal.com
Jacobson Appraisal Company	jacobsonappraisals.com
Jacobson Appraisal Company	jacobsonappraisal.com
Jacobus Appraisals	jacobusappraisal.com
Jacobus Appraisals	jacobusappraisals.com
Spyglass Appraisal LLC	spyglassappraisal.com
Spyglass Appraisal LLC	spyglassappraisals.com
A2Z Appraisal Services	a2zappraisalservices.com
A2Z Appraisal Services	a2zappraisal.com
A2Z Appraisal Services	a2zappraisalervices.com
Carrie Jahnig Appraisals	carriejahnigappraisals.com
Carrie Jahnig Appraisals	carriejahnigappraisal.com
Core Appraisals	coreappraisal.com
Core Appraisals	coreappraisals.com
James Appraisal Services	jamesappraisalervices.com
James Appraisal Services	jamesappraisal.com
James Appraisal Services	jamesappraisalservices.com
Chris Janikowski	chrisjanikowski.com
Sunland Appraisals dba Sunland Home Valuations, Inc.	sunlandappraisaldbasunlandhomevaluations.com
Jantz Appraisal Company	jantzappraisals.com
Jantz Appraisal Company	jantzappraisal.com
Compass Appraisals, Inc.	compassappraisals.com
Compass Appraisals, Inc.	compassappraisal.com
ValueGaurd Appraisals	valuegaurdappraisal.com
ValueGaurd Appraisals	valuegaurdappraisals.com
Karen Jeffries Appraisal	karenjeffriesappraisals.com
Karen Jeffries Appraisal	karenjeffriesappraisal.com
Appraisal Solutions & Products, LLC	appraisalsolutionsandproducts.com
Appraisal Solutions & Products, LLC	appraisalolutionsandproducts.com
Jenkins Appraisal Service	jenkinsappraisalervice.com
Jenkins Appraisal Service	jenkinsappraisal.com
Jenkins Appraisal Service	jenkinsappraisalservice.com
Jennings Appraisal Services	jenningsappraisalervices.com
Jennings Appraisal Services	jenningsappraisalservices.com
Jennings Appraisal Services	jenningsappraisal.com
Benchmark Appraisals	benchmarkappraisal.com
Benchmark Appraisals	benchmarkappraisals.com
Patrician H. Jennings Swan	patricianhjenningsswan.com
AM Appraisal	amappraisals.com
AM Appraisal	amappraisal.com
H.C Jensen & Associates, Inc.	hcjensenand.com
H.C Jensen & Associates, Inc.	hcjensenandassociates.com
AppraisalTEC	appraisalstec.com
AppraisalTEC	appraisaltec.com
AP Valuations	apvaluations.com
JJ Appraisals, Inc.	jjappraisals.com
JJ Appraisals, Inc.	jjappraisal.com
Jerde Appraisal Inc.	jerdeappraisals.com
Jerde Appraisal Inc.	jerdeappraisal.com
Larkport Appraisals, Inc.	larkportappraisals.com
Larkport Appraisals, Inc.	larkportappraisal.com
Caltop Appraisal	caltopappraisal.com
Caltop Appraisal	caltopappraisals.com
JW Real Estate LLC	jwrealestate.com
Talisman Appraisals	talismanappraisal.com
Talisman Appraisals	talismanappraisals.com
Mid State Appraisals	midstateappraisals.com
Mid State Appraisals	midstateappraisal.com
Boardwalk Appraisal Services	boardwalkappraisalervices.com
Boardwalk Appraisal Services	boardwalkappraisalservices.com
Boardwalk Appraisal Services	boardwalkappraisal.com
Palisade Appraisal	palisadeappraisal.com
Palisade Appraisal	palisadeappraisals.com
Elite Appraisal Group	eliteappraisalgroup.com
Elite Appraisal Group	eliteappraisalsgroup.com
Elite Appraisal Group	eliteappraisal.com
Marjorie Johns	marjoriejohns.com
48 Hour Appraisal	48hourappraisals.com
48 Hour Appraisal	48hourappraisal.com
Johnson Valuation Services	johnsonvaluationservices.com
Johnson Valuation Services	johnsonvaluation.com
Amerihome Mortgage Company, LLC	amerihomemortgage.com
CJ Appraisal	cjappraisals.com
CJ Appraisal	cjappraisal.com
Code 3 Appraisal Incorporated	code3appraisal.com
Code 3 Appraisal Incorporated	code3appraisals.com
Dennis C. Johnson	denniscjohnson.com
Johnson Appraisal	johnsonappraisal.com
Johnson Appraisal	johnsonappraisals.com
Jennifer Johnson Appraisal Services	jenniferjohnsonappraisal.com
Jennifer Johnson Appraisal Services	jenniferjohnsonappraisalervices.com
Jennifer Johnson Appraisal Services	jenniferjohnsonappraisalservices.com
International Valuation Group	internationalvaluation.com
International Valuation Group	internationalvaluationgroup.com
Kevin	kevin.com
TK Appraisals	tkappraisals.com
TK Appraisals	tkappraisal.com
LMJ Appraisals	lmjappraisal.com
LMJ Appraisals	lmjappraisals.com
Johnson Appraisal Services	johnsonappraisal.com
Johnson Appraisal Services	johnsonappraisalervices.com
Johnson Appraisal Services	johnsonappraisalservices.com
A Plus Appraisal	aplusappraisal.com
A Plus Appraisal	aplusappraisals.com
Johnson & Associates Appraisal Services	johnsonandassociatesappraisalervices.com
Johnson & Associates Appraisal Services	johnsonandassociatesappraisal.com
Johnson & Associates Appraisal Services	johnsonandassociatesappraisalservices.com
Freedom First Properties	freedomfirstproperties.com
Quentin Johnson	quentinjohnson.com
Woodcreek Appraisal Service, Inc.	woodcreekappraisalervice.com
Woodcreek Appraisal Service, Inc.	woodcreekappraisalservice.com
Woodcreek Appraisal Service, Inc.	woodcreekappraisal.com
Tonnesen Appraisal Service	tonnesenappraisalervice.com
Tonnesen Appraisal Service	tonnesenappraisalservice.com
Tonnesen Appraisal Service	tonnesenappraisal.com
RWJ Appraisals LLC	rwjappraisals.com
RWJ Appraisals LLC	rwjappraisal.com
Johnson & Associates	johnsonand.com
Johnson & Associates	johnsonandassociates.com
Johnson Appraisals	johnsonappraisal.com
Johnson Appraisals	johnsonappraisals.com
Ace High Appraisals	acehighappraisals.com
Ace High Appraisals	acehighappraisal.com
Gabriel Johnston Appraisal	gabrieljohnstonappraisals.com
Gabriel Johnston Appraisal	gabrieljohnstonappraisal.com
Hansen Beau Johnston	hansenbeaujohnston.com
HLJ Appraisers, Inc.	hljappraisers.com
The Johnston Group	thejohnstongroup.com
The Johnston Group	thejohnston.com
Steven A Johnston Appraisal	stevenajohnstonappraisal.com
Steven A Johnston Appraisal	stevenajohnstonappraisals.com
Cheryl Johnston-Dwyer	cheryljohnstondwyer.com
North South Appraisal Services	northsouthappraisal.com
North South Appraisal Services	northsouthappraisalervices.com
North South Appraisal Services	northsouthappraisalservices.com
Jones Real Estate Appraisal	jonesrealestateappraisals.com
Jones Real Estate Appraisal	jonesrealestateappraisal.com
Wiest & Associates	wiestand.com
Wiest & Associates	wiestandassociates.com
California Pacific Appraisal	californiapacificappraisals.com
California Pacific Appraisal	californiapacificappraisal.com
MVP Appraisals	mvpappraisals.com
MVP Appraisals	mvpappraisal.com
Royal Heritage Appraisals LLC	royalheritageappraisal.com
Royal Heritage Appraisals LLC	royalheritageappraisals.com
MJ Appraisal	mjappraisals.com
MJ Appraisal	mjappraisal.com
OnPoint Appraisal Services, Inc.	onpointappraisalservices.com
OnPoint Appraisal Services, Inc.	onpointappraisal.com
OnPoint Appraisal Services, Inc.	onpointappraisalervices.com
The Jones Group	thejonesgroup.com
The Jones Group	thejones.com
Accelerated Appraisal LLC	acceleratedappraisal.com
Accelerated Appraisal LLC	acceleratedappraisals.com
Mountain Valley Appraisal & Realty, LLC	mountainvalleyappraisalandrealty.com
Mountain Valley Appraisal & Realty, LLC	mountainvalleyappraisalsandrealty.com
VIckie Joy Real Estate Appraisal Services	vickiejoyrealestateappraisalservices.com
VIckie Joy Real Estate Appraisal Services	vickiejoyrealestateappraisalervices.com
VIckie Joy Real Estate Appraisal Services	vickiejoyrealestateappraisal.com
Judson Appraisals	judsonappraisal.com
Judson Appraisals	judsonappraisals.com
TJ Appraisals, Inc.	tjappraisals.com
TJ Appraisals, Inc.	tjappraisal.com
Just Appraisals	justappraisal.com
Just Appraisals	justappraisals.com
Just Appraisals, Inc.	justappraisal.com
Just Appraisals, Inc.	justappraisals.com
Just Company Appraisals	justappraisal.com
Just Company Appraisals	justappraisals.com
Mission Group Appraisal	missiongroupappraisals.com
Mission Group Appraisal	missiongroupappraisal.com
California Standards Appraisal	californiastandardsappraisals.com
California Standards Appraisal	californiastandardsappraisal.com
VI-TECH Appraisals	vitechappraisals.com
VI-TECH Appraisals	vitechappraisal.com
K & K Appraisal Services Inc	kandkappraisalservices.com
K & K Appraisal Services Inc	kandkappraisalervices.com
K & K Appraisal Services Inc	kandkappraisal.com
Corelogic	corelogic.com
Jeffrey Kaiser and Associates, Inc.	jeffreykaiserand.com
Jeffrey Kaiser and Associates, Inc.	jeffreykaiserandassociates.com
Kaiser & Associates	kaiserandassociates.com
Kaiser & Associates	kaiserand.com
Sacramento Valley Appraisal Group	sacramentovalleyappraisalsgroup.com
Sacramento Valley Appraisal Group	sacramentovalleyappraisal.com
Sacramento Valley Appraisal Group	sacramentovalleyappraisalgroup.com
Socal Appraisers	socalappraisers.com
Kaluzny Appraisal Group, Inc	kaluznyappraisalgroup.com
Kaluzny Appraisal Group, Inc	kaluznyappraisalsgroup.com
Kaluzny Appraisal Group, Inc	kaluznyappraisal.com
Appraisal Access, Inc.	appraisalaccess.com
Appraisal Access, Inc.	appraisalsaccess.com
At Last & Co Valuation Group, Inc	atlastandvaluation.com
At Last & Co Valuation Group, Inc	atlastandvaluationgroup.com
Precision Appraisal, Inc.	precisionappraisal.com
Precision Appraisal, Inc.	precisionappraisals.com
GA Appraisals, Inc.	gaappraisals.com
GA Appraisals, Inc.	gaappraisal.com
MK Appraisals	mkappraisals.com
MK Appraisals	mkappraisal.com
Philip Kantorovich Appraisals	philipkantorovichappraisals.com
Philip Kantorovich Appraisals	philipkantorovichappraisal.com
Nikki Kao Appraiser	nikkikaoappraiser.com
Atara Appraisals	ataraappraisals.com
Atara Appraisals	ataraappraisal.com
AAA Value Write Appraisal Service	aaavaluewriteappraisalservice.com
AAA Value Write Appraisal Service	aaavaluewriteappraisal.com
AAA Value Write Appraisal Service	aaavaluewriteappraisalervice.com
James Karagon/DBA AAA Value Write Appraisal Services	jameskaragondbaaaavaluewriteappraisal.com
James Karagon/DBA AAA Value Write Appraisal Services	jameskaragondbaaaavaluewriteappraisalervices.com
MSK Appraisal Services	mskappraisalservices.com
MSK Appraisal Services	mskappraisalervices.com
MSK Appraisal Services	mskappraisal.com
Karstens Appraisals, Inc.	karstensappraisals.com
Karstens Appraisals, Inc.	karstensappraisal.com
GK Home Appraisals LLC	gkhomeappraisals.com
GK Home Appraisals LLC	gkhomeappraisal.com
ABC Appraisal Services, Inc.	abcappraisalservices.com
ABC Appraisal Services, Inc.	abcappraisal.com
ABC Appraisal Services, Inc.	abcappraisalervices.com
Daniel Kashper	danielkashper.com
Kato & Associates Appraisal  Services Inc.	katoandassociatesappraisal.com
Kato & Associates Appraisal  Services Inc.	katoandassociatesappraisalservices.com
Kato & Associates Appraisal  Services Inc.	katoandassociatesappraisalervices.com
KER Global, Inc.	kerglobal.com
R&R Appraisal Services	randrappraisalservices.com
R&R Appraisal Services	randrappraisal.com
R&R Appraisal Services	randrappraisalervices.com
Kearney Appraisal	kearneyappraisal.com
Kearney Appraisal	kearneyappraisals.com
JAMES KEAVENY	jameskeaveny.com
Assured Appraisals	assuredappraisals.com
Assured Appraisals	assuredappraisal.com
Inpac Appraisal Group	inpacappraisalsgroup.com
Inpac Appraisal Group	inpacappraisalgroup.com
Inpac Appraisal Group	inpacappraisal.com
Ronald L. Keeler	ronaldlkeeler.com
VICKI KEELER APPRAISALS	vickikeelerappraisal.com
VICKI KEELER APPRAISALS	vickikeelerappraisals.com
South OC Appraisal Estate, Inc	southocappraisalestate.com
South OC Appraisal Estate, Inc	southocappraisalsestate.com
Charles Keim's Appraisal Services	charleskeimsappraisalservices.com
Charles Keim's Appraisal Services	charleskeimsappraisal.com
Charles Keim's Appraisal Services	charleskeimsappraisalervices.com
Prompt Appraisal Services	promptappraisalervices.com
Prompt Appraisal Services	promptappraisal.com
Prompt Appraisal Services	promptappraisalservices.com
Michael E. Keller & Associates	michaelekellerand.com
Michael E. Keller & Associates	michaelekellerandassociates.com
Lighthouse Appraisals	lighthouseappraisal.com
Lighthouse Appraisals	lighthouseappraisals.com
Kelley Appraisal Services, Inc.	kelleyappraisalservices.com
Kelley Appraisal Services, Inc.	kelleyappraisalervices.com
Kelley Appraisal Services, Inc.	kelleyappraisal.com
Kelley & Associates	kelleyandassociates.com
Kelley & Associates	kelleyand.com
Kelley Appraisal & Real Estate Services	kelleyappraisalandrealestateservices.com
Kelley Appraisal & Real Estate Services	kelleyappraisalandrealestate.com
Kelley Appraisal & Real Estate Services	kelleyappraisalsandrealestateservices.com
Kellogg Appraisals	kelloggappraisal.com
Kellogg Appraisals	kelloggappraisals.com
Kelly Appraisal Team, Inc.	kellyappraisalsteam.com
Kelly Appraisal Team, Inc.	kellyappraisalteam.com
Kelly's Appraisal Service	kellysappraisalservice.com
Kelly's Appraisal Service	kellysappraisal.com
Kelly's Appraisal Service	kellysappraisalervice.com
Kelly's Appraisal Services	kellysappraisalervices.com
Kelly's Appraisal Services	kellysappraisalservices.com
Kelly's Appraisal Services	kellysappraisal.com
The Kelly Appraisal Group	thekellyappraisal.com
The Kelly Appraisal Group	thekellyappraisalgroup.com
The Kelly Appraisal Group	thekellyappraisalsgroup.com
Kelsh & Associates Consulting Services	kelshandassociatesconsultingservices.com
Kelsh & Associates Consulting Services	kelshandassociatesconsulting.com
NORTHERN CALIFORNIA APPRAISAL	northerncaliforniaappraisals.com
NORTHERN CALIFORNIA APPRAISAL	northerncaliforniaappraisal.com
Kemp Appraisal Services	kempappraisalservices.com
Kemp Appraisal Services	kempappraisalervices.com
Kemp Appraisal Services	kempappraisal.com
Wells Fargo Valuation Services	wellsfargovaluation.com
Wells Fargo Valuation Services	wellsfargovaluationservices.com
Kemper Capital Appraisals	kempercapitalappraisals.com
Kemper Capital Appraisals	kempercapitalappraisal.com
RKK Valuation	rkkvaluation.com
AVMetrics, LLC	avmetrics.com
Kennedy Appraisal	kennedyappraisal.com
Kennedy Appraisal	kennedyappraisals.com
DESERT ACREAGE APPRAISAL SERVICE	desertacreageappraisalservice.com
DESERT ACREAGE APPRAISAL SERVICE	desertacreageappraisalervice.com
DESERT ACREAGE APPRAISAL SERVICE	desertacreageappraisal.com
River Valley Appraisals	rivervalleyappraisal.com
River Valley Appraisals	rivervalleyappraisals.com
New Market Appraisals	newmarketappraisal.com
New Market Appraisals	newmarketappraisals.com
John P. Kenny	johnpkenny.com
Appraisal Research Company	appraisalresearch.com
Appraisal Research Company	appraisalsresearch.com
United National Appraisal Corporation	unitednationalappraisal.com
United National Appraisal Corporation	unitednationalappraisals.com
Brad Keshavarz	bradkeshavarz.com
Lora L. Kessler APPRAISALS INC	loralkesslerappraisals.com
Lora L. Kessler APPRAISALS INC	loralkesslerappraisal.com
B. Keyes Appraisal Services	bkeyesappraisalervices.com
B. Keyes Appraisal Services	bkeyesappraisalservices.com
B. Keyes Appraisal Services	bkeyesappraisal.com
Movses Khachikyan	movseskhachikyan.com
Mandana Khaki	mandanakhaki.com
Heather Khan, Appraiser	heatherkhanappraiser.com
Calval Appraisal Services Incorporated	calvalappraisalservices.com
Calval Appraisal Services Incorporated	calvalappraisal.com
Calval Appraisal Services Incorporated	calvalappraisalervices.com
County Appraisal Services	countyappraisal.com
County Appraisal Services	countyappraisalservices.com
County Appraisal Services	countyappraisalervices.com
Ashour khosrowabadi Appraisal	ashourkhosrowabadiappraisal.com
Ashour khosrowabadi Appraisal	ashourkhosrowabadiappraisals.com
Himmat Khunkhun Appraisal Service	himmatkhunkhunappraisalervice.com
Himmat Khunkhun Appraisal Service	himmatkhunkhunappraisalservice.com
Himmat Khunkhun Appraisal Service	himmatkhunkhunappraisal.com
Pacific Home Appraisers	pacifichomeappraisers.com
K1 Appraisal Services	k1appraisalservices.com
K1 Appraisal Services	k1appraisalervices.com
K1 Appraisal Services	k1appraisal.com
Four Winds Appraisal	fourwindsappraisals.com
Four Winds Appraisal	fourwindsappraisal.com
AL KIM APPRAISER	alkimappraiser.com
TLS Appraisal Services	tlsappraisalervices.com
TLS Appraisal Services	tlsappraisalservices.com
TLS Appraisal Services	tlsappraisal.com
ALL THAT APPRAISAL, INC.	allthatappraisals.com
ALL THAT APPRAISAL, INC.	allthatappraisal.com
DJ Appraisals, Inc.	djappraisal.com
DJ Appraisals, Inc.	djappraisals.com
Andante Appraisal	andanteappraisal.com
Andante Appraisal	andanteappraisals.com
Bona Fide Appraisals	bonafideappraisals.com
Bona Fide Appraisals	bonafideappraisal.com
JY Appraisal Service, Inc	jyappraisalervice.com
JY Appraisal Service, Inc	jyappraisal.com
JY Appraisal Service, Inc	jyappraisalservice.com
JK Appraisal	jkappraisals.com
JK Appraisal	jkappraisal.com
P&P Appraisal Service Inc	pandpappraisal.com
P&P Appraisal Service Inc	pandpappraisalservice.com
P&P Appraisal Service Inc	pandpappraisalervice.com
Skyline Appraisal, Inc	skylineappraisal.com
Skyline Appraisal, Inc	skylineappraisals.com
Philip Kim's Appraisal	philipkimsappraisal.com
Philip Kim's Appraisal	philipkimsappraisals.com
TSB Apraisal	tsbapraisal.com
POG Service	pog.com
POG Service	pogservice.com
Steven  Kim Real Estate Appraiisal	stevenkimrealestateappraiisal.com
Veracity Appraisal Services, Inc.	veracityappraisalservices.com
Veracity Appraisal Services, Inc.	veracityappraisal.com
Veracity Appraisal Services, Inc.	veracityappraisalervices.com
Tim Kimball Appraisals	timkimballappraisal.com
Tim Kimball Appraisals	timkimballappraisals.com
Best Coast Appraisal Company	bestcoastappraisals.com
Best Coast Appraisal Company	bestcoastappraisal.com
Kimbrough Appraisal	kimbroughappraisals.com
Kimbrough Appraisal	kimbroughappraisal.com
Camden Real Estate Appraisals	camdenrealestateappraisals.com
Camden Real Estate Appraisals	camdenrealestateappraisal.com
King Appraisal	kingappraisal.com
King Appraisal	kingappraisals.com
DAK Appraisal	dakappraisals.com
DAK Appraisal	dakappraisal.com
Mary C. King & Associates, Inc.	maryckingandassociates.com
Mary C. King & Associates, Inc.	maryckingand.com
Accurity Consolidated, LLC	accurityconsolidated.com
Robert King & Associates	robertkingandassociates.com
Robert King & Associates	robertkingand.com
JK APPRAISAL SERVICES	jkappraisal.com
JK APPRAISAL SERVICES	jkappraisalservices.com
JK APPRAISAL SERVICES	jkappraisalervices.com
Greater Bay Appraisal Inc	greaterbayappraisal.com
Greater Bay Appraisal Inc	greaterbayappraisals.com
Kirby Appraisal Company, Inc.	kirbyappraisal.com
Kirby Appraisal Company, Inc.	kirbyappraisals.com
H & W Appraisal	handwappraisals.com
H & W Appraisal	handwappraisal.com
Redwood Empire Appraisals, Inc.	redwoodempireappraisals.com
Redwood Empire Appraisals, Inc.	redwoodempireappraisal.com
Kizer Appraisals	kizerappraisal.com
Kizer Appraisals	kizerappraisals.com
Klassen Appraisals	klassenappraisal.com
Klassen Appraisals	klassenappraisals.com
Affinity Residential Appraisal Servi��es, Inc.	affinityresidentialappraisalservies.com
Affinity Residential Appraisal Servi��es, Inc.	affinityresidentialappraisalervies.com
Hilary M. Klein	hilarymklein.com
Jeffery A. Klein Appraiser	jefferyakleinappraiser.com
Top Notch Appraisals	topnotchappraisals.com
Top Notch Appraisals	topnotchappraisal.com
Kneeland & Associates	kneelandandassociates.com
Kneeland & Associates	kneelandand.com
Reno Tahoe Appraisal Group LLC	renotahoeappraisalsgroup.com
Reno Tahoe Appraisal Group LLC	renotahoeappraisal.com
Reno Tahoe Appraisal Group LLC	renotahoeappraisalgroup.com
Appraise All	appraiseall.com
Glenwood Group	glenwoodgroup.com
Glenwood Group	glenwood.com
Jak's Management Group, LLC	jaksmanagement.com
Jak's Management Group, LLC	jaksmanagementgroup.com
Apex Property Advisors	apexpropertyadvisors.com
Kobzeff Property Valuation	kobzeffpropertyvaluation.com
Koch Appraisal & Consulting	kochappraisalandconsulting.com
Koch Appraisal & Consulting	kochappraisalsandconsulting.com
BK Real Estate Services	bkrealestateservices.com
BK Real Estate Services	bkrealestate.com
Koenig Appraisal	koenigappraisals.com
Koenig Appraisal	koenigappraisal.com
Common Sense Appraisal Services	commonsenseappraisalservices.com
Common Sense Appraisal Services	commonsenseappraisalervices.com
Common Sense Appraisal Services	commonsenseappraisal.com
Professional Appraisal Services	professionalappraisal.com
Professional Appraisal Services	professionalappraisalervices.com
Professional Appraisal Services	professionalappraisalservices.com
Prime Appraisals	primeappraisals.com
Prime Appraisals	primeappraisal.com
Wayne Kono Appraisals	waynekonoappraisal.com
Wayne Kono Appraisals	waynekonoappraisals.com
Alliance Appraisal Team	allianceappraisalteam.com
Alliance Appraisal Team	allianceappraisalsteam.com
Ben Koontz	benkoontz.com
Approved Appreisers	approvedappreisers.com
LCS Appraisals	lcsappraisal.com
LCS Appraisals	lcsappraisals.com
AccuFast Appraisal Group	accufastappraisalgroup.com
AccuFast Appraisal Group	accufastappraisal.com
AccuFast Appraisal Group	accufastappraisalsgroup.com
William John & Associates/Net Appraisers	williamjohnandassociatesnetappraisers.com
Pegasus Appraisals	pegasusappraisal.com
Pegasus Appraisals	pegasusappraisals.com
Precise Property Valuation, Inc.	precisepropertyvaluation.com
RJK Appraisal	rjkappraisals.com
RJK Appraisal	rjkappraisal.com
United Real Estate Appraiser Federation	unitedrealestateappraiserfederation.com
Kramer Appraisal	kramerappraisal.com
Kramer Appraisal	kramerappraisals.com
Kressin Real Estate & Appraisal Services	kressinrealestateandappraisal.com
Kressin Real Estate & Appraisal Services	kressinrealestateandappraisalservices.com
Kressin Real Estate & Appraisal Services	kressinrealestateandappraisalervices.com
Krijger Consulting Group LLC	krijgerconsulting.com
Krijger Consulting Group LLC	krijgerconsultinggroup.com
Home Value Experts, LLC	homevalueexperts.com
Professional Appraisal Company	professionalappraisals.com
Professional Appraisal Company	professionalappraisal.com
AIS Appraisal Services, LLC	aisappraisalservices.com
AIS Appraisal Services, LLC	aisappraisal.com
AIS Appraisal Services, LLC	aisappraisalervices.com
AVK Appraisal Services	avkappraisal.com
AVK Appraisal Services	avkappraisalservices.com
AVK Appraisal Services	avkappraisalervices.com
M.G.K. Properties, Inc.	mgkproperties.com
Meredith A. Krulee	meredithakrulee.com
Gil Kuhn Appraisals	gilkuhnappraisal.com
Gil Kuhn Appraisals	gilkuhnappraisals.com
All-Star Real Estate Appraisal	allstarrealestateappraisals.com
All-Star Real Estate Appraisal	allstarrealestateappraisal.com
APK Appraisal	apkappraisal.com
APK Appraisal	apkappraisals.com
Tim Kummer	timkummer.com
Philip Kung	philipkung.com
GDN Real Estate Services	gdnrealestate.com
GDN Real Estate Services	gdnrealestateservices.com
US DEPT OF HOUSING & URBAN DEVELOPMENT	usdeptofhousingandurbandevelopment.com
GSK Appraisal	gskappraisals.com
GSK Appraisal	gskappraisal.com
Nisen Kurman	nisenkurman.com
Real Estate Appraisal Services	realestateappraisalervices.com
Real Estate Appraisal Services	realestateappraisal.com
Real Estate Appraisal Services	realestateappraisalservices.com
Kurz Appraisal Services	kurzappraisalervices.com
Kurz Appraisal Services	kurzappraisal.com
Kurz Appraisal Services	kurzappraisalservices.com
ABM Real Estate and Appraisal Services	abmrealestateandappraisalservices.com
ABM Real Estate and Appraisal Services	abmrealestateandappraisal.com
ABM Real Estate and Appraisal Services	abmrealestateandappraisalervices.com
Mark Kushinsky	markkushinsky.com
Douglas Kuss Appraisal Services	douglaskussappraisalservices.com
Douglas Kuss Appraisal Services	douglaskussappraisal.com
Douglas Kuss Appraisal Services	douglaskussappraisalervices.com
A.S.K. Professional Services, Inc.	askprofessionalservices.com
A.S.K. Professional Services, Inc.	askprofessional.com
Kuyper Appraisal Services	kuyperappraisal.com
Kuyper Appraisal Services	kuyperappraisalervices.com
Kuyper Appraisal Services	kuyperappraisalservices.com
Golden Valley Appraisals, LLC	goldenvalleyappraisals.com
Golden Valley Appraisals, LLC	goldenvalleyappraisal.com
Sunvaluation, Inc	sunvaluation.com
James Kwon	jameskwon.com
Tri-Star Real Estate Appraisal, Inc.	tristarrealestateappraisals.com
Tri-Star Real Estate Appraisal, Inc.	tristarrealestateappraisal.com
Tri-Star Real Estate Appraisal Inc.	tristarrealestateappraisals.com
Tri-Star Real Estate Appraisal Inc.	tristarrealestateappraisal.com
Aron Kwong	aronkwong.com
La Rocca Appraisal	laroccaappraisal.com
La Rocca Appraisal	laroccaappraisals.com
Fremont Bank	fremontbank.com
Milvi Laan Appraisals	milvilaanappraisals.com
Milvi Laan Appraisals	milvilaanappraisal.com
Fawcett/Labie & Associates	fawcettlabieand.com
Fawcett/Labie & Associates	fawcettlabieandassociates.com
So Cal Appraisals	socalappraisals.com
So Cal Appraisals	socalappraisal.com
L & L Appraisal Services	landlappraisalservices.com
L & L Appraisal Services	landlappraisal.com
L & L Appraisal Services	landlappraisalervices.com
Roger Lackey	rogerlackey.com
The Lackner Group	thelacknergroup.com
The Lackner Group	thelackner.com
Polaris 7 Group	polaris7group.com
Polaris 7 Group	polaris7.com
Amercity Appraisal	amercityappraisals.com
Amercity Appraisal	amercityappraisal.com
T&M Appraisals	tandmappraisal.com
T&M Appraisals	tandmappraisals.com
Marjorie Lala	marjorielala.com
Lalikyan & Associates Inc.	lalikyanandassociates.com
Lalikyan & Associates Inc.	lalikyanand.com
North Bay Real Estate Appraising LLC	northbayrealestateappraising.com
ATL & Associates	atlandassociates.com
ATL & Associates	atland.com
Lamdiero Services Inc.	lamdiero.com
Lamdiero Services Inc.	lamdieroservices.com
Lam and Associates Appraisal	lamandassociatesappraisal.com
Lam and Associates Appraisal	lamandassociatesappraisals.com
Axiom Appraisals	axiomappraisal.com
Axiom Appraisals	axiomappraisals.com
Belle Haven Appraisals	bellehavenappraisals.com
Belle Haven Appraisals	bellehavenappraisal.com
Bluebay Appraisal, Inc.	bluebayappraisal.com
Bluebay Appraisal, Inc.	bluebayappraisals.com
Appraisal Network	appraisalsnetwork.com
Appraisal Network	appraisalnetwork.com
R. K. Landers Appraisals	rklandersappraisals.com
R. K. Landers Appraisals	rklandersappraisal.com
Riviera Appraisals	rivieraappraisals.com
Riviera Appraisals	rivieraappraisal.com
Landess Appraisal	landessappraisal.com
Landess Appraisal	landessappraisals.com
SunWest Appraisal, Inc.	sunwestappraisal.com
SunWest Appraisal, Inc.	sunwestappraisals.com
Velox Valuation San Diego	veloxvaluationsandiego.com
Lane & Associates	laneand.com
Lane & Associates	laneandassociates.com
J.P.Morgan Chase Bank	jpmorganchasebank.com
Karen Laos	karenlaos.com
Quality Appraisal Service	qualityappraisalervice.com
Quality Appraisal Service	qualityappraisal.com
Quality Appraisal Service	qualityappraisalservice.com
LaRoche Appraisals	larocheappraisal.com
LaRoche Appraisals	larocheappraisals.com
Larsen Real Estate Appraising	larsenrealestateappraising.com
C. Larson Appraisals	clarsonappraisal.com
C. Larson Appraisals	clarsonappraisals.com
Larson Appraisal	larsonappraisals.com
Larson Appraisal	larsonappraisal.com
Larsson & Associates	larssonandassociates.com
Larsson & Associates	larssonand.com
Mark Lashkari	marklashkari.com
Latuscha Appraisal  & Lake County Appraisal	latuschaappraisalsandlakecountyappraisals.com
Latuscha Appraisal  & Lake County Appraisal	latuschaappraisalandlakecountyappraisal.com
Green Bay Appraisals	greenbayappraisals.com
Green Bay Appraisals	greenbayappraisal.com
Amer Appraisals	amerappraisal.com
Amer Appraisals	amerappraisals.com
Rudolph J. Lauretta	rudolphjlauretta.com
Mr Appraisal	mrappraisal.com
Mr Appraisal	mrappraisals.com
JRL Properties	jrlproperties.com
Lawrie & Company	lawrieand.com
Apollos Appraisal	apollosappraisal.com
Apollos Appraisal	apollosappraisals.com
Lawson Appraisals	lawsonappraisals.com
Lawson Appraisals	lawsonappraisal.com
Myles Lawson & Associates	myleslawsonandassociates.com
Myles Lawson & Associates	myleslawsonand.com
SJ Layne Appraiser	sjlayneappraiser.com
Delux Appraisals, Inc.	deluxappraisal.com
Delux Appraisals, Inc.	deluxappraisals.com
Andrew Lazzereschi, Appraiser	andrewlazzereschiappraiser.com
CC Appraisal	ccappraisal.com
CC Appraisal	ccappraisals.com
Nation Appraisal Group	nationappraisalgroup.com
Nation Appraisal Group	nationappraisalsgroup.com
Nation Appraisal Group	nationappraisal.com
Appraisal Network Group, Inc.	appraisalnetwork.com
Appraisal Network Group, Inc.	appraisalsnetworkgroup.com
Appraisal Network Group, Inc.	appraisalnetworkgroup.com
Option One Appraisal Services	optiononeappraisalervices.com
Option One Appraisal Services	optiononeappraisal.com
Option One Appraisal Services	optiononeappraisalservices.com
Le Appraisal Services	leappraisalservices.com
Le Appraisal Services	leappraisal.com
Le Appraisal Services	leappraisalervices.com
UYEN LE	uyenle.com
Michael K. Leahy	michaelkleahy.com
Brenton Paul Lebish	brentonpaullebish.com
Expertise Appraisals	expertiseappraisal.com
Expertise Appraisals	expertiseappraisals.com
ASJL RE Appraisal Services	asjlreappraisalervices.com
ASJL RE Appraisal Services	asjlreappraisal.com
ASJL RE Appraisal Services	asjlreappraisalservices.com
Blee Appraisal	bleeappraisals.com
Blee Appraisal	bleeappraisal.com
Speed Appraisal Services	speedappraisal.com
Speed Appraisal Services	speedappraisalervices.com
Speed Appraisal Services	speedappraisalservices.com
County Line Appraisals, Inc.	countylineappraisal.com
County Line Appraisals, Inc.	countylineappraisals.com
Blue Jay Appraisal Services, Inc.	bluejayappraisalservices.com
Blue Jay Appraisal Services, Inc.	bluejayappraisal.com
Blue Jay Appraisal Services, Inc.	bluejayappraisalervices.com
KS Appraisal Company	ksappraisals.com
KS Appraisal Company	ksappraisal.com
F. Lee Appraisal Services	fleeappraisalervices.com
F. Lee Appraisal Services	fleeappraisal.com
F. Lee Appraisal Services	fleeappraisalservices.com
Calus Professional Service	calusprofessionalservice.com
Calus Professional Service	calusprofessional.com
Home Point Appraisal	homepointappraisals.com
Home Point Appraisal	homepointappraisal.com
JYL Valuations, Inc.	jylvaluations.com
Julie Lee	julielee.com
Jun Ho Lee	junholee.com
Qwik Appraisal L.L.C.	qwikappraisal.com
Qwik Appraisal L.L.C.	qwikappraisals.com
Canon Valuation Services Inc.	canonvaluationservices.com
Canon Valuation Services Inc.	canonvaluation.com
Lee's Appraisal Service	leesappraisalservice.com
Lee's Appraisal Service	leesappraisalervice.com
Lee's Appraisal Service	leesappraisal.com
KSLEE Appraisal	ksleeappraisal.com
KSLEE Appraisal	ksleeappraisals.com
Tiffany Lee & Associates	tiffanyleeand.com
Tiffany Lee & Associates	tiffanyleeandassociates.com
Yentai Lee	yentailee.com
leeperAppraisal	leeperappraisals.com
leeperAppraisal	leeperappraisal.com
Leeper Appraisal Services	leeperappraisalervices.com
Leeper Appraisal Services	leeperappraisalservices.com
Leeper Appraisal Services	leeperappraisal.com
Rockwood Realty Advisors	rockwoodrealtyadvisors.com
Appraisers Network	appraisersnetwork.com
Appraisal Lab	appraisalslab.com
Appraisal Lab	appraisallab.com
Matthew J. Lemansky	matthewjlemansky.com
Margaret M. Lembo	margaretmlembo.com
RealPro Services, LLC	realpro.com
RealPro Services, LLC	realproservices.com
Steve Lenchner Appraisals	stevelenchnerappraisals.com
Steve Lenchner Appraisals	stevelenchnerappraisal.com
Lenington Appraisal Services	leningtonappraisalervices.com
Lenington Appraisal Services	leningtonappraisal.com
Lenington Appraisal Services	leningtonappraisalservices.com
Kristi Leo	kristileo.com
Glenn Leonard	glennleonard.com
JDM Appraisals	jdmappraisal.com
JDM Appraisals	jdmappraisals.com
Julia N. Leonard & Associates, Appraisals	julianleonardandassociatesappraisal.com
Julia N. Leonard & Associates, Appraisals	julianleonardandassociatesappraisals.com
Sunrise Appraisals	sunriseappraisals.com
Sunrise Appraisals	sunriseappraisal.com
David Lepore	davidlepore.com
Leslie Appraisals	leslieappraisals.com
Leslie Appraisals	leslieappraisal.com
Steven Letchworth	stevenletchworth.com
Gary Leung	garyleung.com
ACM Enterprise	acmenterprise.com
Landmark Research Group, LLC	landmarkresearch.com
Landmark Research Group, LLC	landmarkresearchgroup.com
Alpenglow Appraisals	alpenglowappraisal.com
Alpenglow Appraisals	alpenglowappraisals.com
Anthony Appraisal	anthonyappraisals.com
Anthony Appraisal	anthonyappraisal.com
Central Coast Appraisal Services	centralcoastappraisalservices.com
Central Coast Appraisal Services	centralcoastappraisal.com
Central Coast Appraisal Services	centralcoastappraisalervices.com
Golden State Appraisals	goldenstateappraisals.com
Golden State Appraisals	goldenstateappraisal.com
JQL Consulting Inc.	jqlconsulting.com
EVEN BRIGHT APPRAISAL SERVICES	evenbrightappraisal.com
EVEN BRIGHT APPRAISAL SERVICES	evenbrightappraisalervices.com
EVEN BRIGHT APPRAISAL SERVICES	evenbrightappraisalservices.com
J&L Appraisal Company	jandlappraisal.com
J&L Appraisal Company	jandlappraisals.com
Altitude Appraisals	altitudeappraisal.com
Altitude Appraisals	altitudeappraisals.com
Appraisal 3000 Inc	appraisals3000.com
Appraisal 3000 Inc	appraisal3000.com
Upward Appraisal	upwardappraisal.com
Upward Appraisal	upwardappraisals.com
Snapshot Appraisal	snapshotappraisal.com
Snapshot Appraisal	snapshotappraisals.com
Appraising Southern California	appraisingsoutherncalifornia.com
Quick Home Estimate, Inc.	quickhomeestimate.com
Linden Appraisal Services	lindenappraisal.com
Linden Appraisal Services	lindenappraisalervices.com
Linden Appraisal Services	lindenappraisalservices.com
Linder Appraisal Services, Inc.	linderappraisal.com
Linder Appraisal Services, Inc.	linderappraisalervices.com
Linder Appraisal Services, Inc.	linderappraisalservices.com
Brant Lindhorst	brantlindhorst.com
Cal Bay Appraisals	calbayappraisals.com
Cal Bay Appraisals	calbayappraisal.com
Marin Home and Land Appraisal	marinhomeandlandappraisals.com
Marin Home and Land Appraisal	marinhomeandlandappraisal.com
Dennis Lindstrom - Appraiser	dennislindstromappraiser.com
BSL Commercial and Residential Real Estate Services	bslcommercialandresidentialrealestate.com
Lint Appraisals	lintappraisal.com
Lint Appraisals	lintappraisals.com
Mitchell Lipari Real Estate Appraisal	mitchellliparirealestateappraisal.com
Mitchell Lipari Real Estate Appraisal	mitchellliparirealestateappraisals.com
Lipelt Appraisal Services	lipeltappraisalervices.com
Lipelt Appraisal Services	lipeltappraisalservices.com
Lipelt Appraisal Services	lipeltappraisal.com
Lipsey Appraisal Service	lipseyappraisalervice.com
Lipsey Appraisal Service	lipseyappraisalservice.com
Lipsey Appraisal Service	lipseyappraisal.com
Lonna M. LiPuma	lonnamlipuma.com
Lister Appraisals LLC	listerappraisal.com
Lister Appraisals LLC	listerappraisals.com
Debra L. Little	debrallittle.com
SFBAY-RE	sfbayre.com
Apex Appraisal	apexappraisals.com
Apex Appraisal	apexappraisal.com
Lex Enterprise	lexenterprise.com
Lizotte Appraisal Services	lizotteappraisal.com
Lizotte Appraisal Services	lizotteappraisalervices.com
Lizotte Appraisal Services	lizotteappraisalservices.com
William Lo Appraisers	williamloappraisers.com
Surefire Success LLC	surefiresuccess.com
William Lo	williamlo.com
A.L. Appraisal Services	alappraisal.com
A.L. Appraisal Services	alappraisalervices.com
A.L. Appraisal Services	alappraisalservices.com
Los Angeles Appraisal	losangelesappraisals.com
Los Angeles Appraisal	losangelesappraisal.com
STL Appraisal Service	stlappraisalservice.com
STL Appraisal Service	stlappraisalervice.com
STL Appraisal Service	stlappraisal.com
Antonio Lofton	antoniolofton.com
BKL Appraisal Services	bklappraisal.com
BKL Appraisal Services	bklappraisalervices.com
BKL Appraisal Services	bklappraisalservices.com
Allison Logan	allisonlogan.com
South Shore Appraisals	southshoreappraisal.com
South Shore Appraisals	southshoreappraisals.com
Lisa M Lombardi	lisamlombardi.com
London Appraisals	londonappraisal.com
London Appraisals	londonappraisals.com
Jerry Long Inc.	jerrylong.com
PCL Appraisals	pclappraisal.com
PCL Appraisals	pclappraisals.com
FirstSum	firstsum.com
CSI Appraisals	csiappraisal.com
CSI Appraisals	csiappraisals.com
US Bank N.A.	usbankna.com
Ed Lopez Appraisals	edlopezappraisal.com
Ed Lopez Appraisals	edlopezappraisals.com
Lopez Appraisal Services	lopezappraisalservices.com
Lopez Appraisal Services	lopezappraisalervices.com
Lopez Appraisal Services	lopezappraisal.com
RL Home Valuations LLC	rlhomevaluations.com
Integrity Appraisers	integrityappraisers.com
Vincent L. Lorrain & Associates	vincentllorrainandassociates.com
Vincent L. Lorrain & Associates	vincentllorrainand.com
Lotich's Appraisal Services	lotichsappraisalservices.com
Lotich's Appraisal Services	lotichsappraisalervices.com
Lotich's Appraisal Services	lotichsappraisal.com
West End Appraisal	westendappraisals.com
West End Appraisal	westendappraisal.com
Brymar Appraisals	brymarappraisals.com
Brymar Appraisals	brymarappraisal.com
Advanced Real Estate Appraisal	advancedrealestateappraisals.com
Advanced Real Estate Appraisal	advancedrealestateappraisal.com
MIke's Appraisal	mikesappraisals.com
MIke's Appraisal	mikesappraisal.com
Andrew Loza	andrewloza.com
Omar Loza Appraisals Inc.	omarlozaappraisal.com
Omar Loza Appraisals Inc.	omarlozaappraisals.com
AAA ASAP Appraisals, Inc	aaaasapappraisals.com
AAA ASAP Appraisals, Inc	aaaasapappraisal.com
CORE VALUE APPRAISALS & SERVICES	corevalueappraisalsandservices.com
CORE VALUE APPRAISALS & SERVICES	corevalueappraisalandservices.com
CORE VALUE APPRAISALS & SERVICES	corevalueappraisalsand.com
Appraisals by Fara	appraisalbyfara.com
Appraisals by Fara	appraisalsbyfara.com
Lugo Appraisal Services	lugoappraisalservices.com
Lugo Appraisal Services	lugoappraisalervices.com
Lugo Appraisal Services	lugoappraisal.com
CJ Market Concepts, LLC	cjmarketconcepts.com
Preferred Appraisals	preferredappraisals.com
Preferred Appraisals	preferredappraisal.com
John Luna Appraisal	johnlunaappraisals.com
John Luna Appraisal	johnlunaappraisal.com
Luna & Associates	lunaandassociates.com
Luna & Associates	lunaand.com
Scott L Lunders	scottllunders.com
Lundquist Appraisal Company	lundquistappraisals.com
Lundquist Appraisal Company	lundquistappraisal.com
Lili Luo and Associates	lililuoand.com
Lili Luo and Associates	lililuoandassociates.com
O.C. Valuations	ocvaluations.com
Equity Pro Appraisals	equityproappraisal.com
Equity Pro Appraisals	equityproappraisals.com
Advantage Appraisals	advantageappraisals.com
Advantage Appraisals	advantageappraisal.com
Lynch Associates	lynchassociates.com
Lynch Associates	lynch.com
Joseph Lynch Appraisal Services	josephlynchappraisalservices.com
Joseph Lynch Appraisal Services	josephlynchappraisal.com
Joseph Lynch Appraisal Services	josephlynchappraisalervices.com
Raena Lynn and Associates	raenalynnandassociates.com
Raena Lynn and Associates	raenalynnand.com
Lyon's Appraisal Services, Inc.	lyonsappraisal.com
Lyon's Appraisal Services, Inc.	lyonsappraisalservices.com
Lyon's Appraisal Services, Inc.	lyonsappraisalervices.com
Lyons Appraisals	lyonsappraisals.com
Lyons Appraisals	lyonsappraisal.com
AC Appraisal Services	acappraisalservices.com
AC Appraisal Services	acappraisal.com
AC Appraisal Services	acappraisalervices.com
C. Paul Mac Manus	cpaulmacmanus.com
MacBride Appraisal	macbrideappraisal.com
MacBride Appraisal	macbrideappraisals.com
Direct Appraisal Service	directappraisalervice.com
Direct Appraisal Service	directappraisal.com
Direct Appraisal Service	directappraisalservice.com
Karen Mace Appraisals	karenmaceappraisals.com
Karen Mace Appraisals	karenmaceappraisal.com
Machado Real Property Consulting	machadorealpropertyconsulting.com
Macias Appraisals	maciasappraisal.com
Macias Appraisals	maciasappraisals.com
MacLean Appraisals	macleanappraisals.com
MacLean Appraisals	macleanappraisal.com
Mitchell T. Magana	mitchelltmagana.com
TR Home Appraisals	trhomeappraisal.com
TR Home Appraisals	trhomeappraisals.com
The Appraisal Office	theappraisaloffice.com
The Appraisal Office	theappraisalsoffice.com
ACM Appraisals Inc	acmappraisal.com
ACM Appraisals Inc	acmappraisals.com
VJMAppraisals	vjmappraisal.com
VJMAppraisals	vjmappraisals.com
Mahan Appraisals	mahanappraisal.com
Mahan Appraisals	mahanappraisals.com
Ed's Appraisal Service	edsappraisalservice.com
Ed's Appraisal Service	edsappraisal.com
Ed's Appraisal Service	edsappraisalervice.com
Mahoney Appraisal	mahoneyappraisal.com
Mahoney Appraisal	mahoneyappraisals.com
Envision Appraisal Corp	envisionappraisal.com
Envision Appraisal Corp	envisionappraisals.com
Amida Appraisal	amidaappraisals.com
Amida Appraisal	amidaappraisal.com
Mark Maigaard	markmaigaard.com
Philip G. Maingot	philipgmaingot.com
David Maisonneuve Appraisal Service	davidmaisonneuveappraisalservice.com
David Maisonneuve Appraisal Service	davidmaisonneuveappraisalervice.com
David Maisonneuve Appraisal Service	davidmaisonneuveappraisal.com
AGM Appraisals, LLC	agmappraisals.com
AGM Appraisals, LLC	agmappraisal.com
Olga Mala	olgamala.com
Heritage Financial	heritagefinancial.com
A-1 Appraisal Inc.	a1appraisals.com
A-1 Appraisal Inc.	a1appraisal.com
Malignaggi Appraisals	malignaggiappraisals.com
Malignaggi Appraisals	malignaggiappraisal.com
Mallinson & Associates	mallinsonandassociates.com
Mallinson & Associates	mallinsonand.com
California Appraisers Inc.	californiaappraisers.com
Tom Malone, Real Estate Appraiser	tommalonerealestateappraiser.com
Mancera Group  LLC	manceragroup.com
Mancera Group  LLC	mancera.com
Residential Real Estate Appraisers	residentialrealestateappraisers.com
Jeff Mandel	jeffmandel.com
Appraisal Services, Inc.	appraisal.com
Appraisal Services, Inc.	appraisalservices.com
Appraisal Services, Inc.	appraisalervices.com
Excel Appraisal	excelappraisal.com
Excel Appraisal	excelappraisals.com
KDM Appraisals	kdmappraisals.com
KDM Appraisals	kdmappraisal.com
Bennett Mann	bennettmann.com
Calixto R. Manriquez, Inc.	calixtormanriquez.com
Metro Appraisal Services	metroappraisal.com
Metro Appraisal Services	metroappraisalervices.com
Metro Appraisal Services	metroappraisalservices.com
PM Valuation Services, Inc.	pmvaluation.com
PM Valuation Services, Inc.	pmvaluationservices.com
Carol J. Mapes	caroljmapes.com
Synergy Appraisal Services	synergyappraisal.com
Synergy Appraisal Services	synergyappraisalservices.com
Synergy Appraisal Services	synergyappraisalervices.com
Howard Margolies Appraisals	howardmargoliesappraisals.com
Howard Margolies Appraisals	howardmargoliesappraisal.com
Mariani Appraisal & Consulting Services	marianiappraisalsandconsultingservices.com
Mariani Appraisal & Consulting Services	marianiappraisalandconsulting.com
Mariani Appraisal & Consulting Services	marianiappraisalandconsultingservices.com
Markham Appraisal Service	markhamappraisalservice.com
Markham Appraisal Service	markhamappraisal.com
Markham Appraisal Service	markhamappraisalervice.com
The Marks Company	themarks.com
Marlow Companies, Inc.	marlowcompanies.com
MREA Inc.	mrea.com
Faster Appraisals	fasterappraisal.com
Faster Appraisals	fasterappraisals.com
MANUS APPRAISALS LLC	manusappraisals.com
MANUS APPRAISALS LLC	manusappraisal.com
Laguna Appraisals	lagunaappraisals.com
Laguna Appraisals	lagunaappraisal.com
Appraisals Bureau	appraisalbureau.com
Appraisals Bureau	appraisalsbureau.com
Marsh & Associates	marshand.com
Marsh & Associates	marshandassociates.com
Professional Real Estate Appraisers	professionalrealestateappraisers.com
Joan Marshall	joanmarshall.com
Martin Appraisal	martinappraisal.com
Martin Appraisal	martinappraisals.com
Big Cedar Appraisal Services	bigcedarappraisal.com
Big Cedar Appraisal Services	bigcedarappraisalservices.com
Big Cedar Appraisal Services	bigcedarappraisalervices.com
Park Place Appraisals	parkplaceappraisals.com
Park Place Appraisals	parkplaceappraisal.com
Martin Appraisal Services	martinappraisal.com
Martin Appraisal Services	martinappraisalservices.com
Martin Appraisal Services	martinappraisalervices.com
Martin Real Estate Appraisal Service	martinrealestateappraisalervice.com
Martin Real Estate Appraisal Service	martinrealestateappraisal.com
Martin Real Estate Appraisal Service	martinrealestateappraisalservice.com
Golden Appraisals	goldenappraisal.com
Golden Appraisals	goldenappraisals.com
Appraisal Connection	appraisalconnection.com
Appraisal Connection	appraisalsconnection.com
Martin Appraisal Inc.	martinappraisal.com
Martin Appraisal Inc.	martinappraisals.com
Susan Martin	susanmartin.com
Tim Martin Appraisals	timmartinappraisals.com
Tim Martin Appraisals	timmartinappraisal.com
Accord Appraisals	accordappraisals.com
Accord Appraisals	accordappraisal.com
SFV Realty Services	sfvrealtyservices.com
SFV Realty Services	sfvrealty.com
Melea Martinez	meleamartinez.com
1st Quality Appraisals, Inc.	1stqualityappraisals.com
1st Quality Appraisals, Inc.	1stqualityappraisal.com
Altair Real Estate Services	altairrealestateservices.com
Altair Real Estate Services	altairrealestate.com
Miles Mason & Associates, Inc	milesmasonand.com
Miles Mason & Associates, Inc	milesmasonandassociates.com
The Mason Group	themasongroup.com
The Mason Group	themason.com
Sujan Master	sujanmaster.com
Kevin Masterson	kevinmasterson.com
Mission Valley Appraisals	missionvalleyappraisal.com
Mission Valley Appraisals	missionvalleyappraisals.com
Mateo Appraisal Services, LLC.	mateoappraisalservices.com
Mateo Appraisal Services, LLC.	mateoappraisalervices.com
Mateo Appraisal Services, LLC.	mateoappraisal.com
ACI Real Estate Services, Inc.	acirealestate.com
ACI Real Estate Services, Inc.	acirealestateservices.com
Matsumoto Appraisals	matsumotoappraisals.com
Matsumoto Appraisals	matsumotoappraisal.com
Matthews Real Estate Appraisals	matthewsrealestateappraisal.com
Matthews Real Estate Appraisals	matthewsrealestateappraisals.com
Michael Matthews Appraisals	michaelmatthewsappraisals.com
Michael Matthews Appraisals	michaelmatthewsappraisal.com
Appraise-tech	appraisetech.com
Thomas Mattingly	thomasmattingly.com
MATTOS APPRAISERS	mattosappraisers.com
Mattson Appraisal Services	mattsonappraisalervices.com
Mattson Appraisal Services	mattsonappraisal.com
Mattson Appraisal Services	mattsonappraisalservices.com
Mauro Appraisals	mauroappraisal.com
Mauro Appraisals	mauroappraisals.com
Meredeth D Maxwell	meredethdmaxwell.com
Young Appraisals	youngappraisals.com
Young Appraisals	youngappraisal.com
Five Star Appraisal Services	fivestarappraisal.com
Five Star Appraisal Services	fivestarappraisalervices.com
Five Star Appraisal Services	fivestarappraisalservices.com
First Rate Appraisal Services	firstrateappraisalservices.com
First Rate Appraisal Services	firstrateappraisal.com
First Rate Appraisal Services	firstrateappraisalervices.com
JM Appraisal Services	jmappraisalervices.com
JM Appraisal Services	jmappraisalservices.com
JM Appraisal Services	jmappraisal.com
Jerry Mazza Appraisals	jerrymazzaappraisal.com
Jerry Mazza Appraisals	jerrymazzaappraisals.com
San Francisco Bay Appraisal	sanfranciscobayappraisal.com
San Francisco Bay Appraisal	sanfranciscobayappraisals.com
Thomas C. Mazzeo Appraiser	thomascmazzeoappraiser.com
Mazzoni Unlimited Services, Inc.	mazzoniunlimitedservices.com
Mazzoni Unlimited Services, Inc.	mazzoniunlimited.com
Appraising Capital	appraisingcapital.com
McBride Appraisal Services	mcbrideappraisal.com
McBride Appraisal Services	mcbrideappraisalservices.com
McBride Appraisal Services	mcbrideappraisalervices.com
William McCallen	williammccallen.com
Kelly McCann	kellymccann.com
Christopher M McCarthy	christophermmccarthy.com
Peak Appraisals	peakappraisals.com
Peak Appraisals	peakappraisal.com
Lori McCarthy Appraisal Services	lorimccarthyappraisalservices.com
Lori McCarthy Appraisal Services	lorimccarthyappraisal.com
Lori McCarthy Appraisal Services	lorimccarthyappraisalervices.com
Richard McCauley & Associates	richardmccauleyandassociates.com
Richard McCauley & Associates	richardmccauleyand.com
Chris McClintock	chrismcclintock.com
Deborah A. McClinton	deborahamcclinton.com
JM Real Estate Group, LLC	jmrealestategroup.com
JM Real Estate Group, LLC	jmrealestate.com
Appraisal services of Southern California	appraisalervicesofsoutherncalifornia.com
Appraisal services of Southern California	appraisalservicesofsoutherncalifornia.com
ross mcconnell appraisals	rossmcconnellappraisals.com
ross mcconnell appraisals	rossmcconnellappraisal.com
Advantage Appraisal Services	advantageappraisalservices.com
Advantage Appraisal Services	advantageappraisalervices.com
Advantage Appraisal Services	advantageappraisal.com
ADM Appraisals	admappraisals.com
ADM Appraisals	admappraisal.com
Appraisal Equities	appraisalsequities.com
Appraisal Equities	appraisalequities.com
ANB Appraisals	anbappraisals.com
ANB Appraisals	anbappraisal.com
Clare D. McCullough Real Estate Appraiser	claredmcculloughrealestateappraiser.com
Sallie McCullough	salliemccullough.com
Independent Property Appraisers	independentpropertyappraisers.com
Camie McDonald	camiemcdonald.com
Country Hills Appraisal Service	countryhillsappraisalervice.com
Country Hills Appraisal Service	countryhillsappraisalservice.com
Country Hills Appraisal Service	countryhillsappraisal.com
Big Mac Financial Group. Inc.	bigmacfinancialgroup.com
Big Mac Financial Group. Inc.	bigmacfinancial.com
McDonough Appraisal Service	mcdonoughappraisal.com
McDonough Appraisal Service	mcdonoughappraisalservice.com
McDonough Appraisal Service	mcdonoughappraisalervice.com
Bay Appraisal Group	bayappraisalgroup.com
Bay Appraisal Group	bayappraisalsgroup.com
Bay Appraisal Group	bayappraisal.com
MONTEREY BAY APPRAISAL SERVICE	montereybayappraisalservice.com
MONTEREY BAY APPRAISAL SERVICE	montereybayappraisal.com
MONTEREY BAY APPRAISAL SERVICE	montereybayappraisalervice.com
Axiom Real Estate Appraisal	axiomrealestateappraisal.com
Axiom Real Estate Appraisal	axiomrealestateappraisals.com
McFadden Appraisals	mcfaddenappraisals.com
McFadden Appraisals	mcfaddenappraisal.com
McFarlin Appraisals LLC	mcfarlinappraisals.com
McFarlin Appraisals LLC	mcfarlinappraisal.com
Applied Appraisals	appliedappraisal.com
Applied Appraisals	appliedappraisals.com
McGinley Appraisals	mcginleyappraisals.com
McGinley Appraisals	mcginleyappraisal.com
District Appraisals	districtappraisals.com
District Appraisals	districtappraisal.com
McgAppraisals, Inc.	mcgappraisal.com
McgAppraisals, Inc.	mcgappraisals.com
Julian McGrath	julianmcgrath.com
D. McGraw Appraisal	dmcgrawappraisals.com
D. McGraw Appraisal	dmcgrawappraisal.com
Kellie McGraw	kelliemcgraw.com
Janine G. McGuinness	janinegmcguinness.com
McHugh Appraisal Service	mchughappraisal.com
McHugh Appraisal Service	mchughappraisalservice.com
McHugh Appraisal Service	mchughappraisalervice.com
Suzanne R. McIlrath	suzannermcilrath.com
WIRAMC INC	wiramc.com
McIntyre Appraisals	mcintyreappraisal.com
McIntyre Appraisals	mcintyreappraisals.com
Seaview Appraisals, Inc.	seaviewappraisal.com
Seaview Appraisals, Inc.	seaviewappraisals.com
Scott McIver Appraisal Services	scottmciverappraisalervices.com
Scott McIver Appraisal Services	scottmciverappraisalservices.com
Scott McIver Appraisal Services	scottmciverappraisal.com
McKee & Associates, Inc.	mckeeand.com
McKee & Associates, Inc.	mckeeandassociates.com
McKenna Pacific Appraisals	mckennapacificappraisals.com
McKenna Pacific Appraisals	mckennapacificappraisal.com
Advanced Appraisal Services, Inc.	advancedappraisalservices.com
Advanced Appraisal Services, Inc.	advancedappraisal.com
Advanced Appraisal Services, Inc.	advancedappraisalervices.com
McKown Appraisal Service, Carole A McKown	mckownappraisalservicecaroleamckown.com
McKown Appraisal Service, Carole A McKown	mckownappraisalervicecaroleamckown.com
McLaughlin Property Valuation Services	mclaughlinpropertyvaluation.com
McLaughlin Property Valuation Services	mclaughlinpropertyvaluationservices.com
IJM Appraisal Services	ijmappraisalservices.com
IJM Appraisal Services	ijmappraisalervices.com
IJM Appraisal Services	ijmappraisal.com
San Diego Home Appraisers	sandiegohomeappraisers.com
McLemore Appraisals	mclemoreappraisals.com
McLemore Appraisals	mclemoreappraisal.com
McMath Appraisals	mcmathappraisals.com
McMath Appraisals	mcmathappraisal.com
Ascent Appraisal Service	ascentappraisal.com
Ascent Appraisal Service	ascentappraisalervice.com
Ascent Appraisal Service	ascentappraisalservice.com
McNulty Appraisal	mcnultyappraisals.com
McNulty Appraisal	mcnultyappraisal.com
The McPherson Group	themcphersongroup.com
The McPherson Group	themcpherson.com
CoMeck Appraisal Valuation Services	comeckappraisalvaluationservices.com
CoMeck Appraisal Valuation Services	comeckappraisalvaluation.com
CoMeck Appraisal Valuation Services	comeckappraisalsvaluationservices.com
Suzy Medaglia	suzymedaglia.com
ONE STOP APPRAISAL	onestopappraisal.com
ONE STOP APPRAISAL	onestopappraisals.com
California Appraisal Solutions	californiaappraisalolutions.com
California Appraisal Solutions	californiaappraisalsolutions.com
NuAppraisals	nuappraisal.com
NuAppraisals	nuappraisals.com
Tomer Meghnagi	tomermeghnagi.com
Donna Megna Appraisals	donnamegnaappraisals.com
Donna Megna Appraisals	donnamegnaappraisal.com
Swift & Sound Appraisal	swiftandsoundappraisal.com
Swift & Sound Appraisal	swiftandsoundappraisals.com
Appraisalfax	appraisalfax.com
Appraisalfax	appraisalsfax.com
Southern California Appraisers, Inc.	southerncaliforniaappraisers.com
SFM Appraisals	sfmappraisal.com
SFM Appraisals	sfmappraisals.com
Independent Appraisal Group	independentappraisal.com
Independent Appraisal Group	independentappraisalgroup.com
Independent Appraisal Group	independentappraisalsgroup.com
South County Appraisal Service	southcountyappraisalservice.com
South County Appraisal Service	southcountyappraisal.com
South County Appraisal Service	southcountyappraisalervice.com
Robert B. Melfe, Appraisals	robertbmelfeappraisal.com
Robert B. Melfe, Appraisals	robertbmelfeappraisals.com
Mark Melikian	markmelikian.com
Gabrielle Mellott	gabriellemellott.com
Sierra Nevada Appraisal Group	sierranevadaappraisalgroup.com
Sierra Nevada Appraisal Group	sierranevadaappraisal.com
Sierra Nevada Appraisal Group	sierranevadaappraisalsgroup.com
Melville Appraisal	melvilleappraisal.com
Melville Appraisal	melvilleappraisals.com
Ramstar Appraisals	ramstarappraisals.com
Ramstar Appraisals	ramstarappraisal.com
Cali Tax & Insurance	calitaxandinsurance.com
JJM Appraisal Services	jjmappraisalservices.com
JJM Appraisal Services	jjmappraisalervices.com
JJM Appraisal Services	jjmappraisal.com
San Diego Appraisal Company Inc.	sandiegoappraisals.com
San Diego Appraisal Company Inc.	sandiegoappraisal.com
Jessica Mericle Appraisals	jessicamericleappraisals.com
Jessica Mericle Appraisals	jessicamericleappraisal.com
Merrick Appraisal	merrickappraisal.com
Merrick Appraisal	merrickappraisals.com
LSM Appraisal	lsmappraisals.com
LSM Appraisal	lsmappraisal.com
Abbey Appraisals, Inc.	abbeyappraisal.com
Abbey Appraisals, Inc.	abbeyappraisals.com
Remford L Metoyer	remfordlmetoyer.com
Meuser Appraisal	meuserappraisal.com
Meuser Appraisal	meuserappraisals.com
AMEX Appraisal	amexappraisals.com
AMEX Appraisal	amexappraisal.com
Gary Meyer	garymeyer.com
Roy Meyer Appraisals	roymeyerappraisals.com
Roy Meyer Appraisals	roymeyerappraisal.com
Quality Appraisals	qualityappraisal.com
Quality Appraisals	qualityappraisals.com
Jensen Appraisal Inc.- Foothill & Mountain Div	jensenappraisalsfoothillandmountaindiv.com
Jensen Appraisal Inc.- Foothill & Mountain Div	jensenappraisalfoothillandmountaindiv.com
Electronic Appraisal Solutions, INC	electronicappraisalolutions.com
Electronic Appraisal Solutions, INC	electronicappraisalsolutions.com
Middleton Real Estate Appraisals	middletonrealestateappraisal.com
Middleton Real Estate Appraisals	middletonrealestateappraisals.com
Foss Consulting Group	fossconsultinggroup.com
Foss Consulting Group	fossconsulting.com
Adrian B. Miller, CREA	adrianbmillercrea.com
Brad Miller	bradmiller.com
David Miller Appraisal Service	davidmillerappraisalservice.com
David Miller Appraisal Service	davidmillerappraisal.com
David Miller Appraisal Service	davidmillerappraisalervice.com
Jay Miller	jaymiller.com
Jeffrey Miller Appraisal	jeffreymillerappraisals.com
Jeffrey Miller Appraisal	jeffreymillerappraisal.com
Appraisal Monkey	appraisalmonkey.com
Appraisal Monkey	appraisalsmonkey.com
Martin Miller Appraisal Services	martinmillerappraisalservices.com
Martin Miller Appraisal Services	martinmillerappraisal.com
Martin Miller Appraisal Services	martinmillerappraisalervices.com
Valquick Appraisal	valquickappraisal.com
Valquick Appraisal	valquickappraisals.com
RSM Valuation Services, Inc.	rsmvaluationservices.com
RSM Valuation Services, Inc.	rsmvaluation.com
Miller Home Appraisal	millerhomeappraisal.com
Miller Home Appraisal	millerhomeappraisals.com
Certified Appraiser Network	certifiedappraisernetwork.com
Toni Miller	tonimiller.com
Michael Mills	michaelmills.com
Silicon Valley Pioneer Appraisal Services	siliconvalleypioneerappraisalservices.com
Silicon Valley Pioneer Appraisal Services	siliconvalleypioneerappraisal.com
Silicon Valley Pioneer Appraisal Services	siliconvalleypioneerappraisalervices.com
Ken E. Minor & Associates	keneminorandassociates.com
Ken E. Minor & Associates	keneminorand.com
Approved Appraisal Services	approvedappraisal.com
Approved Appraisal Services	approvedappraisalervices.com
Approved Appraisal Services	approvedappraisalservices.com
Frank Miranda & Associates	frankmirandaand.com
Frank Miranda & Associates	frankmirandaandassociates.com
Pacific Appraisers	pacificappraisers.com
Casa Bella Real Estate Services, Inc.	casabellarealestate.com
Casa Bella Real Estate Services, Inc.	casabellarealestateservices.com
Assured Appraisals, Inc	assuredappraisals.com
Assured Appraisals, Inc	assuredappraisal.com
Daniel C. Mishkit	danielcmishkit.com
Mispireta and Associates	mispiretaand.com
Mispireta and Associates	mispiretaandassociates.com
GPS Appraisal Services	gpsappraisal.com
GPS Appraisal Services	gpsappraisalservices.com
GPS Appraisal Services	gpsappraisalervices.com
Dwaine Mitchell	dwainemitchell.com
Absolute Appraisal Service	absoluteappraisalervice.com
Absolute Appraisal Service	absoluteappraisal.com
Absolute Appraisal Service	absoluteappraisalservice.com
Robert Mitchell Appraisal Incorporated	robertmitchellappraisal.com
Robert Mitchell Appraisal Incorporated	robertmitchellappraisals.com
Vickie Miyashiro	vickiemiyashiro.com
Peachtree Appraisal	peachtreeappraisals.com
Peachtree Appraisal	peachtreeappraisal.com
Alex Mockus	alexmockus.com
Real Estate Appraisal Srvcs	realestateappraisalrvcs.com
Real Estate Appraisal Srvcs	realestateappraisalsrvcs.com
Elite Appraisal Services	eliteappraisal.com
Elite Appraisal Services	eliteappraisalervices.com
Elite Appraisal Services	eliteappraisalservices.com
Market Appraisal Group	marketappraisalsgroup.com
Market Appraisal Group	marketappraisalgroup.com
Market Appraisal Group	marketappraisal.com
CAPAA	capaa.com
Bay Valuation Services	bayvaluation.com
Bay Valuation Services	bayvaluationservices.com
John W. Mohamed, Appraiser	johnwmohamedappraiser.com
JIT Appraisal Services	jitappraisalservices.com
JIT Appraisal Services	jitappraisalervices.com
JIT Appraisal Services	jitappraisal.com
Atlas Property Appraisal Incorporation	atlaspropertyappraisalincorporation.com
Atlas Property Appraisal Incorporation	atlaspropertyappraisalsincorporation.com
Juan Molina	juanmolina.com
Molinari Appraisal Service	molinariappraisalservice.com
Molinari Appraisal Service	molinariappraisalervice.com
Molinari Appraisal Service	molinariappraisal.com
Semple Appraisals Inc.	sempleappraisal.com
Semple Appraisals Inc.	sempleappraisals.com
Associated Appraisal Service	associatedappraisalservice.com
Associated Appraisal Service	associatedappraisalervice.com
Associated Appraisal Service	associatedappraisal.com
ACE Appraisers	aceappraisers.com
Monroe Appraisals, Inc.	monroeappraisals.com
Monroe Appraisals, Inc.	monroeappraisal.com
Warthog LLC	warthog.com
Appraisal Providers	appraisalsproviders.com
Appraisal Providers	appraisalproviders.com
Precision Appraisal Services	precisionappraisalervices.com
Precision Appraisal Services	precisionappraisalservices.com
Precision Appraisal Services	precisionappraisal.com
Montgomery Appraisal	montgomeryappraisals.com
Montgomery Appraisal	montgomeryappraisal.com
The Appraisal Service	theappraisal.com
The Appraisal Service	theappraisalervice.com
The Appraisal Service	theappraisalservice.com
California Home Value	californiahomevalue.com
Monty Appraisals	montyappraisal.com
Monty Appraisals	montyappraisals.com
Moody Appraisal Group, Inc.	moodyappraisal.com
Moody Appraisal Group, Inc.	moodyappraisalsgroup.com
Moody Appraisal Group, Inc.	moodyappraisalgroup.com
PrimeVal Appraisal Inc., Appraisal Solution	primevalappraisalappraisalolution.com
PrimeVal Appraisal Inc., Appraisal Solution	primevalappraisalappraisalsolution.com
Sarah Moon Real Estate Services	sarahmoonrealestate.com
Sarah Moon Real Estate Services	sarahmoonrealestateservices.com
MCMG	mcmg.com
Atlas Appraisal LLC	atlasappraisals.com
Atlas Appraisal LLC	atlasappraisal.com
JKM Appraisal Company	jkmappraisal.com
JKM Appraisal Company	jkmappraisals.com
Pacific West Appraisal Inc.	pacificwestappraisal.com
Pacific West Appraisal Inc.	pacificwestappraisals.com
MOORE APPRAISAL NETWORK, INC.	mooreappraisalnetwork.com
MOORE APPRAISAL NETWORK, INC.	mooreappraisalsnetwork.com
Dennis D Morales	dennisdmorales.com
California Coast Appraisals	californiacoastappraisal.com
California Coast Appraisals	californiacoastappraisals.com
RAM Appraisals	ramappraisals.com
RAM Appraisals	ramappraisal.com
Cal Coast Appraisals, Inc.	calcoastappraisals.com
Cal Coast Appraisals, Inc.	calcoastappraisal.com
Morikawa Property Valuation	morikawapropertyvaluation.com
HomeLink Appraisal Solutions	homelinkappraisalolutions.com
HomeLink Appraisal Solutions	homelinkappraisalsolutions.com
Coastline Appraisal Service	coastlineappraisalservice.com
Coastline Appraisal Service	coastlineappraisal.com
Coastline Appraisal Service	coastlineappraisalervice.com
AppraiseNet Group, Inc.	appraisenet.com
AppraiseNet Group, Inc.	appraisenetgroup.com
Morris Appraisal, Inc.	morrisappraisal.com
Morris Appraisal, Inc.	morrisappraisals.com
USBANK	usbank.com
DM Appraisals	dmappraisal.com
DM Appraisals	dmappraisals.com
A-Tech Appraisals	atechappraisal.com
A-Tech Appraisals	atechappraisals.com
Cynthia A Mortenson, Appraiser	cynthiaamortensonappraiser.com
JM Appraisals	jmappraisals.com
JM Appraisals	jmappraisal.com
Suzanne Mosel Appraisal	suzannemoselappraisals.com
Suzanne Mosel Appraisal	suzannemoselappraisal.com
Appraisals Only	appraisalonly.com
Appraisals Only	appraisalsonly.com
Premier Appraisals R.E. Services	premierappraisalsre.com
Premier Appraisals R.E. Services	premierappraisalreservices.com
Premier Appraisals R.E. Services	premierappraisalsreservices.com
Mosser Appraisals	mosserappraisal.com
Mosser Appraisals	mosserappraisals.com
Pacific Residential Appraisals	pacificresidentialappraisals.com
Pacific Residential Appraisals	pacificresidentialappraisal.com
Mourad Appraisals Inc	mouradappraisal.com
Mourad Appraisals Inc	mouradappraisals.com
Socal Quality Appraisal Service	socalqualityappraisalervice.com
Socal Quality Appraisal Service	socalqualityappraisal.com
Socal Quality Appraisal Service	socalqualityappraisalservice.com
1Advanced Appraisal, Inc	1advancedappraisal.com
1Advanced Appraisal, Inc	1advancedappraisals.com
SoCal Appraisal, Inc	socalappraisals.com
SoCal Appraisal, Inc	socalappraisal.com
Prime Appraisers	primeappraisers.com
Lennell Mudd and Associates	lennellmuddandassociates.com
Lennell Mudd and Associates	lennellmuddand.com
Accurate Appraisals	accurateappraisal.com
Accurate Appraisals	accurateappraisals.com
PMG Appraisal Services	pmgappraisal.com
PMG Appraisal Services	pmgappraisalervices.com
PMG Appraisal Services	pmgappraisalservices.com
Appraisal Authority	appraisalsauthority.com
Appraisal Authority	appraisalauthority.com
Edgar Mujukian	edgarmujukian.com
Mullican Appraisals Inc	mullicanappraisal.com
Mullican Appraisals Inc	mullicanappraisals.com
Kenneth Mullinix & Associates	kennethmullinixand.com
Kenneth Mullinix & Associates	kennethmullinixandassociates.com
California Home Appraisals	californiahomeappraisals.com
California Home Appraisals	californiahomeappraisal.com
Top Flight Appraisals	topflightappraisal.com
Top Flight Appraisals	topflightappraisals.com
RHM Appraisal Services	rhmappraisalervices.com
RHM Appraisal Services	rhmappraisal.com
RHM Appraisal Services	rhmappraisalservices.com
Murdock Appraisals	murdockappraisal.com
Murdock Appraisals	murdockappraisals.com
California Appraisal Team	californiaappraisalteam.com
California Appraisal Team	californiaappraisalsteam.com
DM Appraisal Services	dmappraisalservices.com
DM Appraisal Services	dmappraisal.com
DM Appraisal Services	dmappraisalervices.com
Old West Real Estate, Inc.	oldwestrealestate.com
Academy Appraisals of So Cal	academyappraisalsofsocal.com
Academy Appraisals of So Cal	academyappraisalofsocal.com
Tessa Murray Appraisal	tessamurrayappraisals.com
Tessa Murray Appraisal	tessamurrayappraisal.com
Oak & Anvil Appraisal	oakandanvilappraisal.com
Oak & Anvil Appraisal	oakandanvilappraisals.com
Discovery Appraisal Services	discoveryappraisalervices.com
Discovery Appraisal Services	discoveryappraisalservices.com
Discovery Appraisal Services	discoveryappraisal.com
Dudley Myer Appraisals	dudleymyerappraisals.com
Dudley Myer Appraisals	dudleymyerappraisal.com
The Myers Group, Inc.	themyersgroup.com
The Myers Group, Inc.	themyers.com
The Myers Group	themyersgroup.com
The Myers Group	themyers.com
Paul Myers Appraisals	paulmyersappraisals.com
Paul Myers Appraisals	paulmyersappraisal.com
Myers Appraisal Service	myersappraisal.com
Myers Appraisal Service	myersappraisalservice.com
Myers Appraisal Service	myersappraisalervice.com
TAM Real Estate Appraisal Services	tamrealestateappraisal.com
TAM Real Estate Appraisal Services	tamrealestateappraisalservices.com
TAM Real Estate Appraisal Services	tamrealestateappraisalervices.com
AAA Appraisal	aaaappraisal.com
AAA Appraisal	aaaappraisals.com
Nexus Appraisal	nexusappraisals.com
Nexus Appraisal	nexusappraisal.com
Nagel Appraisal Service	nagelappraisal.com
Nagel Appraisal Service	nagelappraisalervice.com
Nagel Appraisal Service	nagelappraisalservice.com
Sierra Appraisal Services	sierraappraisalervices.com
Sierra Appraisal Services	sierraappraisal.com
Sierra Appraisal Services	sierraappraisalservices.com
Cuesta Appraisal	cuestaappraisals.com
Cuesta Appraisal	cuestaappraisal.com
Lou Najera Appraisals	lounajeraappraisals.com
Lou Najera Appraisals	lounajeraappraisal.com
NAKAGAWA APPRAISAL SERVICES	nakagawaappraisal.com
NAKAGAWA APPRAISAL SERVICES	nakagawaappraisalervices.com
NAKAGAWA APPRAISAL SERVICES	nakagawaappraisalservices.com
GN Nakamura	gnnakamura.com
Empire Appraisals	empireappraisal.com
Empire Appraisals	empireappraisals.com
Seaside Appraisal Services	seasideappraisalervices.com
Seaside Appraisal Services	seasideappraisalservices.com
Seaside Appraisal Services	seasideappraisal.com
Boss Appraisal Services	bossappraisal.com
Boss Appraisal Services	bossappraisalervices.com
Boss Appraisal Services	bossappraisalservices.com
MJN	mjn.com
L. Naretto Appraisals	lnarettoappraisal.com
L. Naretto Appraisals	lnarettoappraisals.com
E Z APPRAISALS	ezappraisal.com
E Z APPRAISALS	ezappraisals.com
MD Real Estate Services	mdrealestateservices.com
MD Real Estate Services	mdrealestate.com
24 Hour Appraisal, Inc.	24hourappraisals.com
24 Hour Appraisal, Inc.	24hourappraisal.com
Sactown Appraisals	sactownappraisals.com
Sactown Appraisals	sactownappraisal.com
Merrill Morgan Real Estate Advisors	merrillmorganrealestateadvisors.com
Vincent J. Natoli	vincentjnatoli.com
Mike Navar Valuations	mikenavarvaluations.com
Eagles Trade, Inc.	eaglestrade.com
On The Mark Appraisal	onthemarkappraisals.com
On The Mark Appraisal	onthemarkappraisal.com
Cal Elite Appraisal Services	caleliteappraisalervices.com
Cal Elite Appraisal Services	caleliteappraisal.com
Cal Elite Appraisal Services	caleliteappraisalservices.com
VHE Appraisal	vheappraisal.com
VHE Appraisal	vheappraisals.com
Steve Necke Appraisal Service	steveneckeappraisalservice.com
Steve Necke Appraisal Service	steveneckeappraisalervice.com
Steve Necke Appraisal Service	steveneckeappraisal.com
Necko Appraisals	neckoappraisal.com
Necko Appraisals	neckoappraisals.com
R.J. Neild Real Estate Appraisals	rjneildrealestateappraisals.com
R.J. Neild Real Estate Appraisals	rjneildrealestateappraisal.com
Assisted Evaluation Inc.	assistedevaluation.com
ASAP Appraisal Services	asapappraisal.com
ASAP Appraisal Services	asapappraisalervices.com
ASAP Appraisal Services	asapappraisalservices.com
James Nemoto	jamesnemoto.com
Nesci Appraisal Service	nesciappraisalervice.com
Nesci Appraisal Service	nesciappraisalservice.com
Nesci Appraisal Service	nesciappraisal.com
Ness Appraisal Service	nessappraisalervice.com
Ness Appraisal Service	nessappraisalservice.com
Ness Appraisal Service	nessappraisal.com
Appraisal Associates of Monterey	appraisalsassociatesofmonterey.com
Appraisal Associates of Monterey	appraisalassociatesofmonterey.com
Thomas Appraisal Company	thomasappraisal.com
Thomas Appraisal Company	thomasappraisals.com
Sonic Appraisal Group	sonicappraisalgroup.com
Sonic Appraisal Group	sonicappraisal.com
Sonic Appraisal Group	sonicappraisalsgroup.com
Peter Q Ngo	peterqngo.com
Bay Area Residential Appraisal	bayarearesidentialappraisal.com
Bay Area Residential Appraisal	bayarearesidentialappraisals.com
BL Appraisal Services	blappraisalervices.com
BL Appraisal Services	blappraisalservices.com
BL Appraisal Services	blappraisal.com
Parker Appraisal Service	parkerappraisalservice.com
Parker Appraisal Service	parkerappraisalervice.com
Parker Appraisal Service	parkerappraisal.com
A&T Appraisals	aandtappraisals.com
A&T Appraisals	aandtappraisal.com
Merit Appraisal Services	meritappraisalservices.com
Merit Appraisal Services	meritappraisalervices.com
Merit Appraisal Services	meritappraisal.com
Siri Appraisal Services	siriappraisal.com
Siri Appraisal Services	siriappraisalservices.com
Siri Appraisal Services	siriappraisalervices.com
H&T Appraisal Inc	handtappraisals.com
H&T Appraisal Inc	handtappraisal.com
Uber Chuchu, Inc.	uberchuchu.com
Vanguard Appraisal Services	vanguardappraisal.com
Vanguard Appraisal Services	vanguardappraisalervices.com
Vanguard Appraisal Services	vanguardappraisalservices.com
AppraisalOne	appraisalone.com
AppraisalOne	appraisalsone.com
Acuurate KN Appraisal dba Fast Appraisal	acuurateknappraisalsdbafastappraisals.com
Acuurate KN Appraisal dba Fast Appraisal	acuurateknappraisaldbafastappraisal.com
SCMN Corp	scmn.com
Alpha Appraisal Services	alphaappraisal.com
Alpha Appraisal Services	alphaappraisalservices.com
Alpha Appraisal Services	alphaappraisalervices.com
AppraisalsDirect	appraisalsdirect.com
AppraisalsDirect	appraisaldirect.com
Summit Home Appraisal	summithomeappraisals.com
Summit Home Appraisal	summithomeappraisal.com
Statewide Appraisals	statewideappraisal.com
Statewide Appraisals	statewideappraisals.com
Optima Appraisal	optimaappraisal.com
Optima Appraisal	optimaappraisals.com
Elite Appraisal	eliteappraisals.com
Elite Appraisal	eliteappraisal.com
Property Valuation Network	propertyvaluationnetwork.com
Vincent Nguyen	vincentnguyen.com
Nichols Appraisal	nicholsappraisals.com
Nichols Appraisal	nicholsappraisal.com
Nicholson & Company Appraisers, Inc.	nicholsonandappraisers.com
Nicholson Appraisal	nicholsonappraisal.com
Nicholson Appraisal	nicholsonappraisals.com
Private Eye Appraisals	privateeyeappraisal.com
Private Eye Appraisals	privateeyeappraisals.com
California Prime Realty	californiaprimerealty.com
Riggins Enterprises, LLC dba Riggins Appraisals	rigginsenterprisesdbarigginsappraisal.com
Riggins Enterprises, LLC dba Riggins Appraisals	rigginsenterprisesdbarigginsappraisals.com
Nielsen Appraisal Service	nielsenappraisal.com
Nielsen Appraisal Service	nielsenappraisalervice.com
Nielsen Appraisal Service	nielsenappraisalservice.com
Laura Niesley Appraisal Service	lauraniesleyappraisal.com
Laura Niesley Appraisal Service	lauraniesleyappraisalservice.com
Laura Niesley Appraisal Service	lauraniesleyappraisalervice.com
Pat Nikolewski	patnikolewski.com
Accurate Residential Appraisal	accurateresidentialappraisals.com
Accurate Residential Appraisal	accurateresidentialappraisal.com
Courtney Nim	courtneynim.com
Nine Appraisals	nineappraisals.com
Nine Appraisals	nineappraisal.com
Opteon Appraisal Inc.	opteonappraisals.com
Opteon Appraisal Inc.	opteonappraisal.com
P. Noble Appraisals	pnobleappraisal.com
P. Noble Appraisals	pnobleappraisals.com
Julie A Noel	julieanoel.com
Certify Appraisal	certifyappraisals.com
Certify Appraisal	certifyappraisal.com
Home Real Estate Appraisals	homerealestateappraisals.com
Home Real Estate Appraisals	homerealestateappraisal.com
The Nord Group	thenordgroup.com
The Nord Group	thenord.com
Nordal & Associates Real Estate Appraisal	nordalandassociatesrealestateappraisal.com
Nordal & Associates Real Estate Appraisal	nordalandassociatesrealestateappraisals.com
Steven D Norris	stevendnorris.com
USA Appraisals	usaappraisal.com
USA Appraisals	usaappraisals.com
Gold Rush Appraisal Group	goldrushappraisal.com
Gold Rush Appraisal Group	goldrushappraisalsgroup.com
Gold Rush Appraisal Group	goldrushappraisalgroup.com
Value Appraisal Services, Inc	valueappraisalservices.com
Value Appraisal Services, Inc	valueappraisalervices.com
Value Appraisal Services, Inc	valueappraisal.com
Appraisal Circle - Appraisal Factory Inc	appraisalcircleappraisalfactory.com
Appraisal Circle - Appraisal Factory Inc	appraisalscircleappraisalsfactory.com
Chris T. Nuno	christnuno.com
James O'Brien	jamesobrien.com
Trusted Valuation Solutions, Inc.	trustedvaluationsolutions.com
Appraisal & Review Solutions	appraisalsandreviewsolutions.com
Appraisal & Review Solutions	appraisalandreviewsolutions.com
O'Brien Appraisal Service	obrienappraisal.com
O'Brien Appraisal Service	obrienappraisalservice.com
O'Brien Appraisal Service	obrienappraisalervice.com
O'Brien Appraisals	obrienappraisal.com
O'Brien Appraisals	obrienappraisals.com
Alpine Appraisal Group	alpineappraisalsgroup.com
Alpine Appraisal Group	alpineappraisal.com
Alpine Appraisal Group	alpineappraisalgroup.com
Kelly O'Connor Appraisals	kellyoconnorappraisals.com
Kelly O'Connor Appraisals	kellyoconnorappraisal.com
Matthew A. O'Connor	matthewaoconnor.com
O'Day Appraisal Service	odayappraisalervice.com
O'Day Appraisal Service	odayappraisalservice.com
O'Day Appraisal Service	odayappraisal.com
Jan O'Flynn Appraisals	janoflynnappraisal.com
Jan O'Flynn Appraisals	janoflynnappraisals.com
Kevin O'Harra	kevinoharra.com
Todd O'Malley Appraiser	toddomalleyappraiser.com
O'Reilly Brothers Appraisal Group	oreillybrothersappraisalgroup.com
O'Reilly Brothers Appraisal Group	oreillybrothersappraisalsgroup.com
O'Reilly Brothers Appraisal Group	oreillybrothersappraisal.com
ADI Appraisals Services	adiappraisalsservices.com
ADI Appraisals Services	adiappraisalservices.com
ADI Appraisals Services	adiappraisals.com
First Citizens Bank / CIT Bank	firstcitizensbankcitbank.com
Casey Ogle Real Estate Appraisal	caseyoglerealestateappraisal.com
Casey Ogle Real Estate Appraisal	caseyoglerealestateappraisals.com
South Bay Appraisal Services Inc.	southbayappraisalervices.com
South Bay Appraisal Services Inc.	southbayappraisal.com
South Bay Appraisal Services Inc.	southbayappraisalservices.com
DON'S APPRAISALS	donsappraisals.com
DON'S APPRAISALS	donsappraisal.com
ANO Appraisal Service	anoappraisalservice.com
ANO Appraisal Service	anoappraisal.com
ANO Appraisal Service	anoappraisalervice.com
S Ojeda Appraisals	sojedaappraisal.com
S Ojeda Appraisals	sojedaappraisals.com
Certified Appraisal	certifiedappraisal.com
Certified Appraisal	certifiedappraisals.com
BV Appraisals Inc.	bvappraisal.com
BV Appraisals Inc.	bvappraisals.com
Jason B. Oldendorp	jasonboldendorp.com
Jeffrey Oliver	jeffreyoliver.com
At Your Appraisal Service	atyourappraisalservice.com
At Your Appraisal Service	atyourappraisal.com
At Your Appraisal Service	atyourappraisalervice.com
Olson Appraisals	olsonappraisal.com
Olson Appraisals	olsonappraisals.com
Olson Valuation Company	olsonvaluation.com
Professional Appraisals	professionalappraisals.com
Professional Appraisals	professionalappraisal.com
Nang Ong	nangong.com
Greg Ontiveros Jr., Appraiser	gregontiverosjrappraiser.com
Ontiveros Appraisal Service	ontiverosappraisalservice.com
Ontiveros Appraisal Service	ontiverosappraisal.com
Ontiveros Appraisal Service	ontiverosappraisalervice.com
American Home Appraisal	americanhomeappraisals.com
American Home Appraisal	americanhomeappraisal.com
Silicon Valley Valuations	siliconvalleyvaluations.com
iValue Homes, Inc.	ivaluehomes.com
Fidelity Appraisal Services	fidelityappraisal.com
Fidelity Appraisal Services	fidelityappraisalservices.com
Fidelity Appraisal Services	fidelityappraisalervices.com
Downstream Enterprises Inc	downstreamenterprises.com
Jenny Orozco Appraisal Services	jennyorozcoappraisal.com
Jenny Orozco Appraisal Services	jennyorozcoappraisalservices.com
Jenny Orozco Appraisal Services	jennyorozcoappraisalervices.com
Ortiz Appraisal Services	ortizappraisalservices.com
Ortiz Appraisal Services	ortizappraisalervices.com
Ortiz Appraisal Services	ortizappraisal.com
TCO Appraisals	tcoappraisals.com
TCO Appraisals	tcoappraisal.com
Aces Appraisals Real Estate of California	acesappraisalsrealestateofcalifornia.com
Aces Appraisals Real Estate of California	acesappraisalrealestateofcalifornia.com
Go Appraisals	goappraisal.com
Go Appraisals	goappraisals.com
Ostlund Appraisals	ostlundappraisals.com
Ostlund Appraisals	ostlundappraisal.com
Anthony Ostrow	anthonyostrow.com
OAS Real Estate Appraisals, Inc.	oasrealestateappraisals.com
OAS Real Estate Appraisals, Inc.	oasrealestateappraisal.com
Allen Ottoson	allenottoson.com
Yovino-Young, Inc.	yovinoyoung.com
Columbia Bank	columbiabank.com
RCO Appraisals	rcoappraisals.com
RCO Appraisals	rcoappraisal.com
Owens Appraisals	owensappraisal.com
Owens Appraisals	owensappraisals.com
Pacey Appraisals	paceyappraisals.com
Pacey Appraisals	paceyappraisal.com
M Pacheco Appraisals	mpachecoappraisal.com
M Pacheco Appraisals	mpachecoappraisals.com
Pacheco Appraisals	pachecoappraisal.com
Pacheco Appraisals	pachecoappraisals.com
Patrick Pacino	patrickpacino.com
James Pacitto Appraisals	jamespacittoappraisal.com
James Pacitto Appraisals	jamespacittoappraisals.com
Pacitto Appraisal Services, Inc.	pacittoappraisal.com
Pacitto Appraisal Services, Inc.	pacittoappraisalservices.com
Pacitto Appraisal Services, Inc.	pacittoappraisalervices.com
Peninsula Real Estate Appraisal	peninsularealestateappraisals.com
Peninsula Real Estate Appraisal	peninsularealestateappraisal.com
Padua Group	paduagroup.com
Padua Group	padua.com
Paine & Associates	paineand.com
Paine & Associates	paineandassociates.com
Palatella & Associates, Inc.	palatellaandassociates.com
Palatella & Associates, Inc.	palatellaand.com
Kirshner & Rohde Appraisal Services	kirshnerandrohdeappraisal.com
Kirshner & Rohde Appraisal Services	kirshnerandrohdeappraisalservices.com
Kirshner & Rohde Appraisal Services	kirshnerandrohdeappraisalervices.com
Larry K. Pall	larrykpall.com
Upright Appraisals	uprightappraisals.com
Upright Appraisals	uprightappraisal.com
Toni Palmer Appraisal Company	tonipalmerappraisals.com
Toni Palmer Appraisal Company	tonipalmerappraisal.com
Toni Palmer Appraisals	tonipalmerappraisals.com
Toni Palmer Appraisals	tonipalmerappraisal.com
Western Alliance Bank	westernalliancebank.com
AVIC Inc	avic.com
Wen-Tao Pan Inc.	wentaopan.com
Yao Pan	yaopan.com
APN Appraisal Services	apnappraisalservices.com
APN Appraisal Services	apnappraisalervices.com
APN Appraisal Services	apnappraisal.com
Real Time Property, Inc.	realtimeproperty.com
George Pao	georgepao.com
Precise Valuations	precisevaluations.com
Gold State Appraisal Group, Inc.	goldstateappraisal.com
Gold State Appraisal Group, Inc.	goldstateappraisalgroup.com
Gold State Appraisal Group, Inc.	goldstateappraisalsgroup.com
Calstar Appraisal Group	calstarappraisalgroup.com
Calstar Appraisal Group	calstarappraisalsgroup.com
Calstar Appraisal Group	calstarappraisal.com
Pardo Appraisals	pardoappraisal.com
Pardo Appraisals	pardoappraisals.com
SDI Appraisal Services	sdiappraisal.com
SDI Appraisal Services	sdiappraisalervices.com
SDI Appraisal Services	sdiappraisalservices.com
Park Avenue Appraisals	parkavenueappraisals.com
Park Avenue Appraisals	parkavenueappraisal.com
JP Appraisal Company	jpappraisal.com
JP Appraisal Company	jpappraisals.com
Laurianna L. Park Appraisals	lauriannalparkappraisal.com
Laurianna L. Park Appraisals	lauriannalparkappraisals.com
MP Appraisals, Inc.	mpappraisal.com
MP Appraisals, Inc.	mpappraisals.com
Appraise IT Today Inc.	appraiseittoday.com
ABCO Appraisals	abcoappraisal.com
ABCO Appraisals	abcoappraisals.com
Elizabeth Parker Appraisal	elizabethparkerappraisal.com
Elizabeth Parker Appraisal	elizabethparkerappraisals.com
PARKER'S APPRAISAL	parkersappraisal.com
PARKER'S APPRAISAL	parkersappraisals.com
Parkinson Appraisals	parkinsonappraisals.com
Parkinson Appraisals	parkinsonappraisal.com
Sierra Real Estate	sierrarealestate.com
Alan Partch	alanpartch.com
Integrated Appraisal Services, LLC	integratedappraisal.com
Integrated Appraisal Services, LLC	integratedappraisalervices.com
Integrated Appraisal Services, LLC	integratedappraisalservices.com
Dan Patalano Residential Appraisals	danpatalanoresidentialappraisals.com
Dan Patalano Residential Appraisals	danpatalanoresidentialappraisal.com
Patmore Appraisals	patmoreappraisals.com
Patmore Appraisals	patmoreappraisal.com
Cumberland Appraisal	cumberlandappraisals.com
Cumberland Appraisal	cumberlandappraisal.com
All Town and Country Appraisal Services	alltownandcountryappraisalervices.com
All Town and Country Appraisal Services	alltownandcountryappraisal.com
All Town and Country Appraisal Services	alltownandcountryappraisalservices.com
Pacific Appraisal Connection	pacificappraisalconnection.com
Pacific Appraisal Connection	pacificappraisalsconnection.com
Chase Appraisal Services	chaseappraisalservices.com
Chase Appraisal Services	chaseappraisalervices.com
Chase Appraisal Services	chaseappraisal.com
Protax, LLC.	protax.com
Paulus Appraisals	paulusappraisals.com
Paulus Appraisals	paulusappraisal.com
Pacific Capital Appraisals	pacificcapitalappraisal.com
Pacific Capital Appraisals	pacificcapitalappraisals.com
Foroud Payandehjoo	foroudpayandehjoo.com
Pearl Appraisals	pearlappraisal.com
Pearl Appraisals	pearlappraisals.com
ATLANTIS APPRAISALS	atlantisappraisals.com
ATLANTIS APPRAISALS	atlantisappraisal.com
Richard Pease	richardpease.com
Valley Home Appraisals	valleyhomeappraisals.com
Valley Home Appraisals	valleyhomeappraisal.com
A1Valuationpro	a1valuationpro.com
Peiffer Appraisals	peifferappraisals.com
Peiffer Appraisals	peifferappraisal.com
Argent Appraisals	argentappraisal.com
Argent Appraisals	argentappraisals.com
Tatyana Pekar	tatyanapekar.com
R & R Appraisals	randrappraisal.com
R & R Appraisals	randrappraisals.com
Anytime Appraisals	anytimeappraisal.com
Anytime Appraisals	anytimeappraisals.com
Kevin Pellon	kevinpellon.com
Iris Pena Appraisals	irispenaappraisals.com
Iris Pena Appraisals	irispenaappraisal.com
R.P. Appraisal Service	rpappraisalervice.com
R.P. Appraisal Service	rpappraisalservice.com
R.P. Appraisal Service	rpappraisal.com
Penn Appraisals	pennappraisal.com
Penn Appraisals	pennappraisals.com
Penney Appraisals	penneyappraisals.com
Penney Appraisals	penneyappraisal.com
Elevation Appraisal	elevationappraisal.com
Elevation Appraisal	elevationappraisals.com
Michael Pereira Appraisals	michaelpereiraappraisals.com
Michael Pereira Appraisals	michaelpereiraappraisal.com
Perez & Associates	perezand.com
Perez & Associates	perezandassociates.com
Stennis Appraisal Service	stennisappraisalervice.com
Stennis Appraisal Service	stennisappraisalservice.com
Stennis Appraisal Service	stennisappraisal.com
Cal Valley Appraisals	calvalleyappraisal.com
Cal Valley Appraisals	calvalleyappraisals.com
DVS Appraisals, Inc.	dvsappraisals.com
DVS Appraisals, Inc.	dvsappraisal.com
Perkins Appraisals	perkinsappraisals.com
Perkins Appraisals	perkinsappraisal.com
South Placer Appraisal Services	southplacerappraisal.com
South Placer Appraisal Services	southplacerappraisalervices.com
South Placer Appraisal Services	southplacerappraisalservices.com
Jim Perry Appraisals, LLC	jimperryappraisal.com
Jim Perry Appraisals, LLC	jimperryappraisals.com
R&K Appraisal	randkappraisals.com
R&K Appraisal	randkappraisal.com
Apple Appraisal, Inc.	appleappraisals.com
Apple Appraisal, Inc.	appleappraisal.com
Steven Perse Real Estate Services	stevenperserealestateservices.com
Steven Perse Real Estate Services	stevenperserealestate.com
Tanya Persky	tanyapersky.com
Country Values	countryvalues.com
Peters Real Value Appraisals	petersrealvalueappraisal.com
Peters Real Value Appraisals	petersrealvalueappraisals.com
VP Appraisal Services, Inc.	vpappraisalervices.com
VP Appraisal Services, Inc.	vpappraisal.com
VP Appraisal Services, Inc.	vpappraisalservices.com
Horizon Appraisal	horizonappraisals.com
Horizon Appraisal	horizonappraisal.com
Adele Petit	adelepetit.com
AppraiseCentral.Com	appraisecentralcom.com
DP Appraisal Services	dpappraisalservices.com
DP Appraisal Services	dpappraisal.com
DP Appraisal Services	dpappraisalervices.com
Pfeiffer Realty	pfeifferrealty.com
Pfeiffer Appraisal Group	pfeifferappraisalgroup.com
Pfeiffer Appraisal Group	pfeifferappraisal.com
Pfeiffer Appraisal Group	pfeifferappraisalsgroup.com
Pharr-Out Appraisals	pharroutappraisal.com
Pharr-Out Appraisals	pharroutappraisals.com
Occidental Appraisal Services, LLC	occidentalappraisal.com
Occidental Appraisal Services, LLC	occidentalappraisalervices.com
Occidental Appraisal Services, LLC	occidentalappraisalservices.com
The Phillips Company	thephillips.com
Phillips Appraisal Services Corp.	phillipsappraisal.com
Phillips Appraisal Services Corp.	phillipsappraisalervices.com
Phillips Appraisal Services Corp.	phillipsappraisalservices.com
Trusted Valuations	trustedvaluations.com
Alpha Appraisal Service	alphaappraisalervice.com
Alpha Appraisal Service	alphaappraisal.com
Alpha Appraisal Service	alphaappraisalservice.com
Jerald Piatchuk	jeraldpiatchuk.com
Pickart Appraisal & Consulting Services	pickartappraisalandconsulting.com
Pickart Appraisal & Consulting Services	pickartappraisalsandconsultingservices.com
Pickart Appraisal & Consulting Services	pickartappraisalandconsultingservices.com
Eagle Appraisal Services	eagleappraisalservices.com
Eagle Appraisal Services	eagleappraisalervices.com
Eagle Appraisal Services	eagleappraisal.com
Pickford Appraisal Inc	pickfordappraisals.com
Pickford Appraisal Inc	pickfordappraisal.com
GAP Appraisals	gapappraisal.com
GAP Appraisals	gapappraisals.com
Loorz & Company, Inc.	loorzand.com
Old Oak Appraisal Services Inc.	oldoakappraisalervices.com
Old Oak Appraisal Services Inc.	oldoakappraisalservices.com
Old Oak Appraisal Services Inc.	oldoakappraisal.com
Robert Pike	robertpike.com
Modern Appraisal	modernappraisals.com
Modern Appraisal	modernappraisal.com
Legacy Wealth Management	legacywealthmanagement.com
The Pinkston Group	thepinkston.com
The Pinkston Group	thepinkstongroup.com
TP Appraisals	tpappraisals.com
TP Appraisals	tpappraisal.com
Pirozzi Appraisal	pirozziappraisals.com
Pirozzi Appraisal	pirozziappraisal.com
Piscitelli Appraisal Service	piscitelliappraisalervice.com
Piscitelli Appraisal Service	piscitelliappraisalservice.com
Piscitelli Appraisal Service	piscitelliappraisal.com
RGP Appraisal	rgpappraisals.com
RGP Appraisal	rgpappraisal.com
Theresa Plachta's Appraisal Services	theresaplachtasappraisalervices.com
Theresa Plachta's Appraisal Services	theresaplachtasappraisal.com
Theresa Plachta's Appraisal Services	theresaplachtasappraisalservices.com
Premier	premier.com
Accountable Appraisals	accountableappraisal.com
Accountable Appraisals	accountableappraisals.com
Karen Podgorski	karenpodgorski.com
On Target Appraisal	ontargetappraisals.com
On Target Appraisal	ontargetappraisal.com
On Target Appraisals	ontargetappraisals.com
On Target Appraisals	ontargetappraisal.com
Carina Pollard Appraisal	carinapollardappraisal.com
Carina Pollard Appraisal	carinapollardappraisals.com
All County Appraisals	allcountyappraisal.com
All County Appraisals	allcountyappraisals.com
Polyak & Associates Inc	polyakand.com
Polyak & Associates Inc	polyakandassociates.com
KP Appraisal	kpappraisal.com
KP Appraisal	kpappraisals.com
Samantha Ponce Bourdette	samanthaponcebourdette.com
Integrity Appraisal Services	integrityappraisal.com
Integrity Appraisal Services	integrityappraisalervices.com
Integrity Appraisal Services	integrityappraisalservices.com
Jerry Poore Real Estate Appraisal	jerrypoorerealestateappraisals.com
Jerry Poore Real Estate Appraisal	jerrypoorerealestateappraisal.com
SMP Consulting 22, Inc.	smpconsulting22.com
Maria L. Porter	marialporter.com
RMP Appraisals	rmpappraisal.com
RMP Appraisals	rmpappraisals.com
Powell Real Estate Consulting, LLC	powellrealestateconsulting.com
Sammco Appraisal Group	sammcoappraisal.com
Sammco Appraisal Group	sammcoappraisalsgroup.com
Sammco Appraisal Group	sammcoappraisalgroup.com
Pratt's Appraisals	prattsappraisals.com
Pratt's Appraisals	prattsappraisal.com
Pratt Appraisals, Inc.	prattappraisal.com
Pratt Appraisals, Inc.	prattappraisals.com
MVP Appraisal Service	mvpappraisalervice.com
MVP Appraisal Service	mvpappraisal.com
MVP Appraisal Service	mvpappraisalservice.com
RJP Appraisal Service	rjpappraisal.com
RJP Appraisal Service	rjpappraisalservice.com
RJP Appraisal Service	rjpappraisalervice.com
Jon Preacher	jonpreacher.com
Preece Appraisal	preeceappraisals.com
Preece Appraisal	preeceappraisal.com
Clovis Appraisal Services	clovisappraisalservices.com
Clovis Appraisal Services	clovisappraisal.com
Clovis Appraisal Services	clovisappraisalervices.com
Kevin Prestegard	kevinprestegard.com
Price Appraisal	priceappraisal.com
Price Appraisal	priceappraisals.com
ACE Appraisal	aceappraisal.com
ACE Appraisal	aceappraisals.com
Paula Priester Appraisals	paulapriesterappraisals.com
Paula Priester Appraisals	paulapriesterappraisal.com
Howard Pringle	howardpringle.com
Pritchard Appraisals	pritchardappraisal.com
Pritchard Appraisals	pritchardappraisals.com
Appraisal Market	appraisalmarket.com
Appraisal Market	appraisalsmarket.com
Townsend Appraisals	townsendappraisals.com
Townsend Appraisals	townsendappraisal.com
Mark Protiva Appraisals	markprotivaappraisals.com
Mark Protiva Appraisals	markprotivaappraisal.com
Peak Appraisal LLC	peakappraisals.com
Peak Appraisal LLC	peakappraisal.com
Premier Home Appraisals	premierhomeappraisals.com
Premier Home Appraisals	premierhomeappraisal.com
Digital Appraisal Network, Inc.	digitalappraisalsnetwork.com
Digital Appraisal Network, Inc.	digitalappraisalnetwork.com
ACE Appraise Services	aceappraise.com
ACE Appraise Services	aceappraiseservices.com
Avanti Appraisals	avantiappraisal.com
Avanti Appraisals	avantiappraisals.com
Danielle Purcell Appraisal	daniellepurcellappraisals.com
Danielle Purcell Appraisal	daniellepurcellappraisal.com
Appraisal Shoppe	appraisalhoppe.com
Appraisal Shoppe	appraisalshoppe.com
Kiavi Funding	kiavifunding.com
AppraiserChris	appraiserchris.com
Pyne Appraisals	pyneappraisal.com
Pyne Appraisals	pyneappraisals.com
Jenny's Appraisal	jennysappraisals.com
Jenny's Appraisal	jennysappraisal.com
D & T American Real Estate Appraisal	dandtamericanrealestateappraisal.com
D & T American Real Estate Appraisal	dandtamericanrealestateappraisals.com
SoCal Appraisal	socalappraisals.com
SoCal Appraisal	socalappraisal.com
Karen Qualls	karenqualls.com
Above All Appraisal Service	aboveallappraisalservice.com
Above All Appraisal Service	aboveallappraisalervice.com
Above All Appraisal Service	aboveallappraisal.com
Sunrise Appraisal Group	sunriseappraisalgroup.com
Sunrise Appraisal Group	sunriseappraisal.com
Sunrise Appraisal Group	sunriseappraisalsgroup.com
Formula Appraisal	formulaappraisal.com
Formula Appraisal	formulaappraisals.com
Bill Quilty	billquilty.com
American Home Appraisal Co.	americanhomeappraisals.com
American Home Appraisal Co.	americanhomeappraisal.com
Axis Appraisal Mgmt. Solutions	axisappraisalmgmtsolutions.com
Axis Appraisal Mgmt. Solutions	axisappraisalsmgmtsolutions.com
Joseph A. Quintero	josephaquintero.com
Appraisal House	appraisalhouse.com
Appraisal House	appraisalshouse.com
Appraisal House West	appraisalshousewest.com
Appraisal House West	appraisalhousewest.com
A-Team Appraisal Group	ateamappraisalsgroup.com
A-Team Appraisal Group	ateamappraisal.com
A-Team Appraisal Group	ateamappraisalgroup.com
Quirk Appraisal Group	quirkappraisal.com
Quirk Appraisal Group	quirkappraisalgroup.com
Quirk Appraisal Group	quirkappraisalsgroup.com
Valley Appraisals	valleyappraisal.com
Valley Appraisals	valleyappraisals.com
Turbo Appraisal Services LLC	turboappraisalervices.com
Turbo Appraisal Services LLC	turboappraisalservices.com
Turbo Appraisal Services LLC	turboappraisal.com
REAPPRAISAL	reappraisals.com
REAPPRAISAL	reappraisal.com
Raful & Associates	rafuland.com
Raful & Associates	rafulandassociates.com
Informed Appraisal Service	informedappraisal.com
Informed Appraisal Service	informedappraisalservice.com
Informed Appraisal Service	informedappraisalervice.com
Mission Peak Appraisals LLC	missionpeakappraisal.com
Mission Peak Appraisals LLC	missionpeakappraisals.com
Rahn Appraisals	rahnappraisals.com
Rahn Appraisals	rahnappraisal.com
William Rahn & Associates, Inc.	williamrahnandassociates.com
William Rahn & Associates, Inc.	williamrahnand.com
Rai Appraisal Services	raiappraisal.com
Rai Appraisal Services	raiappraisalervices.com
Rai Appraisal Services	raiappraisalservices.com
Rains Group, Inc.	rainsgroup.com
Rains Group, Inc.	rains.com
Skyview Link, Inc	skyviewlink.com
Ramey Appraisal	rameyappraisal.com
Ramey Appraisal	rameyappraisals.com
RMI Appraisals	rmiappraisals.com
RMI Appraisals	rmiappraisal.com
Rapid Appraisals Incorporated	rapidappraisal.com
Rapid Appraisals Incorporated	rapidappraisals.com
Century Appraising Services	centuryappraising.com
Century Appraising Services	centuryappraisingservices.com
Ron Ramirez	ronramirez.com
Lindsey E. Ramos	lindseyeramos.com
O.C. Appraisal	ocappraisals.com
O.C. Appraisal	ocappraisal.com
Eric Randle	ericrandle.com
Farid Rangchi	faridrangchi.com
Prime Time Appraisal Group	primetimeappraisal.com
Prime Time Appraisal Group	primetimeappraisalgroup.com
Prime Time Appraisal Group	primetimeappraisalsgroup.com
Scott L. Rash	scottlrash.com
Rath Appraisals	rathappraisals.com
Rath Appraisals	rathappraisal.com
Simmons Street Inc.	simmonsstreet.com
Remedy Appraisal Inc.	remedyappraisal.com
Remedy Appraisal Inc.	remedyappraisals.com
Remedy Real Estate Appraisal	remedyrealestateappraisals.com
Remedy Real Estate Appraisal	remedyrealestateappraisal.com
Oak Valley Appraisal	oakvalleyappraisals.com
Oak Valley Appraisal	oakvalleyappraisal.com
Rayl Appraisals	raylappraisal.com
Rayl Appraisals	raylappraisals.com
SC Appraisal Works, Inc.	scappraisalworks.com
SC Appraisal Works, Inc.	scappraisalsworks.com
California Residential Appraisers	californiaresidentialappraisers.com
Correct Appraisals Inc.	correctappraisal.com
Correct Appraisals Inc.	correctappraisals.com
AA Appraisal Services	aaappraisal.com
AA Appraisal Services	aaappraisalervices.com
AA Appraisal Services	aaappraisalservices.com
Total Package Assessments	totalpackageassessments.com
Redlick Appraisals	redlickappraisals.com
Redlick Appraisals	redlickappraisal.com
Aaron Reed & Associates	aaronreedand.com
Aaron Reed & Associates	aaronreedandassociates.com
JBryantREA	jbryantrea.com
Reed & Associates	reedand.com
Reed & Associates	reedandassociates.com
Property Tax Specialists	propertytaxspecialists.com
Neil Reeder R. E. Appraisal	neilreederreappraisals.com
Neil Reeder R. E. Appraisal	neilreederreappraisal.com
Seaview Appraisal	seaviewappraisal.com
Seaview Appraisal	seaviewappraisals.com
Real Estate Appraiser	realestateappraiser.com
Joe Reid Appraiser	joereidappraiser.com
R. E. Reid Appraisals	rereidappraisal.com
R. E. Reid Appraisals	rereidappraisals.com
Casey Reilly	caseyreilly.com
Morningside Real Property	morningsiderealproperty.com
Reiner & Associates Appraisal	reinerandassociatesappraisal.com
Reiner & Associates Appraisal	reinerandassociatesappraisals.com
Reische Appraisal Services	reischeappraisalservices.com
Reische Appraisal Services	reischeappraisalervices.com
Reische Appraisal Services	reischeappraisal.com
American Pacific Mortgage Corp.	americanpacificmortgage.com
Renard Appraisal Company	renardappraisals.com
Renard Appraisal Company	renardappraisal.com
Covarrubias Appraisal Services	covarrubiasappraisalservices.com
Covarrubias Appraisal Services	covarrubiasappraisal.com
Covarrubias Appraisal Services	covarrubiasappraisalervices.com
Allbay Renner Appraisals	allbayrennerappraisals.com
Allbay Renner Appraisals	allbayrennerappraisal.com
Rennia, Inc.	rennia.com
MJR Appraisal Service Inc	mjrappraisalservice.com
MJR Appraisal Service Inc	mjrappraisal.com
MJR Appraisal Service Inc	mjrappraisalervice.com
Retamoza Appraisal, Inc	retamozaappraisals.com
Retamoza Appraisal, Inc	retamozaappraisal.com
Mike Retzloff Appraisal Service	mikeretzloffappraisal.com
Mike Retzloff Appraisal Service	mikeretzloffappraisalervice.com
Mike Retzloff Appraisal Service	mikeretzloffappraisalservice.com
Revis Appraisal Service	revisappraisalervice.com
Revis Appraisal Service	revisappraisal.com
Revis Appraisal Service	revisappraisalservice.com
Solid Foundation Appraisals	solidfoundationappraisals.com
Solid Foundation Appraisals	solidfoundationappraisal.com
Manuel Reyes Real Estate Appraiser	manuelreyesrealestateappraiser.com
ARM Appraisal	armappraisal.com
ARM Appraisal	armappraisals.com
Patriot Valuation Inc	patriotvaluation.com
James Reynolds	jamesreynolds.com
Reynolds Associates	reynolds.com
Reynolds Associates	reynoldsassociates.com
Rhodes Appraisal Service	rhodesappraisalervice.com
Rhodes Appraisal Service	rhodesappraisalservice.com
Rhodes Appraisal Service	rhodesappraisal.com
Amber Rice	amberrice.com
Rice Real Estate Appraisal	ricerealestateappraisals.com
Rice Real Estate Appraisal	ricerealestateappraisal.com
Vonceal Thomas Rice	voncealthomasrice.com
Golden Quality Appraisal Services	goldenqualityappraisal.com
Golden Quality Appraisal Services	goldenqualityappraisalservices.com
Golden Quality Appraisal Services	goldenqualityappraisalervices.com
Rich Appraisal Services	richappraisal.com
Rich Appraisal Services	richappraisalervices.com
Rich Appraisal Services	richappraisalservices.com
Joshua Richardson	joshuarichardson.com
Richardson Appraisal, Inc.	richardsonappraisals.com
Richardson Appraisal, Inc.	richardsonappraisal.com
Twin Oaks Appraisal, Inc	twinoaksappraisals.com
Twin Oaks Appraisal, Inc	twinoaksappraisal.com
Peak Appraisal	peakappraisals.com
Peak Appraisal	peakappraisal.com
Dynamic Appraisal Service	dynamicappraisalservice.com
Dynamic Appraisal Service	dynamicappraisalervice.com
Dynamic Appraisal Service	dynamicappraisal.com
SR Appraisals	srappraisals.com
SR Appraisals	srappraisal.com
Mark's Appraisal Service	marksappraisalservice.com
Mark's Appraisal Service	marksappraisalervice.com
Mark's Appraisal Service	marksappraisal.com
The Appraisal Network, Inc.	theappraisalnetwork.com
The Appraisal Network, Inc.	theappraisalsnetwork.com
Riggs Appraisal Co.	riggsappraisals.com
Riggs Appraisal Co.	riggsappraisal.com
Riggs Appraisal Services	riggsappraisalservices.com
Riggs Appraisal Services	riggsappraisalervices.com
Riggs Appraisal Services	riggsappraisal.com
Rij Appraisal & Review	rijappraisalsandreview.com
Rij Appraisal & Review	rijappraisalandreview.com
Mechanics Bank	mechanicsbank.com
Riley Appraisal Services	rileyappraisalervices.com
Riley Appraisal Services	rileyappraisal.com
Riley Appraisal Services	rileyappraisalservices.com
Paragon Corporation	paragon.com
Class Valuations	classvaluations.com
BREA	brea.com
Risdon Appraisals	risdonappraisals.com
Risdon Appraisals	risdonappraisal.com
Rishard Appraisal	rishardappraisals.com
Rishard Appraisal	rishardappraisal.com
Appraisal Team	appraisalsteam.com
Appraisal Team	appraisalteam.com
Appraisal Group of Santa Barbara/ Rivadeneyra Appraisal	appraisalsgroupofsantabarbararivadeneyraappraisals.com
Marketing Specialists Realty and Appraisal Inc.	marketingspecialistsrealtyandappraisal.com
Marketing Specialists Realty and Appraisal Inc.	marketingspecialistsrealtyandappraisals.com
Paramount Real Estate Appraisals	paramountrealestateappraisals.com
Paramount Real Estate Appraisals	paramountrealestateappraisal.com
High Sierra Real Estate Services	highsierrarealestateservices.com
High Sierra Real Estate Services	highsierrarealestate.com
DR Appraisal	drappraisals.com
DR Appraisal	drappraisal.com
Urban Alternatives	urbanalternatives.com
Chris R. Roberts	chrisrroberts.com
bear appraisals	bearappraisals.com
bear appraisals	bearappraisal.com
LA County Appraisers	lacountyappraisers.com
JLR & Associates	jlrand.com
JLR & Associates	jlrandassociates.com
Appraisal Real Estate Center	appraisalrealestatecenter.com
Appraisal Real Estate Center	appraisalsrealestatecenter.com
Southern Cal Appraisals	southerncalappraisal.com
Southern Cal Appraisals	southerncalappraisals.com
RR Appraisals	rrappraisal.com
RR Appraisals	rrappraisals.com
On Time Appraisals	ontimeappraisal.com
On Time Appraisals	ontimeappraisals.com
Appraisal Quest Co.	appraisalquest.com
Appraisal Quest Co.	appraisalsquest.com
David Rocha, Real Estate Appraiser	davidrocharealestateappraiser.com
CAL - OR Appraisals	calorappraisal.com
CAL - OR Appraisals	calorappraisals.com
Rodarte Appraisals	rodarteappraisal.com
Rodarte Appraisals	rodarteappraisals.com
Rancho Appraisal	ranchoappraisals.com
Rancho Appraisal	ranchoappraisal.com
D.H.R. Appraisals	dhrappraisal.com
D.H.R. Appraisals	dhrappraisals.com
Donna Rodgers Appraisal	donnarodgersappraisal.com
Donna Rodgers Appraisal	donnarodgersappraisals.com
Approved Appraisals, Inc.	approvedappraisal.com
Approved Appraisals, Inc.	approvedappraisals.com
Monarch Appraisal Services	monarchappraisal.com
Monarch Appraisal Services	monarchappraisalervices.com
Monarch Appraisal Services	monarchappraisalservices.com
Value House Appraisal Services Inc.	valuehouseappraisalservices.com
Value House Appraisal Services Inc.	valuehouseappraisalervices.com
Value House Appraisal Services Inc.	valuehouseappraisal.com
Mighty Appraisal Inc.	mightyappraisal.com
Mighty Appraisal Inc.	mightyappraisals.com
Alpha Beta Appraisals	alphabetaappraisal.com
Alpha Beta Appraisals	alphabetaappraisals.com
Town & Country Real Estate Appraisal Group	townandcountryrealestateappraisal.com
Town & Country Real Estate Appraisal Group	townandcountryrealestateappraisalsgroup.com
Town & Country Real Estate Appraisal Group	townandcountryrealestateappraisalgroup.com
Rogenmoser Appraisal Service	rogenmoserappraisalservice.com
Rogenmoser Appraisal Service	rogenmoserappraisalervice.com
Rogenmoser Appraisal Service	rogenmoserappraisal.com
Dan Rogers Appraisals	danrogersappraisals.com
Dan Rogers Appraisals	danrogersappraisal.com
MBR Valuations	mbrvaluations.com
Real Property Service	realproperty.com
Real Property Service	realpropertyservice.com
The Appraisal Shop	theappraisalshop.com
The Appraisal Shop	theappraisalhop.com
Roller Property Mgmt	rollerpropertymgmt.com
Corina D. Rollins	corinadrollins.com
Frederick Dean Rollins	frederickdeanrollins.com
FRANK ROMANO APPRAISAL SERVICE	frankromanoappraisalservice.com
FRANK ROMANO APPRAISAL SERVICE	frankromanoappraisalervice.com
FRANK ROMANO APPRAISAL SERVICE	frankromanoappraisal.com
All Pro Services, Inc.	allpro.com
All Pro Services, Inc.	allproservices.com
Robert Romero, Certified Appraiser	robertromerocertifiedappraiser.com
Romero Appraisals	romeroappraisals.com
Romero Appraisals	romeroappraisal.com
Julianne Romo	julianneromo.com
Romo Appraisal Services	romoappraisalservices.com
Romo Appraisal Services	romoappraisal.com
Romo Appraisal Services	romoappraisalervices.com
Rondon Appraisal Services	rondonappraisal.com
Rondon Appraisal Services	rondonappraisalervices.com
Rondon Appraisal Services	rondonappraisalservices.com
MJ Roney & Associates	mjroneyandassociates.com
MJ Roney & Associates	mjroneyand.com
Vantage Appraisal Inc	vantageappraisals.com
Vantage Appraisal Inc	vantageappraisal.com
Mario Rosa Appraisal Services	mariorosaappraisalervices.com
Mario Rosa Appraisal Services	mariorosaappraisalservices.com
Mario Rosa Appraisal Services	mariorosaappraisal.com
RTS Services	rtsservices.com
RTS Services	rts.com
Mt Tam Real Estate Services	mttamrealestate.com
Mt Tam Real Estate Services	mttamrealestateservices.com
Michele Rose	michelerose.com
Cali South Appraisals	calisouthappraisals.com
Cali South Appraisals	calisouthappraisal.com
Jacob Rosenblum	jacobrosenblum.com
Ross Appraisal Services	rossappraisalervices.com
Ross Appraisal Services	rossappraisalservices.com
Ross Appraisal Services	rossappraisal.com
Ross Appraisals	rossappraisal.com
Ross Appraisals	rossappraisals.com
Precise Valuation Group, Inc	precisevaluation.com
Precise Valuation Group, Inc	precisevaluationgroup.com
Geoffrey Ross-Smith Appraisal Services	geoffreyrosssmithappraisalervices.com
Geoffrey Ross-Smith Appraisal Services	geoffreyrosssmithappraisal.com
Geoffrey Ross-Smith Appraisal Services	geoffreyrosssmithappraisalservices.com
P.R. Bay Area Appraisal Services	prbayareaappraisalervices.com
P.R. Bay Area Appraisal Services	prbayareaappraisalservices.com
P.R. Bay Area Appraisal Services	prbayareaappraisal.com
Marc Rosso Appraisal	marcrossoappraisal.com
Marc Rosso Appraisal	marcrossoappraisals.com
Accelerated Appraisal Source	acceleratedappraisalource.com
Accelerated Appraisal Source	acceleratedappraisalsource.com
GHR and Associates	ghrandassociates.com
GHR and Associates	ghrand.com
Rowan Real Estate Services	rowanrealestateservices.com
Rowan Real Estate Services	rowanrealestate.com
J Rowe Appraisal Services	jroweappraisalervices.com
J Rowe Appraisal Services	jroweappraisalservices.com
J Rowe Appraisal Services	jroweappraisal.com
Accuracy Appraisal Service	accuracyappraisal.com
Accuracy Appraisal Service	accuracyappraisalervice.com
Accuracy Appraisal Service	accuracyappraisalservice.com
Appraisal Avenue	appraisalavenue.com
Appraisal Avenue	appraisalsavenue.com
Oakmont Property Valuations	oakmontpropertyvaluations.com
Rubay & Rubay Appraisals	rubayandrubayappraisal.com
Rubay & Rubay Appraisals	rubayandrubayappraisals.com
Rubay and Rubay, Real Estate Appraisers	rubayandrubayrealestateappraisers.com
Emanuel Rubin Appraising	emanuelrubinappraising.com
Benchmark Valuation Corp.	benchmarkvaluation.com
Rancho Vista Appraisals Inc	ranchovistaappraisal.com
Rancho Vista Appraisals Inc	ranchovistaappraisals.com
The Infinity Appraisal Group, Inc.	theinfinityappraisal.com
The Infinity Appraisal Group, Inc.	theinfinityappraisalgroup.com
The Infinity Appraisal Group, Inc.	theinfinityappraisalsgroup.com
The Infinity Appraisal Group	theinfinityappraisal.com
The Infinity Appraisal Group	theinfinityappraisalgroup.com
The Infinity Appraisal Group	theinfinityappraisalsgroup.com
Scott A. Runtzel	scottaruntzel.com
Russel Realty	russelrealty.com
M. Russell & Associates	mrusselland.com
M. Russell & Associates	mrussellandassociates.com
Appraisals By the River	appraisalbytheriver.com
Appraisals By the River	appraisalsbytheriver.com
Frank Russo Appraisal	frankrussoappraisal.com
Frank Russo Appraisal	frankrussoappraisals.com
Robert V. Russo	robertvrusso.com
AMR Valuation	amrvaluation.com
Sean C. Ryan	seancryan.com
A Plus Appraisals	aplusappraisal.com
A Plus Appraisals	aplusappraisals.com
ICK	ick.com
Sacher Concepts Inc	sacherconcepts.com
Pan America Appraisals	panamericaappraisal.com
Pan America Appraisals	panamericaappraisals.com
Ali Saedi	alisaedi.com
Value Finder Appraisal	valuefinderappraisal.com
Value Finder Appraisal	valuefinderappraisals.com
A Plus Valuation, LLC	aplusvaluation.com
AJS Real Estate Services	ajsrealestateservices.com
AJS Real Estate Services	ajsrealestate.com
Suzanne Saito Appraisals	suzannesaitoappraisals.com
Suzanne Saito Appraisals	suzannesaitoappraisal.com
Salady Real Estate Appraisal	saladyrealestateappraisals.com
Salady Real Estate Appraisal	saladyrealestateappraisal.com
S & S Appraisal	sandsappraisals.com
S & S Appraisal	sandsappraisal.com
E Salas Appraising	esalasappraising.com
Inland Appraisal	inlandappraisals.com
Inland Appraisal	inlandappraisal.com
DSS Appraisals	dssappraisals.com
DSS Appraisals	dssappraisal.com
Mark C Salazar	markcsalazar.com
ALS Appraisal Services	alsappraisalervices.com
ALS Appraisal Services	alsappraisalservices.com
ALS Appraisal Services	alsappraisal.com
First Republic Bank	firstrepublicbank.com
Salvo Appraisals	salvoappraisal.com
Salvo Appraisals	salvoappraisals.com
Blue Creek Solutions Inc.	bluecreeksolutions.com
MARS Appraisals Inc.	marsappraisal.com
MARS Appraisals Inc.	marsappraisals.com
Premier Appraisal	premierappraisals.com
Premier Appraisal	premierappraisal.com
MAGED SAMY inspection	magedsamyinspection.com
Kathryn J. Sanbongi	kathrynjsanbongi.com
Angel Sanchez Appraisals	angelsanchezappraisal.com
Angel Sanchez Appraisals	angelsanchezappraisals.com
Max AM Appraisals	maxamappraisal.com
Max AM Appraisals	maxamappraisals.com
Alliance Appraisal Service	allianceappraisalservice.com
Alliance Appraisal Service	allianceappraisalervice.com
Alliance Appraisal Service	allianceappraisal.com
Sanchez Appraisal Services	sanchezappraisalservices.com
Sanchez Appraisal Services	sanchezappraisal.com
Sanchez Appraisal Services	sanchezappraisalervices.com
Sandra L Sanchez-Thom	sandralsanchezthom.com
Sandez Appraisals	sandezappraisal.com
Sandez Appraisals	sandezappraisals.com
Kian Appraisal	kianappraisal.com
Kian Appraisal	kianappraisals.com
DSF Appraisal And Management Services Inc.	dsfappraisalandmanagement.com
DSF Appraisal And Management Services Inc.	dsfappraisalsandmanagementservices.com
DSF Appraisal And Management Services Inc.	dsfappraisalandmanagementservices.com
Mitra Sanjideh	mitrasanjideh.com
Appraisal Makers, LLC.	appraisalmakers.com
Appraisal Makers, LLC.	appraisalsmakers.com
Saponaro & Associates	saponaroandassociates.com
Saponaro & Associates	saponaroand.com
FasTrak Appraisal	fastrakappraisal.com
FasTrak Appraisal	fastrakappraisals.com
Real Appraisal	realappraisals.com
Real Appraisal	realappraisal.com
Appraisal Partners	appraisalspartners.com
Appraisal Partners	appraisalpartners.com
Satchwell Appraisal Services, Inc	satchwellappraisal.com
Satchwell Appraisal Services, Inc	satchwellappraisalervices.com
Satchwell Appraisal Services, Inc	satchwellappraisalservices.com
Interstate Appraisal Group	interstateappraisal.com
Interstate Appraisal Group	interstateappraisalgroup.com
Interstate Appraisal Group	interstateappraisalsgroup.com
Sauer & Associates	sauerand.com
Sauer & Associates	sauerandassociates.com
Catherine Saunders	catherinesaunders.com
ASAP Appraisal	asapappraisals.com
ASAP Appraisal	asapappraisal.com
SJS Appraisal Services	sjsappraisalervices.com
SJS Appraisal Services	sjsappraisal.com
SJS Appraisal Services	sjsappraisalservices.com
Atlas Appraisal Group, Inc.	atlasappraisalsgroup.com
Atlas Appraisal Group, Inc.	atlasappraisal.com
Atlas Appraisal Group, Inc.	atlasappraisalgroup.com
James Scarcella	jamesscarcella.com
Greg Scattini Appraisals	gregscattiniappraisal.com
Greg Scattini Appraisals	gregscattiniappraisals.com
Scheidler	scheidler.com
Mojgan Scheidler	mojganscheidler.com
SCHEMBRI APPRAISAL SERVICES	schembriappraisalervices.com
SCHEMBRI APPRAISAL SERVICES	schembriappraisal.com
SCHEMBRI APPRAISAL SERVICES	schembriappraisalservices.com
Schiaffino Appraisals	schiaffinoappraisals.com
Schiaffino Appraisals	schiaffinoappraisal.com
Magaret Schillage	magaretschillage.com
Causeway Residential Appraisals	causewayresidentialappraisal.com
Causeway Residential Appraisals	causewayresidentialappraisals.com
Aergo Appraisal	aergoappraisals.com
Aergo Appraisal	aergoappraisal.com
HR Schlake Real Estate Services	hrschlakerealestateservices.com
HR Schlake Real Estate Services	hrschlakerealestate.com
Schlemmer Appraisal Inc.	schlemmerappraisals.com
Schlemmer Appraisal Inc.	schlemmerappraisal.com
Schlenker Appraisals	schlenkerappraisal.com
Schlenker Appraisals	schlenkerappraisals.com
Adam B Schmidt	adambschmidt.com
ResHomeValues	reshomevalues.com
Schneider Appraisal Services	schneiderappraisalservices.com
Schneider Appraisal Services	schneiderappraisal.com
Schneider Appraisal Services	schneiderappraisalervices.com
Parkside Appraisal Services Inc.	parksideappraisal.com
Parkside Appraisal Services Inc.	parksideappraisalservices.com
Parkside Appraisal Services Inc.	parksideappraisalervices.com
Independent Contractor	independentcontractor.com
Schon & Associates Real Estate Appraisal Service	schonandassociatesrealestateappraisal.com
Schon & Associates Real Estate Appraisal Service	schonandassociatesrealestateappraisalervice.com
Schord Appraisals	schordappraisals.com
Schord Appraisals	schordappraisal.com
Major Appraisals Inc	majorappraisals.com
Major Appraisals Inc	majorappraisal.com
Sherri Schroeder	sherrischroeder.com
Shorecliff Appraisal Services	shorecliffappraisalervices.com
Shorecliff Appraisal Services	shorecliffappraisal.com
Shorecliff Appraisal Services	shorecliffappraisalservices.com
Alliance Appraisal Services	allianceappraisalservices.com
Alliance Appraisal Services	allianceappraisal.com
Alliance Appraisal Services	allianceappraisalervices.com
John Schulke Appraisal	johnschulkeappraisal.com
John Schulke Appraisal	johnschulkeappraisals.com
Evaluate Appraisal Services	evaluateappraisalservices.com
Evaluate Appraisal Services	evaluateappraisalervices.com
Evaluate Appraisal Services	evaluateappraisal.com
Highlands Appraisal	highlandsappraisal.com
Highlands Appraisal	highlandsappraisals.com
Joseph Schumacher	josephschumacher.com
TAS Appraisals	tasappraisal.com
TAS Appraisals	tasappraisals.com
Real Valuation Services, LLC	realvaluationservices.com
Real Valuation Services, LLC	realvaluation.com
All Value Appraisal Service	allvalueappraisalervice.com
All Value Appraisal Service	allvalueappraisalservice.com
All Value Appraisal Service	allvalueappraisal.com
Schweitzer Appraisals	schweitzerappraisals.com
Schweitzer Appraisals	schweitzerappraisal.com
Paul Schwenger & Company	paulschwengerand.com
San Diego Appraisal Company	sandiegoappraisals.com
San Diego Appraisal Company	sandiegoappraisal.com
Real Value Associates	realvalueassociates.com
Real Value Associates	realvalue.com
Jodell L. Scott Appraisals	jodelllscottappraisals.com
Jodell L. Scott Appraisals	jodelllscottappraisal.com
Kelly K. Scott, Real Estate Appraiser	kellykscottrealestateappraiser.com
Real Time Appraisals, LLC	realtimeappraisals.com
Real Time Appraisals, LLC	realtimeappraisal.com
ON-TIME APPRAISALS	ontimeappraisal.com
ON-TIME APPRAISALS	ontimeappraisals.com
Crosstown RE Appraisals	crosstownreappraisal.com
Crosstown RE Appraisals	crosstownreappraisals.com
Southern CA Appraisal Services, Inc.	southerncaappraisalservices.com
Southern CA Appraisal Services, Inc.	southerncaappraisal.com
Southern CA Appraisal Services, Inc.	southerncaappraisalervices.com
Southern California Appraisal Service	southerncaliforniaappraisalervice.com
Southern California Appraisal Service	southerncaliforniaappraisalservice.com
Southern California Appraisal Service	southerncaliforniaappraisal.com
Wendy Seaman Appraiser	wendyseamanappraiser.com
Sears Residential Appraisals	searsresidentialappraisals.com
Sears Residential Appraisals	searsresidentialappraisal.com
Aaron K. Seid	aaronkseid.com
Fresno Appraisal Group	fresnoappraisal.com
Fresno Appraisal Group	fresnoappraisalsgroup.com
Fresno Appraisal Group	fresnoappraisalgroup.com
Preet K Sekhon Appraisals	preetksekhonappraisal.com
Preet K Sekhon Appraisals	preetksekhonappraisals.com
Future Wave Real Estate Services Inc	futurewaverealestateservices.com
Future Wave Real Estate Services Inc	futurewaverealestate.com
Zohreh Sepanloo	zohrehsepanloo.com
Real Estate Plus LLC.	realestateplus.com
JMS Appraisal	jmsappraisals.com
JMS Appraisal	jmsappraisal.com
Malin & Associates	malinand.com
Malin & Associates	malinandassociates.com
Insight Valuation	insightvaluation.com
Milad Shahin	miladshahin.com
Pacific Realty Appraisal Solutions	pacificrealtyappraisalsolutions.com
Pacific Realty Appraisal Solutions	pacificrealtyappraisalolutions.com
Kenneth E. Shann	kennetheshann.com
Quality Estimate Appraisals	qualityestimateappraisal.com
Quality Estimate Appraisals	qualityestimateappraisals.com
1st Equity Appraisal	1stequityappraisals.com
1st Equity Appraisal	1stequityappraisal.com
Sharp Appraisals	sharpappraisals.com
Sharp Appraisals	sharpappraisal.com
Accelerated Appraisal Group	acceleratedappraisal.com
Accelerated Appraisal Group	acceleratedappraisalgroup.com
Accelerated Appraisal Group	acceleratedappraisalsgroup.com
Robert Sharp	robertsharp.com
Precision Appraisal	precisionappraisal.com
Precision Appraisal	precisionappraisals.com
Joseph R. Shavalier	josephrshavalier.com
Craig M Shaver	craigmshaver.com
C & M Appraisal	candmappraisal.com
C & M Appraisal	candmappraisals.com
Bottom Line Real Estate Appraisal	bottomlinerealestateappraisal.com
Bottom Line Real Estate Appraisal	bottomlinerealestateappraisals.com
Premier Appraisal of Southern California	premierappraisalofsoutherncalifornia.com
Premier Appraisal of Southern California	premierappraisalsofsoutherncalifornia.com
Barrett L. Shepherd	barrettlshepherd.com
Dwayne Sheridan	dwaynesheridan.com
Shetler Appraisals, Inc.	shetlerappraisal.com
Shetler Appraisals, Inc.	shetlerappraisals.com
CG Appraisal	cgappraisal.com
CG Appraisal	cgappraisals.com
Shields Appraisal Service	shieldsappraisal.com
Shields Appraisal Service	shieldsappraisalservice.com
Shields Appraisal Service	shieldsappraisalervice.com
Shilton Associates	shiltonassociates.com
Shilton Associates	shilton.com
Capital Appraisal	capitalappraisals.com
Capital Appraisal	capitalappraisal.com
Shimada Appraisal Services	shimadaappraisalservices.com
Shimada Appraisal Services	shimadaappraisal.com
Shimada Appraisal Services	shimadaappraisalervices.com
Andrew Shin & Associates	andrewshinand.com
Andrew Shin & Associates	andrewshinandassociates.com
PrimeVal Appraisal Inc / Otiapp Inc	primevalappraisalotiapp.com
PrimeVal Appraisal Inc / Otiapp Inc	primevalappraisalsotiapp.com
SNS Appraisal	snsappraisals.com
SNS Appraisal	snsappraisal.com
Smart Valuation, Inc.	smartvaluation.com
Shiner Appraisal Services	shinerappraisalservices.com
Shiner Appraisal Services	shinerappraisalervices.com
Shiner Appraisal Services	shinerappraisal.com
Michael Shirley REA	michaelshirleyrea.com
True Value Appraisals, Inc.	truevalueappraisals.com
True Value Appraisals, Inc.	truevalueappraisal.com
Baypoint Appraisal	baypointappraisal.com
Baypoint Appraisal	baypointappraisals.com
Sunrise Appraisal	sunriseappraisals.com
Sunrise Appraisal	sunriseappraisal.com
Michael J. Shopp	michaeljshopp.com
Mr. Cooper Mortgage	mrcoopermortgage.com
Lance Siegel and Associates	lancesiegelandassociates.com
Lance Siegel and Associates	lancesiegeland.com
Myra Sierra	myrasierra.com
San Diego Home Appraisals	sandiegohomeappraisals.com
San Diego Home Appraisals	sandiegohomeappraisal.com
Surf City Appraisal	surfcityappraisal.com
Surf City Appraisal	surfcityappraisals.com
Executive Appraisals Inc.	executiveappraisals.com
Executive Appraisals Inc.	executiveappraisal.com
Maurice Silva & Co.	mauricesilvaand.com
Silva's Norcal Appraisals	silvasnorcalappraisals.com
Silva's Norcal Appraisals	silvasnorcalappraisal.com
Zachary Silva, Appraiser	zacharysilvaappraiser.com
RSDS VAluations LLC.	rsdsvaluations.com
Silverthorn Appraisal	silverthornappraisal.com
Silverthorn Appraisal	silverthornappraisals.com
Platinum Appraisals	platinumappraisals.com
Platinum Appraisals	platinumappraisal.com
Valicity LLC	valicity.com
Simi Appraisal Service	simiappraisal.com
Simi Appraisal Service	simiappraisalervice.com
Simi Appraisal Service	simiappraisalservice.com
Rick Simmons Appraisals	ricksimmonsappraisals.com
Rick Simmons Appraisals	ricksimmonsappraisal.com
Southwest Appraisal	southwestappraisals.com
Southwest Appraisal	southwestappraisal.com
Daniel A. Simon	danielasimon.com
Clark Simonian	clarksimonian.com
Sole Proprietor	soleproprietor.com
AA Appraisals	aaappraisals.com
AA Appraisals	aaappraisal.com
Blue Norcal	bluenorcal.com
TRAC: The Real Estate Appraisal Company	tractherealestateappraisal.com
TRAC: The Real Estate Appraisal Company	tractherealestateappraisals.com
Singh's Appraisal	singhsappraisal.com
Singh's Appraisal	singhsappraisals.com
1 Hour Appraisal, LLC	1hourappraisals.com
1 Hour Appraisal, LLC	1hourappraisal.com
Alpha R.E. Appraisal Service	alphareappraisal.com
Alpha R.E. Appraisal Service	alphareappraisalservice.com
Alpha R.E. Appraisal Service	alphareappraisalervice.com
Sisk Appraisals	siskappraisal.com
Sisk Appraisals	siskappraisals.com
Brandon E. Sison	brandonesison.com
Michael Sites Appraiser	michaelsitesappraiser.com
Larry Skelly R.E. Appraisal	larryskellyreappraisals.com
Larry Skelly R.E. Appraisal	larryskellyreappraisal.com
Skibo Appraisal Service Inc	skiboappraisalservice.com
Skibo Appraisal Service Inc	skiboappraisal.com
Skibo Appraisal Service Inc	skiboappraisalervice.com
Skinner Appraisals	skinnerappraisals.com
Skinner Appraisals	skinnerappraisal.com
Grant Skinner Appraisal Services	grantskinnerappraisalervices.com
Grant Skinner Appraisal Services	grantskinnerappraisal.com
Grant Skinner Appraisal Services	grantskinnerappraisalservices.com
Jeff Skinner	jeffskinner.com
Axis Appraisal Management Solutions, Inc.	axisappraisalmanagementsolutions.com
Axis Appraisal Management Solutions, Inc.	axisappraisalsmanagementsolutions.com
ARS Appraisal Service	arsappraisalervice.com
ARS Appraisal Service	arsappraisal.com
ARS Appraisal Service	arsappraisalservice.com
Slee & Associates	sleeand.com
Slee & Associates	sleeandassociates.com
Sea Coast Appraisal Service, Inc.	seacoastappraisalervice.com
Sea Coast Appraisal Service, Inc.	seacoastappraisalservice.com
Sea Coast Appraisal Service, Inc.	seacoastappraisal.com
Sloan & Associates	sloanandassociates.com
Sloan & Associates	sloanand.com
Real Estate Appraisal Consultants	realestateappraisalsconsultants.com
Real Estate Appraisal Consultants	realestateappraisalconsultants.com
MDS Appraisal	mdsappraisal.com
MDS Appraisal	mdsappraisals.com
PS Appraisals, Inc.	psappraisal.com
PS Appraisals, Inc.	psappraisals.com
Benjamin Smith	benjaminsmith.com
For What It's Worth	forwhatitsworth.com
Current Appraisal Group	currentappraisal.com
Current Appraisal Group	currentappraisalgroup.com
Current Appraisal Group	currentappraisalsgroup.com
Marketplace Appraisal, Inc.	marketplaceappraisals.com
Marketplace Appraisal, Inc.	marketplaceappraisal.com
David R. Smith	davidrsmith.com
Smith Coast Valuations	smithcoastvaluations.com
US Real Estate Valuation Solutions, Inc	usrealestatevaluationsolutions.com
Smith & Sons Appraisals	smithandsonsappraisals.com
Smith & Sons Appraisals	smithandsonsappraisal.com
Country Appraisal Service	countryappraisalservice.com
Country Appraisal Service	countryappraisalervice.com
Country Appraisal Service	countryappraisal.com
Jerry Smith & Associates	jerrysmithandassociates.com
Jerry Smith & Associates	jerrysmithand.com
John Smith Appraisals	johnsmithappraisals.com
John Smith Appraisals	johnsmithappraisal.com
American Appraisal Group	americanappraisal.com
American Appraisal Group	americanappraisalsgroup.com
American Appraisal Group	americanappraisalgroup.com
JSmith Appraising	jsmithappraising.com
S & S Appraisal Services Inc	sandsappraisalservices.com
S & S Appraisal Services Inc	sandsappraisal.com
S & S Appraisal Services Inc	sandsappraisalervices.com
Maria L. Smith	marialsmith.com
Complete Real Estate Answers, Inc.	completerealestateanswers.com
Natalie A. Smith	natalieasmith.com
Neil Smith Appraisal Services	neilsmithappraisalservices.com
Neil Smith Appraisal Services	neilsmithappraisal.com
Neil Smith Appraisal Services	neilsmithappraisalervices.com
Penny Smith	pennysmith.com
Reliant Appraisal	reliantappraisals.com
Reliant Appraisal	reliantappraisal.com
Shawn Smith	shawnsmith.com
Spencer Wade Smith Real Estate Appraisal Services	spencerwadesmithrealestateappraisal.com
Spencer Wade Smith Real Estate Appraisal Services	spencerwadesmithrealestateappraisalervices.com
Olaes Smith Appraisals, Inc.	olaessmithappraisal.com
Olaes Smith Appraisals, Inc.	olaessmithappraisals.com
Robert Smolke	robertsmolke.com
The Better Mousetrap Co Inc DBA Marla Smotherman Appraisals	thebettermousetrapdbamarlasmothermanappraisal.com
Smyth Appraisals	smythappraisal.com
Smyth Appraisals	smythappraisals.com
Bakersfield Appraisal	bakersfieldappraisal.com
Bakersfield Appraisal	bakersfieldappraisals.com
Margie Snow Appraisal Services	margiesnowappraisalervices.com
Margie Snow Appraisal Services	margiesnowappraisalservices.com
Margie Snow Appraisal Services	margiesnowappraisal.com
Perfect Record Appraisals	perfectrecordappraisal.com
Perfect Record Appraisals	perfectrecordappraisals.com
GS Appraisals	gsappraisals.com
GS Appraisals	gsappraisal.com
Douglas So Appraisal Service	douglassoappraisal.com
Douglas So Appraisal Service	douglassoappraisalervice.com
Douglas So Appraisal Service	douglassoappraisalservice.com
Appraisal & Inspection Specialists	appraisalsandinspectionspecialists.com
Appraisal & Inspection Specialists	appraisalandinspectionspecialists.com
Ace Appraisals	aceappraisal.com
Ace Appraisals	aceappraisals.com
Solomon Appraising	solomonappraising.com
John Solomon	johnsolomon.com
U.S. Dept Housing & Urban Development	usdepthousingandurbandevelopment.com
John L. Sompayrac	johnlsompayrac.com
Excell Appraisal	excellappraisals.com
Excell Appraisal	excellappraisal.com
First USA Appraisal	firstusaappraisals.com
First USA Appraisal	firstusaappraisal.com
Maxim Appraisal	maximappraisal.com
Maxim Appraisal	maximappraisals.com
Matrix Appraisal	matrixappraisal.com
Matrix Appraisal	matrixappraisals.com
Socal Appraisal Company	socalappraisals.com
Socal Appraisal Company	socalappraisal.com
RANDY M. SONNS, CERTIFIED RESI	randymsonnscertifiedresi.com
Hudson & Associates	hudsonand.com
Hudson & Associates	hudsonandassociates.com
Don Sorensen	donsorensen.com
CNM Appraisals	cnmappraisals.com
CNM Appraisals	cnmappraisal.com
Sumner A. Soule	sumnerasoule.com
SAM Appraisals	samappraisal.com
SAM Appraisals	samappraisals.com
Timely Appraisals, Inc.	timelyappraisals.com
Timely Appraisals, Inc.	timelyappraisal.com
Jeffrey Thomas Spargur	jeffreythomasspargur.com
Apex Property Advisor	apexpropertyadvisor.com
James P. Spas & Associates	jamespspasand.com
James P. Spas & Associates	jamespspasandassociates.com
Nationwide Property Valuation	nationwidepropertyvaluation.com
Cheryl A. Spence/Real Estate Appraisal	cherylaspencerealestateappraisals.com
Cheryl A. Spence/Real Estate Appraisal	cherylaspencerealestateappraisal.com
Royal Valuation Services Inc.	royalvaluationservices.com
Royal Valuation Services Inc.	royalvaluation.com
Left Coast Real Estate Services	leftcoastrealestateservices.com
Left Coast Real Estate Services	leftcoastrealestate.com
Spencer Appraisal Services	spencerappraisal.com
Spencer Appraisal Services	spencerappraisalervices.com
Spencer Appraisal Services	spencerappraisalservices.com
Kinecta Federal Credit Union	kinectafederalcreditunion.com
David Spezia	davidspezia.com
DMS Valuation Services	dmsvaluation.com
DMS Valuation Services	dmsvaluationservices.com
Kylex Appraisals	kylexappraisals.com
Kylex Appraisals	kylexappraisal.com
Sunset Appraisal Services	sunsetappraisalervices.com
Sunset Appraisal Services	sunsetappraisal.com
Sunset Appraisal Services	sunsetappraisalservices.com
Spilka Appraisal Services	spilkaappraisalservices.com
Spilka Appraisal Services	spilkaappraisalervices.com
Spilka Appraisal Services	spilkaappraisal.com
RR Appraisals, Inc.	rrappraisal.com
RR Appraisals, Inc.	rrappraisals.com
Sprenkel Appraisals	sprenkelappraisal.com
Sprenkel Appraisals	sprenkelappraisals.com
Spurling & Associates	spurlingand.com
Spurling & Associates	spurlingandassociates.com
Southwestern Appraisal Service	southwesternappraisalservice.com
Southwestern Appraisal Service	southwesternappraisal.com
Southwestern Appraisal Service	southwesternappraisalervice.com
Jodi Squires	jodisquires.com
Express Appraisal Team	expressappraisalsteam.com
Express Appraisal Team	expressappraisalteam.com
Accurate Appraisers	accurateappraisers.com
Caliber Appraisal	caliberappraisal.com
Caliber Appraisal	caliberappraisals.com
Lorenz W. Stacks	lorenzwstacks.com
Jeffrey T. Warren & Associates	jeffreytwarrenandassociates.com
Jeffrey T. Warren & Associates	jeffreytwarrenand.com
Stamper's Appraisals	stampersappraisals.com
Stamper's Appraisals	stampersappraisal.com
Stamper's Real Estate Appraisals	stampersrealestateappraisal.com
Stamper's Real Estate Appraisals	stampersrealestateappraisals.com
ABS Appraisal Services Exp	absappraisalservicesexp.com
ABS Appraisal Services Exp	absappraisalervicesexp.com
Morning Star Real Estate , Inc.	morningstarrealestate.com
Michael Stark	michaelstark.com
Tri-County Appraisals	tricountyappraisals.com
Tri-County Appraisals	tricountyappraisal.com
Robert Stauffer's Appraisal Associates	robertstauffersappraisal.com
Robert Stauffer's Appraisal Associates	robertstauffersappraisalassociates.com
Robert Stauffer's Appraisal Associates	robertstauffersappraisalsassociates.com
McBride Stavis Appraisers	mcbridestavisappraisers.com
Trimavin Appraisal Management	trimavinappraisalsmanagement.com
Trimavin Appraisal Management	trimavinappraisalmanagement.com
Stearns Appraisal Company	stearnsappraisal.com
Stearns Appraisal Company	stearnsappraisals.com
AAG	aag.com
Stein Appraisals	steinappraisals.com
Stein Appraisals	steinappraisal.com
Equity Solutions	equitysolutions.com
Creekside Appraisal Group	creeksideappraisalsgroup.com
Creekside Appraisal Group	creeksideappraisal.com
Creekside Appraisal Group	creeksideappraisalgroup.com
Stephens Appraisal	stephensappraisal.com
Stephens Appraisal	stephensappraisals.com
Michelle L Sterling	michellelsterling.com
Stern Real Estate Services	sternrealestateservices.com
Stern Real Estate Services	sternrealestate.com
Andrew Stevens Appraisals	andrewstevensappraisals.com
Andrew Stevens Appraisals	andrewstevensappraisal.com
Justin Stevens	justinstevens.com
Ace Appraisal	aceappraisal.com
Ace Appraisal	aceappraisals.com
A.G. Stewart Appraisal Services	agstewartappraisal.com
A.G. Stewart Appraisal Services	agstewartappraisalervices.com
A.G. Stewart Appraisal Services	agstewartappraisalservices.com
Stewart Valuation Group	stewartvaluationgroup.com
Stewart Valuation Group	stewartvaluation.com
Steyskal Appraisal LLC	steyskalappraisal.com
Steyskal Appraisal LLC	steyskalappraisals.com
Mike Stickel Appraisals	mikestickelappraisals.com
Mike Stickel Appraisals	mikestickelappraisal.com
Kim Stickels	kimstickels.com
Top Choice Appraisal	topchoiceappraisals.com
Top Choice Appraisal	topchoiceappraisal.com
Crest Park Appraisals	crestparkappraisals.com
Crest Park Appraisals	crestparkappraisal.com
Wright Appraisals	wrightappraisals.com
Wright Appraisals	wrightappraisal.com
Stobba & Company	stobbaand.com
Stacy Stodola Appraisal Services	stacystodolaappraisalervices.com
Stacy Stodola Appraisal Services	stacystodolaappraisalservices.com
Stacy Stodola Appraisal Services	stacystodolaappraisal.com
Clearview Appraisal Group	clearviewappraisalsgroup.com
Clearview Appraisal Group	clearviewappraisal.com
Clearview Appraisal Group	clearviewappraisalgroup.com
Wells fargo	wellsfargo.com
Keith Stone	keithstone.com
Simon Stone Appraisal Com, Inc.	simonstoneappraisalscom.com
Simon Stone Appraisal Com, Inc.	simonstoneappraisalcom.com
Stone Home Appraisal	stonehomeappraisal.com
Stone Home Appraisal	stonehomeappraisals.com
Stonehouse Appraisal Co.	stonehouseappraisal.com
Stonehouse Appraisal Co.	stonehouseappraisals.com
Storey Appraisal Service	storeyappraisalervice.com
Storey Appraisal Service	storeyappraisal.com
Storey Appraisal Service	storeyappraisalservice.com
MLS REAL ESTATE APPRAISALS, INC.	mlsrealestateappraisal.com
MLS REAL ESTATE APPRAISALS, INC.	mlsrealestateappraisals.com
Stotland Enterprise	stotlandenterprise.com
David Stott	davidstott.com
Stout Appraisal Group	stoutappraisal.com
Stout Appraisal Group	stoutappraisalsgroup.com
Stout Appraisal Group	stoutappraisalgroup.com
S & S Real Estate Appraisal	sandsrealestateappraisals.com
S & S Real Estate Appraisal	sandsrealestateappraisal.com
Straub Appraisal	straubappraisals.com
Straub Appraisal	straubappraisal.com
Jeff Straus, Appraisal	jeffstrausappraisal.com
Jeff Straus, Appraisal	jeffstrausappraisals.com
J. Streb Appraisals, Inc.	jstrebappraisal.com
J. Streb Appraisals, Inc.	jstrebappraisals.com
Strickland Appraisal	stricklandappraisals.com
Strickland Appraisal	stricklandappraisal.com
Stringer & Associates	stringerand.com
Stringer & Associates	stringerandassociates.com
Elite Evaluations	eliteevaluations.com
Appraisals-2-Day	appraisals2day.com
Appraisals-2-Day	appraisal2day.com
Trevor Strom	trevorstrom.com
Cynthia Stroman Independent Appraiser	cynthiastromanindependentappraiser.com
DS Appraisal Services	dsappraisalservices.com
DS Appraisal Services	dsappraisalervices.com
DS Appraisal Services	dsappraisal.com
RAMCO Valuation Corp	ramcovaluation.com
Paradise Real Estate Solutions (PRES)	paradiserealestatesolutionspres.com
Stuart Appraisals	stuartappraisal.com
Stuart Appraisals	stuartappraisals.com
Rebecca Stubblefield	rebeccastubblefield.com
Stuckey & Company	stuckeyand.com
Zana Stuikiene	zanastuikiene.com
Sturgeon Appraisals	sturgeonappraisal.com
Sturgeon Appraisals	sturgeonappraisals.com
Jean Su Appraisal	jeansuappraisals.com
Jean Su Appraisal	jeansuappraisal.com
Calvin Suen	calvinsuen.com
Jasper Suh	jaspersuh.com
YBAppraisals	ybappraisal.com
YBAppraisals	ybappraisals.com
CRS Appraisals	crsappraisal.com
CRS Appraisals	crsappraisals.com
Sullivan Appraisals	sullivanappraisals.com
Sullivan Appraisals	sullivanappraisal.com
Bridge Appraisal	bridgeappraisal.com
Bridge Appraisal	bridgeappraisals.com
Department of Housing and Urban Development	departmentofhousingandurbandevelopment.com
Hooman Sultanpour	hoomansultanpour.com
Andrea Summa	andreasumma.com
Jason Summers	jasonsummers.com
Joseph A Summers	josephasummers.com
Wells Fargo Real Estate Valuation Services	wellsfargorealestatevaluationservices.com
Wells Fargo Real Estate Valuation Services	wellsfargorealestatevaluation.com
Apex Appraisal Associates	apexappraisalassociates.com
Apex Appraisal Associates	apexappraisalsassociates.com
Apex Appraisal Associates	apexappraisal.com
Mainstay Real Estate Appraisal Corp	mainstayrealestateappraisals.com
Mainstay Real Estate Appraisal Corp	mainstayrealestateappraisal.com
Susick & Associates	susickandassociates.com
Susick & Associates	susickand.com
Sutliffe Appraisal Service	sutliffeappraisalervice.com
Sutliffe Appraisal Service	sutliffeappraisalservice.com
Sutliffe Appraisal Service	sutliffeappraisal.com
Brian Sutton	briansutton.com
Sutton & Associates	suttonand.com
Sutton & Associates	suttonandassociates.com
Bronco Appraisal Services	broncoappraisalservices.com
Bronco Appraisal Services	broncoappraisalervices.com
Bronco Appraisal Services	broncoappraisal.com
Insight Appraisal	insightappraisals.com
Insight Appraisal	insightappraisal.com
Swanger Appraisals	swangerappraisals.com
Swanger Appraisals	swangerappraisal.com
Swann Appraisals	swannappraisal.com
Swann Appraisals	swannappraisals.com
Consolidated Analytics	consolidatedanalytics.com
SWANSON APPRAISALS	swansonappraisal.com
SWANSON APPRAISALS	swansonappraisals.com
James Sweet	jamessweet.com
Radius Appraisals LLC	radiusappraisals.com
Radius Appraisals LLC	radiusappraisal.com
Davis Appraisal Services, Inc.	davisappraisalservices.com
Davis Appraisal Services, Inc.	davisappraisalervices.com
Davis Appraisal Services, Inc.	davisappraisal.com
SC Appraisals Inc	scappraisals.com
SC Appraisals Inc	scappraisal.com
K T Appraisal LLC	ktappraisal.com
K T Appraisal LLC	ktappraisals.com
AAA Valley Appraisals, Inc.	aaavalleyappraisals.com
AAA Valley Appraisals, Inc.	aaavalleyappraisal.com
Szumski Engineering, Inc.	szumskiengineering.com
Keith Tadler Appraisals	keithtadlerappraisals.com
Keith Tadler Appraisals	keithtadlerappraisal.com
Alan H Taketa Appraisal	alanhtaketaappraisal.com
Alan H Taketa Appraisal	alanhtaketaappraisals.com
Inyo-Mono Appraisal Services	inyomonoappraisalervices.com
Inyo-Mono Appraisal Services	inyomonoappraisalservices.com
Inyo-Mono Appraisal Services	inyomonoappraisal.com
Tam's Real Estate Properties Services	tamsrealestatepropertiesservices.com
Tam's Real Estate Properties Services	tamsrealestateproperties.com
Tam Appraisal Services	tamappraisal.com
Tam Appraisal Services	tamappraisalservices.com
Tam Appraisal Services	tamappraisalervices.com
California Street Appraisals	californiastreetappraisal.com
California Street Appraisals	californiastreetappraisals.com
101Appraisals.com	101appraisalcom.com
101Appraisals.com	101appraisalscom.com
Express One Appraisal Inc.	expressoneappraisals.com
Express One Appraisal Inc.	expressoneappraisal.com
Michael S Tarabotto	michaelstarabotto.com
Taranto Appraisers	tarantoappraisers.com
Roni Tatom	ronitatom.com
Tatum Appraisals	tatumappraisals.com
Tatum Appraisals	tatumappraisal.com
Tavares Appraisals	tavaresappraisal.com
Tavares Appraisals	tavaresappraisals.com
BT Appraisals	btappraisals.com
BT Appraisals	btappraisal.com
Taylor Appraisal	taylorappraisal.com
Taylor Appraisal	taylorappraisals.com
Think ASAP, LLC	thinkasap.com
Residential Market Advisors	residentialmarketadvisors.com
David L. Taylor Appraisals	davidltaylorappraisals.com
David L. Taylor Appraisals	davidltaylorappraisal.com
Taylor Appraisal Services	taylorappraisal.com
Taylor Appraisal Services	taylorappraisalservices.com
Taylor Appraisal Services	taylorappraisalervices.com
James A. Taylor Appraisal Service	jamesataylorappraisalervice.com
James A. Taylor Appraisal Service	jamesataylorappraisalservice.com
James A. Taylor Appraisal Service	jamesataylorappraisal.com
Beach Cities Appraisals	beachcitiesappraisal.com
Beach Cities Appraisals	beachcitiesappraisals.com
J. J. T. & Associates	jjtand.com
J. J. T. & Associates	jjtandassociates.com
JET Appraisal Services	jetappraisalervices.com
JET Appraisal Services	jetappraisalservices.com
JET Appraisal Services	jetappraisal.com
Teel Appraisal	teelappraisals.com
Teel Appraisal	teelappraisal.com
Stephen R. Tegt	stephenrtegt.com
Terry Appraisal Services	terryappraisalservices.com
Terry Appraisal Services	terryappraisalervices.com
Terry Appraisal Services	terryappraisal.com
Saratoga Inc. dba Todd Terry	saratogadbatoddterry.com
All Star Appraisals, Inc.	allstarappraisals.com
All Star Appraisals, Inc.	allstarappraisal.com
Tessin Appraisals	tessinappraisals.com
Tessin Appraisals	tessinappraisal.com
Michael Tessin & Associates	michaeltessinandassociates.com
Michael Tessin & Associates	michaeltessinand.com
So Cal Appraisal Company	socalappraisals.com
So Cal Appraisal Company	socalappraisal.com
Ian Theodore & Associates, Inc.	iantheodoreand.com
Ian Theodore & Associates, Inc.	iantheodoreandassociates.com
John Thermos & Associates	johnthermosand.com
John Thermos & Associates	johnthermosandassociates.com
Kimberly Thiebaud	kimberlythiebaud.com
4 Corner Appraisals, LLC	4cornerappraisals.com
4 Corner Appraisals, LLC	4cornerappraisal.com
AMT Appraisals	amtappraisals.com
AMT Appraisals	amtappraisal.com
Valley Appraiser	valleyappraiser.com
Thomas Appraisals, Inc	thomasappraisals.com
Thomas Appraisals, Inc	thomasappraisal.com
Jim Thomas Appraisal Service	jimthomasappraisal.com
Jim Thomas Appraisal Service	jimthomasappraisalervice.com
Jim Thomas Appraisal Service	jimthomasappraisalservice.com
Accurate Appraisal Service	accurateappraisal.com
Accurate Appraisal Service	accurateappraisalservice.com
Accurate Appraisal Service	accurateappraisalervice.com
Laurie Thomas Appraisals	lauriethomasappraisal.com
Laurie Thomas Appraisals	lauriethomasappraisals.com
Leroy Thomas	leroythomas.com
Apex Property Advisors, Inc.	apexpropertyadvisors.com
August Appraisals	augustappraisals.com
August Appraisals	augustappraisal.com
Thompson-Davis Appraisal Services	thompsondavisappraisal.com
Thompson-Davis Appraisal Services	thompsondavisappraisalservices.com
Thompson-Davis Appraisal Services	thompsondavisappraisalervices.com
Thompson Appraisal Services	thompsonappraisal.com
Thompson Appraisal Services	thompsonappraisalservices.com
Thompson Appraisal Services	thompsonappraisalervices.com
Thompson Real Estate LLC	thompsonrealestate.com
Luke Thompson	lukethompson.com
Thompson Property Consultants	thompsonpropertyconsultants.com
Community Appraisal Group	communityappraisalsgroup.com
Community Appraisal Group	communityappraisalgroup.com
Community Appraisal Group	communityappraisal.com
Thomas J. Thomson	thomasjthomson.com
MT Appraisal Services	mtappraisal.com
MT Appraisal Services	mtappraisalervices.com
MT Appraisal Services	mtappraisalservices.com
NT Appraisal	ntappraisals.com
NT Appraisal	ntappraisal.com
Eagle One Property Value	eagleonepropertyvalue.com
California Residential Appraisal Services Inc.	californiaresidentialappraisal.com
California Residential Appraisal Services Inc.	californiaresidentialappraisalservices.com
California Residential Appraisal Services Inc.	californiaresidentialappraisalervices.com
Allied Appraisers, LLC.	alliedappraisers.com
Wells Fargo Bank, NA	wellsfargobankna.com
Robert L. Throckmorton	robertlthrockmorton.com
Scott Throckmorton	scottthrockmorton.com
APPRAISER 4 HIRE, INC	appraiser4hire.com
Tom Thurow Residential Real Estate  Appraiser	tomthurowresidentialrealestateappraiser.com
Bay Land Survey, Inc.	baylandsurvey.com
Tidwell & Company	tidwelland.com
George Tien & Associates	georgetienand.com
George Tien & Associates	georgetienandassociates.com
CoreLogic Platinum Valuation Services	corelogicplatinumvaluation.com
CoreLogic Platinum Valuation Services	corelogicplatinumvaluationservices.com
AAA-TAHOE/DOUGLAS APPRAISALS	aaatahoedouglasappraisal.com
AAA-TAHOE/DOUGLAS APPRAISALS	aaatahoedouglasappraisals.com
LIghthouse Appraisal Group, Inc	lighthouseappraisal.com
LIghthouse Appraisal Group, Inc	lighthouseappraisalsgroup.com
LIghthouse Appraisal Group, Inc	lighthouseappraisalgroup.com
Mike Tilford Real Estate	miketilfordrealestate.com
Tillman Real Estate Services	tillmanrealestateservices.com
Tillman Real Estate Services	tillmanrealestate.com
SO-CAL APPRAISALS	socalappraisals.com
SO-CAL APPRAISALS	socalappraisal.com
Tindel Appraisal Group	tindelappraisal.com
Tindel Appraisal Group	tindelappraisalsgroup.com
Tindel Appraisal Group	tindelappraisalgroup.com
Tiner Appraisals	tinerappraisal.com
Tiner Appraisals	tinerappraisals.com
ARA Real Estate Appraisals, Inc.	ararealestateappraisals.com
ARA Real Estate Appraisals, Inc.	ararealestateappraisal.com
Bayciti Appraisal	baycitiappraisals.com
Bayciti Appraisal	baycitiappraisal.com
Market Value Appraisals	marketvalueappraisal.com
Market Value Appraisals	marketvalueappraisals.com
Freedom Valuation	freedomvaluation.com
Appraisal Works	appraisalsworks.com
Appraisal Works	appraisalworks.com
Kimberly Todd Appraisals	kimberlytoddappraisals.com
Kimberly Todd Appraisals	kimberlytoddappraisal.com
Carlo Tokatlian	carlotokatlian.com
The Appraisal Advantage	theappraisaladvantage.com
The Appraisal Advantage	theappraisalsadvantage.com
Beachside Appraisal	beachsideappraisals.com
Beachside Appraisal	beachsideappraisal.com
JOHN TOM APPRAISAL SERVICES	johntomappraisalservices.com
JOHN TOM APPRAISAL SERVICES	johntomappraisal.com
JOHN TOM APPRAISAL SERVICES	johntomappraisalervices.com
Tomasini Appraisal Service	tomasiniappraisalservice.com
Tomasini Appraisal Service	tomasiniappraisal.com
Tomasini Appraisal Service	tomasiniappraisalervice.com
AAA Appraisal Service	aaaappraisalservice.com
AAA Appraisal Service	aaaappraisal.com
AAA Appraisal Service	aaaappraisalervice.com
Livo Torlai Appraisal Services	livotorlaiappraisalservices.com
Livo Torlai Appraisal Services	livotorlaiappraisal.com
Livo Torlai Appraisal Services	livotorlaiappraisalervices.com
GTB Appraisals	gtbappraisals.com
GTB Appraisals	gtbappraisal.com
Valetorre	valetorre.com
Karey Torres Appraisals	kareytorresappraisal.com
Karey Torres Appraisals	kareytorresappraisals.com
DLP Appraisals	dlpappraisal.com
DLP Appraisals	dlpappraisals.com
Elite Appraisals Inc.	eliteappraisals.com
Elite Appraisals Inc.	eliteappraisal.com
San Joe's Appraisals	sanjoesappraisal.com
San Joe's Appraisals	sanjoesappraisals.com
Appraisal Expediters	appraisalsexpediters.com
Appraisal Expediters	appraisalexpediters.com
CoreLogic Valuation Solutions	corelogicvaluationsolutions.com
Helfrich Appraisal Services	helfrichappraisalservices.com
Helfrich Appraisal Services	helfrichappraisalervices.com
Helfrich Appraisal Services	helfrichappraisal.com
TL Valuations, Inc.	tlvaluations.com
Heritage Appraisal Services	heritageappraisalservices.com
Heritage Appraisal Services	heritageappraisal.com
Heritage Appraisal Services	heritageappraisalervices.com
Indepth Appraisal LLC	indepthappraisals.com
Indepth Appraisal LLC	indepthappraisal.com
Anchor Appraisals	anchorappraisals.com
Anchor Appraisals	anchorappraisal.com
Cal Metro Appraisal, LLC	calmetroappraisals.com
Cal Metro Appraisal, LLC	calmetroappraisal.com
Marc S. Trapani	marcstrapani.com
Scott Trautman	scotttrautman.com
Mary Trello Appraisal	marytrelloappraisals.com
Mary Trello Appraisal	marytrelloappraisal.com
Golden State Appraisal Company	goldenstateappraisals.com
Golden State Appraisal Company	goldenstateappraisal.com
Axis Appraisal Management Solutions	axisappraisalmanagementsolutions.com
Axis Appraisal Management Solutions	axisappraisalsmanagementsolutions.com
Raymond E Trigueros	raymondetrigueros.com
Hillside Appraisal	hillsideappraisals.com
Hillside Appraisal	hillsideappraisal.com
Trumar Appraisals	trumarappraisals.com
Trumar Appraisals	trumarappraisal.com
NIcholson & Company	nicholsonand.com
GOLDEN STATE APPRAISALS	goldenstateappraisals.com
GOLDEN STATE APPRAISALS	goldenstateappraisal.com
Unlimited Bliss, Inc	unlimitedbliss.com
Kenny Tseng Appraisal Service	kennytsengappraisalservice.com
Kenny Tseng Appraisal Service	kennytsengappraisal.com
Kenny Tseng Appraisal Service	kennytsengappraisalervice.com
Sean Appraisals	seanappraisal.com
Sean Appraisals	seanappraisals.com
PC Professional Services	professionalservices.com
PC Professional Services	professional.com
BenTucker Appraisals	bentuckerappraisal.com
BenTucker Appraisals	bentuckerappraisals.com
Rob Tucker Appraisals	robtuckerappraisals.com
Rob Tucker Appraisals	robtuckerappraisal.com
Tuckey Appraisals	tuckeyappraisal.com
Tuckey Appraisals	tuckeyappraisals.com
Bob Turnage Appraisals	bobturnageappraisals.com
Bob Turnage Appraisals	bobturnageappraisal.com
Sheryl Lynn Turner	sheryllynnturner.com
Turneround Appraisals	turneroundappraisals.com
Turneround Appraisals	turneroundappraisal.com
Turner appraisals	turnerappraisals.com
Turner appraisals	turnerappraisal.com
BKT Appraisal Services	bktappraisal.com
BKT Appraisal Services	bktappraisalervices.com
BKT Appraisal Services	bktappraisalservices.com
Ocean Side Appraisal Group	oceansideappraisalsgroup.com
Ocean Side Appraisal Group	oceansideappraisalgroup.com
Ocean Side Appraisal Group	oceansideappraisal.com
Ulloa Appraisals, Inc.	ulloaappraisals.com
Ulloa Appraisals, Inc.	ulloaappraisal.com
Mike Ulrey Appraisals	mikeulreyappraisals.com
Mike Ulrey Appraisals	mikeulreyappraisal.com
Carolynn Ulrich Appraisal	carolynnulrichappraisal.com
Carolynn Ulrich Appraisal	carolynnulrichappraisals.com
South Bay Solutions, CA	southbaysolutionsca.com
Sharon Ulrich	sharonulrich.com
Accurate Real Estate Insp Svc	accuraterealestateinspsvc.com
Urban Appraisal LLC	urbanappraisals.com
Urban Appraisal LLC	urbanappraisal.com
Urbano Appraisal Services	urbanoappraisalervices.com
Urbano Appraisal Services	urbanoappraisal.com
Urbano Appraisal Services	urbanoappraisalservices.com
Steven Urenda	stevenurenda.com
Urrea Appraisal Service	urreaappraisalervice.com
Urrea Appraisal Service	urreaappraisalservice.com
Urrea Appraisal Service	urreaappraisal.com
California First Appraisal	californiafirstappraisals.com
California First Appraisal	californiafirstappraisal.com
Dolphin Home Appraisals	dolphinhomeappraisals.com
Dolphin Home Appraisals	dolphinhomeappraisal.com
California Property Valuations	californiapropertyvaluations.com
Vail Appraisal, Inc.	vailappraisals.com
Vail Appraisal, Inc.	vailappraisal.com
JR's Appraisal Service	jrsappraisalservice.com
JR's Appraisal Service	jrsappraisalervice.com
JR's Appraisal Service	jrsappraisal.com
James Valdez Appraisal Service	jamesvaldezappraisal.com
James Valdez Appraisal Service	jamesvaldezappraisalervice.com
James Valdez Appraisal Service	jamesvaldezappraisalservice.com
Valencia Real Estate Appraisals	valenciarealestateappraisal.com
Valencia Real Estate Appraisals	valenciarealestateappraisals.com
Elias Valencia Appraisals	eliasvalenciaappraisal.com
Elias Valencia Appraisals	eliasvalenciaappraisals.com
Valentin Appraisals, LLC	valentinappraisals.com
Valentin Appraisals, LLC	valentinappraisal.com
Avion Insights LLC	avioninsights.com
Vallance Appraisals	vallanceappraisal.com
Vallance Appraisals	vallanceappraisals.com
Big Oak Appraisal	bigoakappraisal.com
Big Oak Appraisal	bigoakappraisals.com
Van Mark Appraisals	vanmarkappraisal.com
Van Mark Appraisals	vanmarkappraisals.com
Precise Home Appraisals	precisehomeappraisals.com
Precise Home Appraisals	precisehomeappraisal.com
California Home Appraisal	californiahomeappraisals.com
California Home Appraisal	californiahomeappraisal.com
Van Wickle Appraisal	vanwickleappraisal.com
Van Wickle Appraisal	vanwickleappraisals.com
Vance Appraisal Services	vanceappraisalservices.com
Vance Appraisal Services	vanceappraisalervices.com
Vance Appraisal Services	vanceappraisal.com
Freemont Bank	freemontbank.com
Maria Vanderbyl	mariavanderbyl.com
Chase Bank	chasebank.com
Vandergoot Appraisals	vandergootappraisals.com
Vandergoot Appraisals	vandergootappraisal.com
Olympus Appraisal	olympusappraisal.com
Olympus Appraisal	olympusappraisals.com
Abba Appraisal	abbaappraisal.com
Abba Appraisal	abbaappraisals.com
Gregorio Vargas	gregoriovargas.com
Allred Certified Appraisals	allredcertifiedappraisals.com
Allred Certified Appraisals	allredcertifiedappraisal.com
All City Appraisals and Consulting	allcityappraisalsandconsulting.com
All City Appraisals and Consulting	allcityappraisalandconsulting.com
Next Day Appraisals	nextdayappraisals.com
Next Day Appraisals	nextdayappraisal.com
North Point Appraisal	northpointappraisal.com
North Point Appraisal	northpointappraisals.com
Metropolitan Appraisal Services	metropolitanappraisalservices.com
Metropolitan Appraisal Services	metropolitanappraisalervices.com
Metropolitan Appraisal Services	metropolitanappraisal.com
Bank of Hope	bankofhope.com
Zahnan Corp.	zahnan.com
Level One Appraisals, Inc	leveloneappraisal.com
Level One Appraisals, Inc	leveloneappraisals.com
Martin Venegas	martinvenegas.com
Fisser Appraisals	fisserappraisals.com
Fisser Appraisals	fisserappraisal.com
Felix Valuations	felixvaluations.com
Michael Vera	michaelvera.com
WEST COAST APPRAISAL SERVICES	westcoastappraisalservices.com
WEST COAST APPRAISAL SERVICES	westcoastappraisal.com
WEST COAST APPRAISAL SERVICES	westcoastappraisalervices.com
Diane K. Verdugo	dianekverdugo.com
Verschelden Appraisals	verscheldenappraisal.com
Verschelden Appraisals	verscheldenappraisals.com
Amercian Reporting Company	amercianreporting.com
Edward Veytsman	edwardveytsman.com
Daniel Vidican Appraisal Services	danielvidicanappraisalservices.com
Daniel Vidican Appraisal Services	danielvidicanappraisal.com
Daniel Vidican Appraisal Services	danielvidicanappraisalervices.com
Valtech Appraisals	valtechappraisals.com
Valtech Appraisals	valtechappraisal.com
Villeneuve Appraisals	villeneuveappraisals.com
Villeneuve Appraisals	villeneuveappraisal.com
Velox Valuations	veloxvaluations.com
South Coast Appraisal	southcoastappraisals.com
South Coast Appraisal	southcoastappraisal.com
Virtich Real Estate Appraisal	virtichrealestateappraisals.com
Virtich Real Estate Appraisal	virtichrealestateappraisal.com
Norcal-Appraisers	norcalappraisers.com
Barton J. Vogel	bartonjvogel.com
VRES	vres.com
Vokal Appraisal Services	vokalappraisal.com
Vokal Appraisal Services	vokalappraisalervices.com
Vokal Appraisal Services	vokalappraisalservices.com
ALVO Enterprise, Inc.	alvoenterprise.com
Brian Von Esch Appraisal	brianvoneschappraisal.com
Brian Von Esch Appraisal	brianvoneschappraisals.com
Chester Voress	chestervoress.com
The Appraisal Company	theappraisals.com
The Appraisal Company	theappraisal.com
Summit Investment & Valuation	summitinvestmentandvaluation.com
Catherine Wachel's Real Estate Appraisal Services	catherinewachelsrealestateappraisalervices.com
Catherine Wachel's Real Estate Appraisal Services	catherinewachelsrealestateappraisal.com
David Wagner Certified Appraiser	davidwagnercertifiedappraiser.com
Associated Appraisal Services	associatedappraisalervices.com
Associated Appraisal Services	associatedappraisal.com
Associated Appraisal Services	associatedappraisalservices.com
Premier Appraisal Service	premierappraisalservice.com
Premier Appraisal Service	premierappraisalervice.com
Premier Appraisal Service	premierappraisal.com
FMW Appraisal Services	fmwappraisalervices.com
FMW Appraisal Services	fmwappraisal.com
FMW Appraisal Services	fmwappraisalservices.com
Dawn Walker	dawnwalker.com
Walker Appraisals	walkerappraisals.com
Walker Appraisals	walkerappraisal.com
Network Appraisal	networkappraisals.com
Network Appraisal	networkappraisal.com
Wallace Real Estate Services	wallacerealestateservices.com
Wallace Real Estate Services	wallacerealestate.com
Beckel Wallace Real Estate	beckelwallacerealestate.com
Rwallace Appraisal	rwallaceappraisal.com
Rwallace Appraisal	rwallaceappraisals.com
Overshadowed Appraisals	overshadowedappraisal.com
Overshadowed Appraisals	overshadowedappraisals.com
Walling Appraisal Co.	wallingappraisals.com
Walling Appraisal Co.	wallingappraisal.com
Darlene S. Walsh Appraisals	darleneswalshappraisals.com
Darlene S. Walsh Appraisals	darleneswalshappraisal.com
B&W Appraisal Services, Inc.	bandwappraisalservices.com
B&W Appraisal Services, Inc.	bandwappraisalervices.com
B&W Appraisal Services, Inc.	bandwappraisal.com
Walter & Associates Appraisals	walterandassociatesappraisals.com
Walter & Associates Appraisals	walterandassociatesappraisal.com
Dwight Walter Real Estate Appraisal	dwightwalterrealestateappraisal.com
Dwight Walter Real Estate Appraisal	dwightwalterrealestateappraisals.com
Alpine Vista Appraisal	alpinevistaappraisal.com
Alpine Vista Appraisal	alpinevistaappraisals.com
Trust Realty Service	trustrealtyservice.com
Trust Realty Service	trustrealty.com
Haoran Wang	haoranwang.com
Best Wish Realty Inc	bestwishrealty.com
KW Appraisal	kwappraisal.com
KW Appraisal	kwappraisals.com
Appraisal 2000	appraisal2000.com
Appraisal 2000	appraisals2000.com
Pacific Express Appraisals	pacificexpressappraisals.com
Pacific Express Appraisals	pacificexpressappraisal.com
WELLS FARGO BANK	wellsfargobank.com
Brian Ward Appraisal	brianwardappraisal.com
Brian Ward Appraisal	brianwardappraisals.com
Coastline Appraisals, Inc.	coastlineappraisal.com
Coastline Appraisals, Inc.	coastlineappraisals.com
S & R Appraisal Service	sandrappraisalservice.com
S & R Appraisal Service	sandrappraisalervice.com
S & R Appraisal Service	sandrappraisal.com
David M. Tidwell & Associates	davidmtidwellandassociates.com
David M. Tidwell & Associates	davidmtidwelland.com
Accu Value Appraisals	accuvalueappraisals.com
Accu Value Appraisals	accuvalueappraisal.com
Wasley & Associates	wasleyandassociates.com
Wasley & Associates	wasleyand.com
Waters Appraisal	watersappraisal.com
Waters Appraisal	watersappraisals.com
PCV Murcor	pcvmurcor.com
Appraisal Solutions Group	appraisalsolutionsgroup.com
Appraisal Solutions Group	appraisalsolutions.com
Appraisal Solutions Group	appraisalolutionsgroup.com
Watson & Associates	watsonand.com
Watson & Associates	watsonandassociates.com
WALTER WATSON REAL ESTATE APPR	walterwatsonrealestateappr.com
Weaver Appraisals	weaverappraisal.com
Weaver Appraisals	weaverappraisals.com
Weaver Appraisal Group, LLC.	weaverappraisalsgroup.com
Weaver Appraisal Group, LLC.	weaverappraisal.com
Weaver Appraisal Group, LLC.	weaverappraisalgroup.com
Ben Webb Appraisal	benwebbappraisal.com
Ben Webb Appraisal	benwebbappraisals.com
Action Home Services	actionhome.com
Action Home Services	actionhomeservices.com
Brad Webber, Inc	bradwebber.com
Webber and Associates	webberandassociates.com
Webber and Associates	webberand.com
Webber Appraisal Services	webberappraisal.com
Webber Appraisal Services	webberappraisalservices.com
Webber Appraisal Services	webberappraisalervices.com
Elite Appraisal Group, Inc.	eliteappraisalgroup.com
Elite Appraisal Group, Inc.	eliteappraisalsgroup.com
Elite Appraisal Group, Inc.	eliteappraisal.com
Summit Appraisal, Inc.	summitappraisal.com
Summit Appraisal, Inc.	summitappraisals.com
Milimax Appraisals	milimaxappraisal.com
Milimax Appraisals	milimaxappraisals.com
Vanessa Weisberg	vanessaweisberg.com
Castle Rock Appraisal Services	castlerockappraisalservices.com
Castle Rock Appraisal Services	castlerockappraisal.com
Castle Rock Appraisal Services	castlerockappraisalervices.com
Weise Appraisal Services	weiseappraisalservices.com
Weise Appraisal Services	weiseappraisal.com
Weise Appraisal Services	weiseappraisalervices.com
MSW Appraisal Services	mswappraisalservices.com
MSW Appraisal Services	mswappraisal.com
MSW Appraisal Services	mswappraisalervices.com
California Appraisal	californiaappraisals.com
California Appraisal	californiaappraisal.com
TW Appraisals Limited	twappraisalslimited.com
TW Appraisals Limited	twappraisallimited.com
Stacy Welch Appraisals	stacywelchappraisal.com
Stacy Welch Appraisals	stacywelchappraisals.com
Kenneth Welcher Appraisals	kennethwelcherappraisals.com
Kenneth Welcher Appraisals	kennethwelcherappraisal.com
Tony G Weldon	tonygweldon.com
Weller Appraisals	wellerappraisals.com
Weller Appraisals	wellerappraisal.com
TC Appraisal, Inc.	tcappraisal.com
TC Appraisal, Inc.	tcappraisals.com
Andrew Wells Associates	andrewwells.com
Andrew Wells Associates	andrewwellsassociates.com
H. Gregory Wells	hgregorywells.com
Robert Wells Appraisal	robertwellsappraisals.com
Robert Wells Appraisal	robertwellsappraisal.com
Lotus Consulting Group	lotusconsultinggroup.com
Lotus Consulting Group	lotusconsulting.com
Ben's Appraisal Service	bensappraisalervice.com
Ben's Appraisal Service	bensappraisal.com
Ben's Appraisal Service	bensappraisalservice.com
James D. Welsh	jamesdwelsh.com
Wenzel Appraisal Services, Inc.	wenzelappraisal.com
Wenzel Appraisal Services, Inc.	wenzelappraisalervices.com
Wenzel Appraisal Services, Inc.	wenzelappraisalservices.com
RLW Appraisal Services	rlwappraisalservices.com
RLW Appraisal Services	rlwappraisalervices.com
RLW Appraisal Services	rlwappraisal.com
Joseph R. Wessling	josephrwessling.com
Westerberg Appraisals, LLC	westerbergappraisals.com
Westerberg Appraisals, LLC	westerbergappraisal.com
Westhurst Valuations	westhurstvaluations.com
Ronald W. Weston	ronaldwweston.com
Wheat Appraisal Service	wheatappraisalervice.com
Wheat Appraisal Service	wheatappraisalservice.com
Wheat Appraisal Service	wheatappraisal.com
Luvu6, Inc.	luvu6.com
Nicole Wheelers Appraisal Services	nicolewheelersappraisal.com
Nicole Wheelers Appraisal Services	nicolewheelersappraisalervices.com
Nicole Wheelers Appraisal Services	nicolewheelersappraisalservices.com
Whieldon Appraisal Services	whieldonappraisalservices.com
Whieldon Appraisal Services	whieldonappraisal.com
Whieldon Appraisal Services	whieldonappraisalervices.com
INSITE Appraisals	insiteappraisal.com
INSITE Appraisals	insiteappraisals.com
Brett White - Residential Appraiser	brettwhiteresidentialappraiser.com
Mid State Appraisal Services	midstateappraisalservices.com
Mid State Appraisal Services	midstateappraisalervices.com
Mid State Appraisal Services	midstateappraisal.com
A+ Appraisals	aappraisals.com
A+ Appraisals	aappraisal.com
RDW & Associates	rdwand.com
RDW & Associates	rdwandassociates.com
Julie A. Whitton	julieawhitton.com
Jeffrey Wickham	jeffreywickham.com
Kenneth D. Wickman	kennethdwickman.com
loanDepot	loandepot.com
DRW Appraisals, Inc.	drwappraisals.com
DRW Appraisals, Inc.	drwappraisal.com
Wiesman Appraisals	wiesmanappraisals.com
Wiesman Appraisals	wiesmanappraisal.com
Major Appraisals Inc.	majorappraisals.com
Major Appraisals Inc.	majorappraisal.com
Tim Wilde Residential Appraisals	timwilderesidentialappraisal.com
Tim Wilde Residential Appraisals	timwilderesidentialappraisals.com
Wilkins Appraisal Services	wilkinsappraisalservices.com
Wilkins Appraisal Services	wilkinsappraisalervices.com
Wilkins Appraisal Services	wilkinsappraisal.com
OR Valuation Services, Inc.	orvaluationservices.com
OR Valuation Services, Inc.	orvaluation.com
Evalue Appraisal Company	evalueappraisal.com
Evalue Appraisal Company	evalueappraisals.com
Williams & Associates	williamsandassociates.com
Williams & Associates	williamsand.com
Daniel E Williams / LPS Valuations	danielewilliamslpsvaluations.com
J. Williams Appraisal Service	jwilliamsappraisalservice.com
J. Williams Appraisal Service	jwilliamsappraisal.com
J. Williams Appraisal Service	jwilliamsappraisalervice.com
Durell & Williams Residential R.E. Appraisers	durellandwilliamsresidentialreappraisers.com
Kelly Williams Appraisal	kellywilliamsappraisals.com
Kelly Williams Appraisal	kellywilliamsappraisal.com
Centaur Appraisal	centaurappraisal.com
Centaur Appraisal	centaurappraisals.com
Pacific Real Estate Services	pacificrealestate.com
Pacific Real Estate Services	pacificrealestateservices.com
California Residential Appraisals	californiaresidentialappraisal.com
California Residential Appraisals	californiaresidentialappraisals.com
Williams Appraisals	williamsappraisals.com
Williams Appraisals	williamsappraisal.com
Rocket Appraisal Service	rocketappraisal.com
Rocket Appraisal Service	rocketappraisalervice.com
Rocket Appraisal Service	rocketappraisalservice.com
James Williamson Appraisal Service	jameswilliamsonappraisalservice.com
James Williamson Appraisal Service	jameswilliamsonappraisal.com
James Williamson Appraisal Service	jameswilliamsonappraisalervice.com
Turn Key Appraisal	turnkeyappraisals.com
Turn Key Appraisal	turnkeyappraisal.com
Michael Willis	michaelwillis.com
Elizabeth J Wills-Lopez	elizabethjwillslopez.com
Chris Willsher	chriswillsher.com
Doug Wilson, Real Estate Appraiser	dougwilsonrealestateappraiser.com
Wilson Appraisal Company	wilsonappraisal.com
Wilson Appraisal Company	wilsonappraisals.com
Wilson & Associates	wilsonandassociates.com
Wilson & Associates	wilsonand.com
L. Wilson & Associates	lwilsonand.com
L. Wilson & Associates	lwilsonandassociates.com
Global Appraisal Service	globalappraisal.com
Global Appraisal Service	globalappraisalervice.com
Global Appraisal Service	globalappraisalservice.com
Ryan Wilson	ryanwilson.com
Preferred Appraisal Services	preferredappraisalservices.com
Preferred Appraisal Services	preferredappraisalervices.com
Preferred Appraisal Services	preferredappraisal.com
T. Wilson Appraisal Group	twilsonappraisal.com
T. Wilson Appraisal Group	twilsonappraisalsgroup.com
T. Wilson Appraisal Group	twilsonappraisalgroup.com
Modern Appraisal, Inc.	modernappraisals.com
Modern Appraisal, Inc.	modernappraisal.com
Carrilee Windust Appraisal Services	carrileewindustappraisalservices.com
Carrilee Windust Appraisal Services	carrileewindustappraisalervices.com
Carrilee Windust Appraisal Services	carrileewindustappraisal.com
Cornerstone Appraisal Service	cornerstoneappraisalservice.com
Cornerstone Appraisal Service	cornerstoneappraisal.com
Cornerstone Appraisal Service	cornerstoneappraisalervice.com
Winco	winco.com
Winthrop Valuations	winthropvaluations.com
APA Appraisals, LLC	apaappraisal.com
APA Appraisals, LLC	apaappraisals.com
David N. Woldstad	davidnwoldstad.com
Westside Appraisal Solutions	westsideappraisalsolutions.com
Westside Appraisal Solutions	westsideappraisalolutions.com
Gary Wolfsberger Appraisals	garywolfsbergerappraisal.com
Gary Wolfsberger Appraisals	garywolfsbergerappraisals.com
Wollman Appraisal, LLC	wollmanappraisals.com
Wollman Appraisal, LLC	wollmanappraisal.com
Accelon Appraisal Services	accelonappraisalervices.com
Accelon Appraisal Services	accelonappraisal.com
Accelon Appraisal Services	accelonappraisalservices.com
SW Realty & Appraisal Inc.	swrealtyandappraisals.com
SW Realty & Appraisal Inc.	swrealtyandappraisal.com
California State Lands Commission	californiastatelandscommission.com
Red Bean Appraisal Inc.	redbeanappraisal.com
Red Bean Appraisal Inc.	redbeanappraisals.com
C & G Appraisals	candgappraisal.com
C & G Appraisals	candgappraisals.com
Michele Wong	michelewong.com
Quick-Quality Appraisals	quickqualityappraisals.com
Quick-Quality Appraisals	quickqualityappraisal.com
RCWAppraisal Co.	rcwappraisal.com
RCWAppraisal Co.	rcwappraisals.com
Ronald Wong	ronaldwong.com
BayArea-Appraiser.com	bayareaappraisercom.com
Evergreen Appraisal Services	evergreenappraisalservices.com
Evergreen Appraisal Services	evergreenappraisalervices.com
Evergreen Appraisal Services	evergreenappraisal.com
North Valley Appraisals	northvalleyappraisals.com
North Valley Appraisals	northvalleyappraisal.com
Avalon Appraisal Service	avalonappraisalservice.com
Avalon Appraisal Service	avalonappraisalervice.com
Avalon Appraisal Service	avalonappraisal.com
Jeffrey D Wood	jeffreydwood.com
Jerry Wood Appraisals	jerrywoodappraisals.com
Jerry Wood Appraisals	jerrywoodappraisal.com
Wood Equity	woodequity.com
Wood Appraisals	woodappraisals.com
Wood Appraisals	woodappraisal.com
UHI Management Group	uhimanagement.com
UHI Management Group	uhimanagementgroup.com
Pacific Property Appraisal	pacificpropertyappraisal.com
Pacific Property Appraisal	pacificpropertyappraisals.com
BPW Appraisal & Realty Services	bpwappraisalandrealty.com
BPW Appraisal & Realty Services	bpwappraisalsandrealtyservices.com
BPW Appraisal & Realty Services	bpwappraisalandrealtyservices.com
Woods Appraisal Services	woodsappraisal.com
Woods Appraisal Services	woodsappraisalervices.com
Woods Appraisal Services	woodsappraisalservices.com
Walter Woodworth	walterwoodworth.com
Diana Woolery, Appraisal Services	dianawooleryappraisal.com
Diana Woolery, Appraisal Services	dianawooleryappraisalservices.com
Diana Woolery, Appraisal Services	dianawooleryappraisalervices.com
Woolman Real Estate Appraisals	woolmanrealestateappraisal.com
Woolman Real Estate Appraisals	woolmanrealestateappraisals.com
Vandalay Appraisal	vandalayappraisals.com
Vandalay Appraisal	vandalayappraisal.com
Vandalay Industries, Inc.	vandalayindustries.com
Bob Woytovich Appraisals	bobwoytovichappraisal.com
Bob Woytovich Appraisals	bobwoytovichappraisals.com
The Wright Appraisal Service	thewrightappraisal.com
The Wright Appraisal Service	thewrightappraisalervice.com
The Wright Appraisal Service	thewrightappraisalservice.com
Wright Value Appraisal	wrightvalueappraisals.com
Wright Value Appraisal	wrightvalueappraisal.com
The Wright Appraisal	thewrightappraisals.com
The Wright Appraisal	thewrightappraisal.com
Kathleen Wright Appraisals	kathleenwrightappraisals.com
Kathleen Wright Appraisals	kathleenwrightappraisal.com
Wright Appraisal	wrightappraisals.com
Wright Appraisal	wrightappraisal.com
Elite Choice Appraisals,  LLC	elitechoiceappraisal.com
Elite Choice Appraisals,  LLC	elitechoiceappraisals.com
Wulf Appraisal Corp	wulfappraisal.com
Wulf Appraisal Corp	wulfappraisals.com
Sonia L. Wyatt Appraisals	sonialwyattappraisals.com
Sonia L. Wyatt Appraisals	sonialwyattappraisal.com
PGAppraisal	pgappraisal.com
PGAppraisal	pgappraisals.com
DX Group	dxgroup.com
Michael Yaklin	michaelyaklin.com
Anthony Yan/ Anthony Yan Appraisal	anthonyyananthonyyanappraisals.com
Anthony Yan/ Anthony Yan Appraisal	anthonyyananthonyyanappraisal.com
Yancey Appraisal Group	yanceyappraisalgroup.com
Yancey Appraisal Group	yanceyappraisalsgroup.com
Yancey Appraisal Group	yanceyappraisal.com
Allies Appraisal	alliesappraisals.com
Allies Appraisal	alliesappraisal.com
Appraisal One	appraisalone.com
Appraisal One	appraisalsone.com
Kan Yao	kanyao.com
Nathan Yao	nathanyao.com
Susan Yarian, Appraiser	susanyarianappraiser.com
Yassu Appraisal Services	yassuappraisalervices.com
Yassu Appraisal Services	yassuappraisal.com
Yassu Appraisal Services	yassuappraisalservices.com
The appraisal Company PC	theappraisals.com
The appraisal Company PC	theappraisal.com
Benjamin Yau appraisal services	benjaminyauappraisalservices.com
Benjamin Yau appraisal services	benjaminyauappraisal.com
Benjamin Yau appraisal services	benjaminyauappraisalervices.com
YeargIn & Associates LLC	yearginand.com
YeargIn & Associates LLC	yearginandassociates.com
Acacia Appraisal	acaciaappraisals.com
Acacia Appraisal	acaciaappraisal.com
Femrey	femrey.com
Lynn Yoder Appraisal	lynnyoderappraisals.com
Lynn Yoder Appraisal	lynnyoderappraisal.com
G. A. Appraisals, Inc	gaappraisals.com
G. A. Appraisals, Inc	gaappraisal.com
Triton Valuation Services	tritonvaluation.com
Triton Valuation Services	tritonvaluationservices.com
Keun-Il Peter Yoo	keunilpeteryoo.com
Zip Appraisal Service	zipappraisalservice.com
Zip Appraisal Service	zipappraisalervice.com
Zip Appraisal Service	zipappraisal.com
Top Appraisal Company	topappraisal.com
Top Appraisal Company	topappraisals.com
Terra Nova Appraisals, Inc.	terranovaappraisal.com
Terra Nova Appraisals, Inc.	terranovaappraisals.com
Brent Yost	brentyost.com
Professinoal Appraisal Services	professinoalappraisalervices.com
Professinoal Appraisal Services	professinoalappraisal.com
Professinoal Appraisal Services	professinoalappraisalservices.com
Power Appraisals	powerappraisal.com
Power Appraisals	powerappraisals.com
Servicelink	servicelink.com
Young & Associates RE Appraisers	youngandassociatesreappraisers.com
Action Appraisals	actionappraisals.com
Action Appraisals	actionappraisal.com
Young Real Estate Appraisals	youngrealestateappraisals.com
Young Real Estate Appraisals	youngrealestateappraisal.com
Ascribe	ascribe.com
Value Pro Appraisal Inc.	valueproappraisals.com
Value Pro Appraisal Inc.	valueproappraisal.com
Young Appraisal	youngappraisals.com
Young Appraisal	youngappraisal.com
Brian Yount Appraisal	brianyountappraisals.com
Brian Yount Appraisal	brianyountappraisal.com
Golden Gate Appraisals	goldengateappraisal.com
Golden Gate Appraisals	goldengateappraisals.com
PRO Appraisals	proappraisal.com
PRO Appraisals	proappraisals.com
Chuck Yu Appraisal	chuckyuappraisals.com
Chuck Yu Appraisal	chuckyuappraisal.com
Norman K. M. Yu, Appraiser	normankmyuappraiser.com
Brian Yuen	brianyuen.com
David A. Yuhas	davidayuhas.com
Yuke Appraisals	yukeappraisal.com
Yuke Appraisals	yukeappraisals.com
First Pacific Appraisal	firstpacificappraisals.com
First Pacific Appraisal	firstpacificappraisal.com
Appraiserly, Inc.	appraiserly.com
William Zalin Inc	williamzalin.com
Zampini Appraisal Services	zampiniappraisalservices.com
Zampini Appraisal Services	zampiniappraisalervices.com
Zampini Appraisal Services	zampiniappraisal.com
Zawasky Appraisal Group	zawaskyappraisalgroup.com
Zawasky Appraisal Group	zawaskyappraisalsgroup.com
Zawasky Appraisal Group	zawaskyappraisal.com
ADZ Services Inc.	adz.com
ADZ Services Inc.	adzservices.com
Zeidner Appraisal Service	zeidnerappraisalservice.com
Zeidner Appraisal Service	zeidnerappraisalervice.com
Zeidner Appraisal Service	zeidnerappraisal.com
Pablo R Zeiter	pablorzeiter.com
Summit Appraisal Services	summitappraisal.com
Summit Appraisal Services	summitappraisalservices.com
Summit Appraisal Services	summitappraisalervices.com
Appraisal 880	appraisal880.com
Appraisal 880	appraisals880.com
D & S Appraisal	dandsappraisal.com
D & S Appraisal	dandsappraisals.com
Excel Z Real Estate	excelzrealestate.com
Bay Area Appraisal and Consulting	bayareaappraisalandconsulting.com
Bay Area Appraisal and Consulting	bayareaappraisalsandconsulting.com
Valued Bay Appraisal	valuedbayappraisals.com
Valued Bay Appraisal	valuedbayappraisal.com
Zibas Appraisal	zibasappraisals.com
Zibas Appraisal	zibasappraisal.com
Gary D Zidell	garydzidell.com
Z Real Estate Valuations, LLC	zrealestatevaluations.com
Ziemba Appriasal Group	ziembaappriasalgroup.com
Ziemba Appriasal Group	ziembaappriasal.com
Precision Property Appraisal	precisionpropertyappraisals.com
Precision Property Appraisal	precisionpropertyappraisal.com
Zimmer Appraisals	zimmerappraisal.com
Zimmer Appraisals	zimmerappraisals.com
Zimmerman & Associates	zimmermanandassociates.com
Zimmerman & Associates	zimmermanand.com
Craftsman Appraisal Service	craftsmanappraisalservice.com
Craftsman Appraisal Service	craftsmanappraisal.com
Craftsman Appraisal Service	craftsmanappraisalervice.com
Condon Appraisal Services	condonappraisalervices.com
Condon Appraisal Services	condonappraisalservices.com
Condon Appraisal Services	condonappraisal.com
Cal West Appraisal Services	calwestappraisalservices.com
Cal West Appraisal Services	calwestappraisalervices.com
Cal West Appraisal Services	calwestappraisal.com
Zorilla Appraisal Services	zorillaappraisalervices.com
Zorilla Appraisal Services	zorillaappraisal.com
Zorilla Appraisal Services	zorillaappraisalservices.com
ABC Appraisal Services	abcappraisalservices.com
ABC Appraisal Services	abcappraisal.com
ABC Appraisal Services	abcappraisalervices.com
Major Appraisals of Orange County	majorappraisalsoforangecounty.com
Major Appraisals of Orange County	majorappraisaloforangecounty.com
Pacific Coastal Valuation	pacificcoastalvaluation.com
NINE31 APPRAISAL SERVICES LLC	nine31appraisalservices.com
NINE31 APPRAISAL SERVICES LLC	nine31appraisalervices.com
NINE31 APPRAISAL SERVICES LLC	nine31appraisal.com
First Hawaiian Bank	firsthawaiianbank.com
Adams Appraisals, LLC	adamsappraisals.com
Adams Appraisals, LLC	adamsappraisal.com
Albertson Appraisal	albertsonappraisal.com
Albertson Appraisal	albertsonappraisals.com
North Iowa Appraisal, LLC.	northiowaappraisals.com
North Iowa Appraisal, LLC.	northiowaappraisal.com
Timely Appraisal	timelyappraisal.com
Timely Appraisal	timelyappraisals.com
Appraisal Professionals, Inc.	appraisalprofessionals.com
Appraisal Professionals, Inc.	appraisalsprofessionals.com
Anania Appraisal Services	ananiaappraisalervices.com
Anania Appraisal Services	ananiaappraisal.com
Anania Appraisal Services	ananiaappraisalservices.com
Mitchell & Associates	mitchellandassociates.com
Mitchell & Associates	mitchelland.com
Realcorp Inc.	realcorp.com
Ronda Arruda	rondaarruda.com
Arthurs Appraisal Service	arthursappraisal.com
Arthurs Appraisal Service	arthursappraisalservice.com
Arthurs Appraisal Service	arthursappraisalervice.com
TFD Appraisal Services	tfdappraisalservices.com
TFD Appraisal Services	tfdappraisalervices.com
TFD Appraisal Services	tfdappraisal.com
Ilya Bachtavenko	ilyabachtavenko.com
First Security Appraisals	firstsecurityappraisal.com
First Security Appraisals	firstsecurityappraisals.com
Yvonne M Barna	yvonnembarna.com
Tri-State Valuation & Consulting	tristatevaluationandconsulting.com
Kimberly D. Bauer, Inc.	kimberlydbauer.com
Northstar Realty Services	northstarrealtyservices.com
Northstar Realty Services	northstarrealty.com
Beeks Appraisal	beeksappraisals.com
Beeks Appraisal	beeksappraisal.com
Behrens Appraisal Services	behrensappraisal.com
Behrens Appraisal Services	behrensappraisalervices.com
Behrens Appraisal Services	behrensappraisalservices.com
Benson Appraisals, Inc.	bensonappraisals.com
Benson Appraisals, Inc.	bensonappraisal.com
bergren appraisal, inc.	bergrenappraisals.com
bergren appraisal, inc.	bergrenappraisal.com
BB Appraisal Services	bbappraisal.com
BB Appraisal Services	bbappraisalervices.com
BB Appraisal Services	bbappraisalservices.com
Bloomberg Appraisal	bloombergappraisal.com
Bloomberg Appraisal	bloombergappraisals.com
Real Property Group	realproperty.com
Real Property Group	realpropertygroup.com
R.L. Boisjolie Appraisals	rlboisjolieappraisal.com
R.L. Boisjolie Appraisals	rlboisjolieappraisals.com
Bergren Appraisal	bergrenappraisals.com
Bergren Appraisal	bergrenappraisal.com
Williams Appraisal	williamsappraisals.com
Williams Appraisal	williamsappraisal.com
XR Appraiser	xrappraiser.com
Village Residential Appraisal and Services	villageresidentialappraisalsandservices.com
Village Residential Appraisal and Services	villageresidentialappraisalandservices.com
Village Residential Appraisal and Services	villageresidentialappraisaland.com
Allan E Bredice	allanebredice.com
Brightwell Appraisals	brightwellappraisals.com
Brightwell Appraisals	brightwellappraisal.com
Bradley R. Brissey	bradleyrbrissey.com
Bro Property & Appraisals, LLC	bropropertyandappraisals.com
Bro Property & Appraisals, LLC	bropropertyandappraisal.com
Northwest Appraisal Services Inc	northwestappraisal.com
Northwest Appraisal Services Inc	northwestappraisalervices.com
Northwest Appraisal Services Inc	northwestappraisalservices.com
CDR Realty Inc.	cdrrealty.com
B & B Appraisal and Consulting	bandbappraisalsandconsulting.com
B & B Appraisal and Consulting	bandbappraisalandconsulting.com
Brown Expert Appraisal Services	brownexpertappraisalervices.com
Brown Expert Appraisal Services	brownexpertappraisalservices.com
Brown Expert Appraisal Services	brownexpertappraisal.com
King Appraisals	kingappraisals.com
King Appraisals	kingappraisal.com
RLT Appraisal Service	rltappraisalervice.com
RLT Appraisal Service	rltappraisal.com
RLT Appraisal Service	rltappraisalservice.com
Matt Buntjer Appraisal Service	mattbuntjerappraisal.com
Matt Buntjer Appraisal Service	mattbuntjerappraisalservice.com
Matt Buntjer Appraisal Service	mattbuntjerappraisalervice.com
Eastern Iowa Valuation	easterniowavaluation.com
Burnett Appraisal Service	burnettappraisalervice.com
Burnett Appraisal Service	burnettappraisalservice.com
Burnett Appraisal Service	burnettappraisal.com
Realcorp	realcorp.com
PROFESSIONAL REAL ESTATE SVCS., INC	professionalrealestatesvcs.com
Bussan Appraisals, LLC	bussanappraisal.com
Bussan Appraisals, LLC	bussanappraisals.com
Butler Appraisals, LLC	butlerappraisals.com
Butler Appraisals, LLC	butlerappraisal.com
Calvert Appraisals	calvertappraisal.com
Calvert Appraisals	calvertappraisals.com
Sarpy County	sarpycounty.com
Residential Valuations of Iowa, LLC	residentialvaluationsofiowa.com
Rose Cash Appraisal	rosecashappraisals.com
Rose Cash Appraisal	rosecashappraisal.com
Pottawattamie County Assessor	pottawattamiecountyassessor.com
Cate Appraisals	cateappraisal.com
Cate Appraisals	cateappraisals.com
Aksarben Appraisals	aksarbenappraisals.com
Aksarben Appraisals	aksarbenappraisal.com
The Charleston Co., Inc.	thecharleston.com
Citywide Appraisals	citywideappraisals.com
Citywide Appraisals	citywideappraisal.com
Mitchell & Associates, Inc.	mitchellandassociates.com
Mitchell & Associates, Inc.	mitchelland.com
AOI Appraisal Services, LLC	aoiappraisal.com
AOI Appraisal Services, LLC	aoiappraisalservices.com
AOI Appraisal Services, LLC	aoiappraisalervices.com
Northwest Iowa Appraisals	northwestiowaappraisal.com
Northwest Iowa Appraisals	northwestiowaappraisals.com
David Conn Appraisal	davidconnappraisals.com
David Conn Appraisal	davidconnappraisal.com
Timothy Connell	timothyconnell.com
Connor Appraisal LLC	connorappraisal.com
Connor Appraisal LLC	connorappraisals.com
Potter Appraisal Services, Inc.	potterappraisalervices.com
Potter Appraisal Services, Inc.	potterappraisalservices.com
Potter Appraisal Services, Inc.	potterappraisal.com
SJ Cook Co	sjcook.com
Rally Appraisal, LLC	rallyappraisals.com
Rally Appraisal, LLC	rallyappraisal.com
Cornwall Appraisal	cornwallappraisal.com
Cornwall Appraisal	cornwallappraisals.com
Koestner & Associates	koestnerand.com
Koestner & Associates	koestnerandassociates.com
Rally Appraisal	rallyappraisals.com
Rally Appraisal	rallyappraisal.com
JRM & Associates, Inc.	jrmand.com
JRM & Associates, Inc.	jrmandassociates.com
datasource appraisal	datasourceappraisals.com
datasource appraisal	datasourceappraisal.com
Rally Appraisal LLC	rallyappraisals.com
Rally Appraisal LLC	rallyappraisal.com
Superior Appraisals, Inc	superiorappraisal.com
Superior Appraisals, Inc	superiorappraisals.com
Cubit Appraisal Resources, LC	cubitappraisalsresourceslc.com
Cubit Appraisal Resources, LC	cubitappraisalresourceslc.com
Polk County Assessor Office	polkcountyassessoroffice.com
Northstar Appraisal	northstarappraisal.com
Northstar Appraisal	northstarappraisals.com
Uptown Appraisal, Inc.	uptownappraisal.com
Uptown Appraisal, Inc.	uptownappraisals.com
Sterling Federal Bank	sterlingfederalbank.com
Statewide Appraisal Service	statewideappraisalservice.com
Statewide Appraisal Service	statewideappraisal.com
Statewide Appraisal Service	statewideappraisalervice.com
Dewerff Appraisal Service	dewerffappraisalervice.com
Dewerff Appraisal Service	dewerffappraisal.com
Dewerff Appraisal Service	dewerffappraisalservice.com
Cedar Creek Appraisal, LLC	cedarcreekappraisals.com
Cedar Creek Appraisal, LLC	cedarcreekappraisal.com
Dolan Appraisals	dolanappraisals.com
Dolan Appraisals	dolanappraisal.com
Mangelsen Appraisals, Inc.	mangelsenappraisal.com
Mangelsen Appraisals, Inc.	mangelsenappraisals.com
Wells Fargo AQR	wellsfargoaqr.com
Downing Appraisal, Inc.	downingappraisal.com
Downing Appraisal, Inc.	downingappraisals.com
Staci Downing Appraisal	stacidowningappraisals.com
Staci Downing Appraisal	stacidowningappraisal.com
Arista Appraisals, Inc.	aristaappraisal.com
Arista Appraisals, Inc.	aristaappraisals.com
DuBois Appraisal Company	duboisappraisal.com
DuBois Appraisal Company	duboisappraisals.com
AA Appraisals LLC	aaappraisals.com
AA Appraisals LLC	aaappraisal.com
Sapient Appraisal	sapientappraisals.com
Sapient Appraisal	sapientappraisal.com
Edmiston	edmiston.com
Ellerbroek & Associates	ellerbroekand.com
Ellerbroek & Associates	ellerbroekandassociates.com
Caliber Appraisal Firm, LLC	caliberappraisalfirm.com
Caliber Appraisal Firm, LLC	caliberappraisalsfirm.com
Frahm Appraisal Co	frahmappraisals.com
Frahm Appraisal Co	frahmappraisal.com
EZ Appraisals, Inc	ezappraisal.com
EZ Appraisals, Inc	ezappraisals.com
Real Estate Appraisal Source	realestateappraisalsource.com
Real Estate Appraisal Source	realestateappraisalource.com
DATASOURCE APPRAISAL	datasourceappraisals.com
DATASOURCE APPRAISAL	datasourceappraisal.com
Fatino Appraisal Services	fatinoappraisalservices.com
Fatino Appraisal Services	fatinoappraisalervices.com
Fatino Appraisal Services	fatinoappraisal.com
Bill Felderman Appraisals	billfeldermanappraisal.com
Bill Felderman Appraisals	billfeldermanappraisals.com
Innovative Appraisal Service, Inc.	innovativeappraisal.com
Innovative Appraisal Service, Inc.	innovativeappraisalervice.com
Innovative Appraisal Service, Inc.	innovativeappraisalservice.com
Quality Appraisal, LLC	qualityappraisal.com
Quality Appraisal, LLC	qualityappraisals.com
Arista Appraisals	aristaappraisal.com
Arista Appraisals	aristaappraisals.com
Peggy A. Franks dba Bill Royer Appraisals	peggyafranksdbabillroyerappraisal.com
Peggy A. Franks dba Bill Royer Appraisals	peggyafranksdbabillroyerappraisals.com
Frederick Real Estate Services	frederickrealestateservices.com
Frederick Real Estate Services	frederickrealestate.com
Martin Froehlich Appraisal Service	martinfroehlichappraisalervice.com
Martin Froehlich Appraisal Service	martinfroehlichappraisal.com
Martin Froehlich Appraisal Service	martinfroehlichappraisalservice.com
Fulcher Appraisals.	fulcherappraisals.com
Fulcher Appraisals.	fulcherappraisal.com
Reilly Appraisal Services, LLC	reillyappraisal.com
Reilly Appraisal Services, LLC	reillyappraisalservices.com
Reilly Appraisal Services, LLC	reillyappraisalervices.com
Precision Appraisals	precisionappraisal.com
Precision Appraisals	precisionappraisals.com
Geelan Appraisal Company	geelanappraisals.com
Geelan Appraisal Company	geelanappraisal.com
Jeffrey W. Gibney, SRA	jeffreywgibneysra.com
Giddings Appraisal, Inc	giddingsappraisals.com
Giddings Appraisal, Inc	giddingsappraisal.com
Chrissy A Gillis	chrissyagillis.com
Goff Appraisals	goffappraisals.com
Goff Appraisals	goffappraisal.com
XR Appraiser LLC	xrappraiser.com
A. G. Appraisal Services	agappraisal.com
A. G. Appraisal Services	agappraisalservices.com
A. G. Appraisal Services	agappraisalervices.com
Gossard Appraisal	gossardappraisals.com
Gossard Appraisal	gossardappraisal.com
Schroeder - Greer Appraisal	schroedergreerappraisals.com
Schroeder - Greer Appraisal	schroedergreerappraisal.com
Gregg Appraisal Company, LLC	greggappraisal.com
Gregg Appraisal Company, LLC	greggappraisals.com
Gregg Appraisal Company	greggappraisal.com
Gregg Appraisal Company	greggappraisals.com
Julie Ann Griffith	julieanngriffith.com
IGL Corridor Appraisals Ltd	iglcorridorappraisals.com
IGL Corridor Appraisals Ltd	iglcorridorappraisal.com
Gusland Castek Appraisal Company	guslandcastekappraisals.com
Gusland Castek Appraisal Company	guslandcastekappraisal.com
Jennifer Hackbarth Appraisals	jenniferhackbarthappraisals.com
Jennifer Hackbarth Appraisals	jenniferhackbarthappraisal.com
Iowa Valuation Professionals	iowavaluationprofessionals.com
United Management & Valuation, Inc.	unitedmanagementandvaluation.com
Koestner & Associates DBA King Appraisals	koestnerandassociatesdbakingappraisals.com
Koestner & Associates DBA King Appraisals	koestnerandassociatesdbakingappraisal.com
Lois M. Hand-Miller	loismhandmiller.com
K.H. Appraisals	khappraisals.com
K.H. Appraisals	khappraisal.com
Prairie Home Appraisals	prairiehomeappraisals.com
Prairie Home Appraisals	prairiehomeappraisal.com
QC HOME APPRAISAL	qchomeappraisal.com
QC HOME APPRAISAL	qchomeappraisals.com
Midwest Home Values, Inc.	midwesthomevalues.com
Harness LLC	harness.com
Donaldson Appraisal Services	donaldsonappraisalservices.com
Donaldson Appraisal Services	donaldsonappraisalervices.com
Donaldson Appraisal Services	donaldsonappraisal.com
Hawker Appraisal Services, Inc.	hawkerappraisal.com
Hawker Appraisal Services, Inc.	hawkerappraisalervices.com
Hawker Appraisal Services, Inc.	hawkerappraisalservices.com
Blackbird Creek Appraisal Services	blackbirdcreekappraisalservices.com
Blackbird Creek Appraisal Services	blackbirdcreekappraisal.com
Blackbird Creek Appraisal Services	blackbirdcreekappraisalervices.com
Heinz Appraisal	heinzappraisal.com
Heinz Appraisal	heinzappraisals.com
Paulw Appraisal, LLC	paulwappraisal.com
Paulw Appraisal, LLC	paulwappraisals.com
Hess Appraisals	hessappraisals.com
Hess Appraisals	hessappraisal.com
Hill Appraisal Service	hillappraisal.com
Hill Appraisal Service	hillappraisalervice.com
Hill Appraisal Service	hillappraisalservice.com
MDH Appraisals	mdhappraisal.com
MDH Appraisals	mdhappraisals.com
Hinrichsen Appraisal LLC	hinrichsenappraisals.com
Hinrichsen Appraisal LLC	hinrichsenappraisal.com
Hobbs Valuation Services	hobbsvaluationservices.com
Hobbs Valuation Services	hobbsvaluation.com
MRS Appraisals	mrsappraisals.com
MRS Appraisals	mrsappraisal.com
Holcomb Appraisal Firm, Inc.	holcombappraisalfirm.com
Holcomb Appraisal Firm, Inc.	holcombappraisalsfirm.com
Holman Appraisal Services	holmanappraisal.com
Holman Appraisal Services	holmanappraisalservices.com
Holman Appraisal Services	holmanappraisalervices.com
Holthaus Appraisals	holthausappraisal.com
Holthaus Appraisals	holthausappraisals.com
Shawn Holtrop	shawnholtrop.com
Bradley Holtz	bradleyholtz.com
CDR Business Solutions	cdrbusinesssolutions.com
Houghton Home Appraisals	houghtonhomeappraisal.com
Houghton Home Appraisals	houghtonhomeappraisals.com
First Choice Appraisers	firstchoiceappraisers.com
Hoyt Appraisals	hoytappraisals.com
Hoyt Appraisals	hoytappraisal.com
Williams Appraisal, LLC	williamsappraisals.com
Williams Appraisal, LLC	williamsappraisal.com
Heartland Appraisals	heartlandappraisal.com
Heartland Appraisals	heartlandappraisals.com
Polk County Assessor's Office	polkcountyassessorsoffice.com
Ihns Appraisal Inc.	ihnsappraisals.com
Ihns Appraisal Inc.	ihnsappraisal.com
DataSource Appraisal & Title, Ltd	datasourceappraisalsandtitle.com
DataSource Appraisal & Title, Ltd	datasourceappraisalandtitle.com
Joe Jackson	joejackson.com
Jacobsen Home Valuation Services, LLC	jacobsenhomevaluation.com
Jacobsen Home Valuation Services, LLC	jacobsenhomevaluationservices.com
Jet Appraisal LLC	jetappraisal.com
Jet Appraisal LLC	jetappraisals.com
CC Appraisals	ccappraisal.com
CC Appraisals	ccappraisals.com
Jennifer Johnston	jenniferjohnston.com
R.E.A.L. Appraisal	realappraisals.com
R.E.A.L. Appraisal	realappraisal.com
Professional Appraisers Group	professionalappraisersgroup.com
Professional Appraisers Group	professionalappraisers.com
Ascend Valuation Services, LLC	ascendvaluation.com
Ascend Valuation Services, LLC	ascendvaluationservices.com
Carroll County Appraisal	carrollcountyappraisals.com
Carroll County Appraisal	carrollcountyappraisal.com
Size It Up LLC	sizeitup.com
Kesterson Real Estate Serv	kestersonrealestateserv.com
Kline Appraisal	klineappraisal.com
Kline Appraisal	klineappraisals.com
PAK Appraisal Service, LLC	pakappraisal.com
PAK Appraisal Service, LLC	pakappraisalservice.com
PAK Appraisal Service, LLC	pakappraisalervice.com
J.A. Knopf & Co	jaknopfand.com
Knudsen Appraisal Services	knudsenappraisal.com
Knudsen Appraisal Services	knudsenappraisalservices.com
Knudsen Appraisal Services	knudsenappraisalervices.com
Jaclyn Koeppen, Appraiser	jaclynkoeppenappraiser.com
Elite Appraisal Services LLC	eliteappraisal.com
Elite Appraisal Services LLC	eliteappraisalervices.com
Elite Appraisal Services LLC	eliteappraisalservices.com
Ranschau Appraisal, Inc.	ranschauappraisal.com
Ranschau Appraisal, Inc.	ranschauappraisals.com
Kramer Appraisal Service	kramerappraisalervice.com
Kramer Appraisal Service	kramerappraisalservice.com
Kramer Appraisal Service	kramerappraisal.com
Ash Appraisal	ashappraisal.com
Ash Appraisal	ashappraisals.com
Kee Appraisal LLC	keeappraisal.com
Kee Appraisal LLC	keeappraisals.com
Larson Appraisals, LC	larsonappraisalslc.com
Larson Appraisals, LC	larsonappraisallc.com
Vander Werff Appraisals	vanderwerffappraisal.com
Vander Werff Appraisals	vanderwerffappraisals.com
Kaitlin Liddiard	kaitlinliddiard.com
Certified Appraisal Solutions LLC	certifiedappraisalolutions.com
Certified Appraisal Solutions LLC	certifiedappraisalsolutions.com
Flatland Valuations	flatlandvaluations.com
LFL Enterprises, LLC	lflenterprises.com
Long Appraisal Services, Inc.	longappraisalervices.com
Long Appraisal Services, Inc.	longappraisalservices.com
Long Appraisal Services, Inc.	longappraisal.com
LONGSTAFF APPRAISALS	longstaffappraisal.com
LONGSTAFF APPRAISALS	longstaffappraisals.com
QC Home Appraisal	qchomeappraisal.com
QC Home Appraisal	qchomeappraisals.com
Luckenbill Appraisal Service LLC	luckenbillappraisalervice.com
Luckenbill Appraisal Service LLC	luckenbillappraisalservice.com
Luckenbill Appraisal Service LLC	luckenbillappraisal.com
Dubuque luksetich appraisal	dubuqueluksetichappraisal.com
Dubuque luksetich appraisal	dubuqueluksetichappraisals.com
LUNDY APPRAISAL SERVICES	lundyappraisalervices.com
LUNDY APPRAISAL SERVICES	lundyappraisal.com
LUNDY APPRAISAL SERVICES	lundyappraisalservices.com
Luscombe Appraisals	luscombeappraisal.com
Luscombe Appraisals	luscombeappraisals.com
Lux Appraisal Inc.	luxappraisals.com
Lux Appraisal Inc.	luxappraisal.com
Preferred Partners	preferredpartners.com
Frahm Appraisal Company	frahmappraisals.com
Frahm Appraisal Company	frahmappraisal.com
Mangelsen Appraisals, Inc	mangelsenappraisal.com
Mangelsen Appraisals, Inc	mangelsenappraisals.com
Mangler Appraisals	manglerappraisal.com
Mangler Appraisals	manglerappraisals.com
Michelle Marasco-Wetsel	michellemarascowetsel.com
Marlett Appraisal Services	marlettappraisalservices.com
Marlett Appraisal Services	marlettappraisalervices.com
Marlett Appraisal Services	marlettappraisal.com
Martin Appraisal Inc	martinappraisal.com
Martin Appraisal Inc	martinappraisals.com
Martindale & Associates LC	martindaleandassociateslc.com
Maske Appraisal LLC	maskeappraisal.com
Maske Appraisal LLC	maskeappraisals.com
Dallas County Assessor's Office	dallascountyassessorsoffice.com
Woodley Insurance and Real Estate	woodleyinsuranceandrealestate.com
Bergren Appraisal, Inc.	bergrenappraisals.com
Bergren Appraisal, Inc.	bergrenappraisal.com
Hill Real Estate	hillrealestate.com
Rally Appaisal, LLC	rallyappaisal.com
Martindale & Associates	martindaleandassociates.com
Martindale & Associates	martindaleand.com
McRae Appraisals, LLC.	mcraeappraisals.com
McRae Appraisals, LLC.	mcraeappraisal.com
McAdoo Appraisal Services	mcadooappraisal.com
McAdoo Appraisal Services	mcadooappraisalservices.com
McAdoo Appraisal Services	mcadooappraisalervices.com
McCarthy Appraisal	mccarthyappraisals.com
McCarthy Appraisal	mccarthyappraisal.com
Kesterson Realty and Appraisals	kestersonrealtyandappraisals.com
Kesterson Realty and Appraisals	kestersonrealtyandappraisal.com
McDowell Real Estate Services, LLC	mcdowellrealestate.com
McDowell Real Estate Services, LLC	mcdowellrealestateservices.com
True Footage	truefootage.com
Bergren Appraisal, Inc	bergrenappraisals.com
Bergren Appraisal, Inc	bergrenappraisal.com
Adams Appraisal Service	adamsappraisalservice.com
Adams Appraisal Service	adamsappraisal.com
Adams Appraisal Service	adamsappraisalervice.com
Sheila C. Middendorf	sheilacmiddendorf.com
Better Living Appraisal Services, LLC	betterlivingappraisalservices.com
Better Living Appraisal Services, LLC	betterlivingappraisal.com
Better Living Appraisal Services, LLC	betterlivingappraisalervices.com
Miller Appraisal	millerappraisals.com
Miller Appraisal	millerappraisal.com
Valuation Services	valuation.com
Valuation Services	valuationservices.com
Bill Royer Appraisals	billroyerappraisal.com
Bill Royer Appraisals	billroyerappraisals.com
Melissa Moore	melissamoore.com
Homesite Appraisals	homesiteappraisals.com
Homesite Appraisals	homesiteappraisal.com
Hatch Appraisals LLC	hatchappraisal.com
Hatch Appraisals LLC	hatchappraisals.com
Vander Werff & Associates	vanderwerffand.com
Vander Werff & Associates	vanderwerffandassociates.com
Neal Appraisal Service, Inc.	nealappraisalservice.com
Neal Appraisal Service, Inc.	nealappraisal.com
Neal Appraisal Service, Inc.	nealappraisalervice.com
Appraisals DSM, LLC	appraisalsdsm.com
Appraisals DSM, LLC	appraisaldsm.com
Natalie Nelson Appraisal	natalienelsonappraisal.com
Natalie Nelson Appraisal	natalienelsonappraisals.com
Neppl Appraisal Service	nepplappraisal.com
Neppl Appraisal Service	nepplappraisalervice.com
Neppl Appraisal Service	nepplappraisalservice.com
Provision Appraisals	provisionappraisal.com
Provision Appraisals	provisionappraisals.com
Carol A Newton	carolanewton.com
Jeff Niehaus Appraisals	jeffniehausappraisals.com
Jeff Niehaus Appraisals	jeffniehausappraisal.com
Clarkson Appraisal Services	clarksonappraisalervices.com
Clarkson Appraisal Services	clarksonappraisal.com
Clarkson Appraisal Services	clarksonappraisalservices.com
Karen OBerman	karenoberman.com
Lenz Appraisals	lenzappraisal.com
Lenz Appraisals	lenzappraisals.com
Ottoson Appraisal Services	ottosonappraisalervices.com
Ottoson Appraisal Services	ottosonappraisalservices.com
Ottoson Appraisal Services	ottosonappraisal.com
Professional Appraisers Group, Inc.	professionalappraisersgroup.com
Professional Appraisers Group, Inc.	professionalappraisers.com
Oyen Appraisal	oyenappraisal.com
Oyen Appraisal	oyenappraisals.com
Theodore G Panas	theodoregpanas.com
Des Moines Metro Appraisal Services	desmoinesmetroappraisalservices.com
Des Moines Metro Appraisal Services	desmoinesmetroappraisalervices.com
Des Moines Metro Appraisal Services	desmoinesmetroappraisal.com
Parker Appraisals, LLC	parkerappraisals.com
Parker Appraisals, LLC	parkerappraisal.com
Attig/Pedersen Management & Appraisals	attigpedersenmanagementandappraisal.com
Attig/Pedersen Management & Appraisals	attigpedersenmanagementandappraisals.com
Politz Appraisal Services	politzappraisalservices.com
Politz Appraisal Services	politzappraisal.com
Politz Appraisal Services	politzappraisalervices.com
Holcomb Appraisal Firm	holcombappraisalfirm.com
Holcomb Appraisal Firm	holcombappraisalsfirm.com
Trusted Value, LLC	trustedvalue.com
James Potter Appraisal& Consulting, LLC	jamespotterappraisalsandconsulting.com
James Potter Appraisal& Consulting, LLC	jamespotterappraisalandconsulting.com
Koestner & Assoicates	koestnerandassoicates.com
Craig Presnall	craigpresnall.com
DataSource Appraisal	datasourceappraisals.com
DataSource Appraisal	datasourceappraisal.com
Raisty Appraisals, Inc.	raistyappraisal.com
Raisty Appraisals, Inc.	raistyappraisals.com
ARCA Appraisal & Rannfeldt Appraisal	arcaappraisalandrannfeldtappraisal.com
ARCA Appraisal & Rannfeldt Appraisal	arcaappraisalsandrannfeldtappraisals.com
Ranschau Appraisal	ranschauappraisal.com
Ranschau Appraisal	ranschauappraisals.com
Reilly Appraisal Service	reillyappraisal.com
Reilly Appraisal Service	reillyappraisalservice.com
Reilly Appraisal Service	reillyappraisalervice.com
Remer Realty and Appraisal	remerrealtyandappraisals.com
Remer Realty and Appraisal	remerrealtyandappraisal.com
Remley Appraisal Service	remleyappraisal.com
Remley Appraisal Service	remleyappraisalservice.com
Remley Appraisal Service	remleyappraisalervice.com
Rentel Appraisal Services Inc.	rentelappraisalservices.com
Rentel Appraisal Services Inc.	rentelappraisalervices.com
Rentel Appraisal Services Inc.	rentelappraisal.com
Ressler Appraisals	resslerappraisals.com
Ressler Appraisals	resslerappraisal.com
Rev Economics	reveconomics.com
Reverts Appraisal Service, LLC	revertsappraisal.com
Reverts Appraisal Service, LLC	revertsappraisalservice.com
Reverts Appraisal Service, LLC	revertsappraisalervice.com
Sky Appraisals LLC	skyappraisals.com
Sky Appraisals LLC	skyappraisal.com
Skinner Appraisal Service	skinnerappraisalervice.com
Skinner Appraisal Service	skinnerappraisalservice.com
Skinner Appraisal Service	skinnerappraisal.com
Native Appraisal	nativeappraisal.com
Native Appraisal	nativeappraisals.com
Robb & Associates LLC	robband.com
Robb & Associates LLC	robbandassociates.com
BR Appraisals	brappraisal.com
BR Appraisals	brappraisals.com
Ruffcorn Appraisal Services	ruffcornappraisalervices.com
Ruffcorn Appraisal Services	ruffcornappraisalservices.com
Ruffcorn Appraisal Services	ruffcornappraisal.com
Kanne Realty/Carroll County Appraisal	kannerealtycarrollcountyappraisals.com
Kanne Realty/Carroll County Appraisal	kannerealtycarrollcountyappraisal.com
Sampson Appraisal Service Inc.	sampsonappraisal.com
Sampson Appraisal Service Inc.	sampsonappraisalservice.com
Sampson Appraisal Service Inc.	sampsonappraisalervice.com
McGee Appraisals, Inc	mcgeeappraisals.com
McGee Appraisals, Inc	mcgeeappraisal.com
Tristate Valuation and Consulting	tristatevaluationandconsulting.com
Schafer Appraisal LLC	schaferappraisals.com
Schafer Appraisal LLC	schaferappraisal.com
Denison Realty L.L.C.	denisonrealty.com
Appraisal Specialists of Iowa	appraisalspecialistsofiowa.com
Appraisal Specialists of Iowa	appraisalpecialistsofiowa.com
InScope Appraisals	inscopeappraisal.com
InScope Appraisals	inscopeappraisals.com
Central Iowa Appraisers, Inc	centraliowaappraisers.com
AAC - Bethany Sealine	aacbethanysealine.com
A1 Appraisals, Inc.	a1appraisals.com
A1 Appraisals, Inc.	a1appraisal.com
Shannon Appraisal Services, LLC	shannonappraisalervices.com
Shannon Appraisal Services, LLC	shannonappraisalservices.com
Shannon Appraisal Services, LLC	shannonappraisal.com
Skinner Appraisal	skinnerappraisals.com
Skinner Appraisal	skinnerappraisal.com
SKINNER APPRAISAL SERVICES	skinnerappraisalservices.com
SKINNER APPRAISAL SERVICES	skinnerappraisal.com
SKINNER APPRAISAL SERVICES	skinnerappraisalervices.com
Shannon Appraisal Services	shannonappraisalervices.com
Shannon Appraisal Services	shannonappraisalservices.com
Shannon Appraisal Services	shannonappraisal.com
Midwest Appraisal Associates	midwestappraisalassociates.com
Midwest Appraisal Associates	midwestappraisalsassociates.com
Midwest Appraisal Associates	midwestappraisal.com
X/R Appraiser	xrappraiser.com
360 VALUATION SOLUTIONS	360valuationsolutions.com
Spahn Appraisal	spahnappraisal.com
Spahn Appraisal	spahnappraisals.com
Baecke-Spranger Appraisers	baeckesprangerappraisers.com
Springer Appraisal Services	springerappraisal.com
Springer Appraisal Services	springerappraisalservices.com
Springer Appraisal Services	springerappraisalervices.com
Stafford Appraisal Co	staffordappraisal.com
Stafford Appraisal Co	staffordappraisals.com
Brookshire Appraisal	brookshireappraisals.com
Brookshire Appraisal	brookshireappraisal.com
Appraisal Pros, Inc.	appraisalspros.com
Appraisal Pros, Inc.	appraisalpros.com
Suburban Appraisals Inc.	suburbanappraisal.com
Suburban Appraisals Inc.	suburbanappraisals.com
Stelling Appraisals	stellingappraisals.com
Stelling Appraisals	stellingappraisal.com
Discover Appraisal Services	discoverappraisal.com
Discover Appraisal Services	discoverappraisalservices.com
Discover Appraisal Services	discoverappraisalervices.com
Swaim Appraisal Services, Inc	swaimappraisalervices.com
Swaim Appraisal Services, Inc	swaimappraisalservices.com
Swaim Appraisal Services, Inc	swaimappraisal.com
Swaim Appraisal Services	swaimappraisalervices.com
Swaim Appraisal Services	swaimappraisalservices.com
Swaim Appraisal Services	swaimappraisal.com
SwaimAppraisal Services, Inc	swaimappraisalervices.com
SwaimAppraisal Services, Inc	swaimappraisalservices.com
SwaimAppraisal Services, Inc	swaimappraisal.com
Optimum Appraisal	optimumappraisals.com
Optimum Appraisal	optimumappraisal.com
Maureen Sweeney, Real Estate Appraiser, Ltd	maureensweeneyrealestateappraiser.com
tauke appraisals	taukeappraisal.com
tauke appraisals	taukeappraisals.com
Bill Temple, SRA, AI-RRS, ASA	billtemplesraairrsasa.com
Better Living Appr	betterlivingappr.com
MT Appraisals, LLC	mtappraisals.com
MT Appraisals, LLC	mtappraisal.com
Tompkins Appraisal	tompkinsappraisal.com
Tompkins Appraisal	tompkinsappraisals.com
Jackson County Assessor Office	jacksoncountyassessoroffice.com
True Footage Inc.	truefootage.com
Teresa Turnis  Turnis Appraisal	teresaturnisturnisappraisal.com
Teresa Turnis  Turnis Appraisal	teresaturnisturnisappraisals.com
Elevate Appraisal, Inc	elevateappraisal.com
Elevate Appraisal, Inc	elevateappraisals.com
Valuation Risk Solutions	valuationrisksolutions.com
Good Faith Appraisals	goodfaithappraisals.com
Good Faith Appraisals	goodfaithappraisal.com
Vogt Appraisal, LLC dba Barvinek Appraisal Service	vogtappraisaldbabarvinekappraisal.com
Vogt Appraisal, LLC dba Barvinek Appraisal Service	vogtappraisaldbabarvinekappraisalervice.com
Vogt Appraisal, LLC dba Barvinek Appraisal Service	vogtappraisaldbabarvinekappraisalservice.com
Walters Appraisal & Consulting	waltersappraisalandconsulting.com
Walters Appraisal & Consulting	waltersappraisalsandconsulting.com
Courtcrest, Inc. dba Hoffman-Waters, Realtors	courtcrestdbahoffmanwatersrealtors.com
TrueMark Appraisals LLC	truemarkappraisal.com
TrueMark Appraisals LLC	truemarkappraisals.com
Holland Weber Appraisal	hollandweberappraisal.com
Holland Weber Appraisal	hollandweberappraisals.com
Vanguard Appraisals	vanguardappraisal.com
Vanguard Appraisals	vanguardappraisals.com
Sharon L. White Appraisal Services	sharonlwhiteappraisalervices.com
Sharon L. White Appraisal Services	sharonlwhiteappraisalservices.com
Sharon L. White Appraisal Services	sharonlwhiteappraisal.com
Wilder & Associates	wilderand.com
Wilder & Associates	wilderandassociates.com
M.R.S. Appraisals	mrsappraisals.com
M.R.S. Appraisals	mrsappraisal.com
Able Appraisal	ableappraisals.com
Able Appraisal	ableappraisal.com
Lake Country Valuations	lakecountryvaluations.com
Wohlenhaus Appraisal Service	wohlenhausappraisal.com
Wohlenhaus Appraisal Service	wohlenhausappraisalervice.com
Wohlenhaus Appraisal Service	wohlenhausappraisalservice.com
Wells Fargo Real Estate Valuation Servcies	wellsfargorealestatevaluationservcies.com
Caliber Appraisal Services Corp.	caliberappraisal.com
Caliber Appraisal Services Corp.	caliberappraisalservices.com
Caliber Appraisal Services Corp.	caliberappraisalervices.com
Zenk Real Estate Appraisals	zenkrealestateappraisals.com
Zenk Real Estate Appraisals	zenkrealestateappraisal.com
Eugene D Zenk Jr	eugenedzenkjr.com
First Security Appraisal	firstsecurityappraisals.com
First Security Appraisal	firstsecurityappraisal.com
Bi-State Appraisal Services	bistateappraisalervices.com
Bi-State Appraisal Services	bistateappraisalservices.com
Bi-State Appraisal Services	bistateappraisal.com
Burt County Bookkeeping & Tax, LLC dba Northeast Nebraska Appraisal	burtcountybookkeepingandtaxdbanortheastnebraskaappraisals.com
Peak Value Appraisals	peakvalueappraisal.com
Peak Value Appraisals	peakvalueappraisals.com
Gateway Real Estate services	gatewayrealestateservices.com
Gateway Real Estate services	gatewayrealestate.com
Ohio Valley Appraisal Service, Inc	ohiovalleyappraisalervice.com
Ohio Valley Appraisal Service, Inc	ohiovalleyappraisal.com
Ohio Valley Appraisal Service, Inc	ohiovalleyappraisalservice.com
Michael A Benjamin	michaelabenjamin.com
Robert E. Bitner	robertebitner.com
JCB Appraisals, Inc.	jcbappraisals.com
JCB Appraisals, Inc.	jcbappraisal.com
Canan Appraisal Company	cananappraisals.com
Canan Appraisal Company	cananappraisal.com
MBHR	mbhr.com
Bluegate Appraisal Services	bluegateappraisalservices.com
Bluegate Appraisal Services	bluegateappraisal.com
Bluegate Appraisal Services	bluegateappraisalervices.com
S. J. Clifford Appraisals	sjcliffordappraisal.com
S. J. Clifford Appraisals	sjcliffordappraisals.com
Cooper Appraisal Services	cooperappraisalservices.com
Cooper Appraisal Services	cooperappraisalervices.com
Cooper Appraisal Services	cooperappraisal.com
Heartland Appraisal Services LLC	heartlandappraisal.com
Heartland Appraisal Services LLC	heartlandappraisalservices.com
Heartland Appraisal Services LLC	heartlandappraisalervices.com
Tom Crane	tomcrane.com
Allen Croft	allencroft.com
Dotterman, Inc	dotterman.com
DOUGLAS E EDISON & ASSOCIATES INC	douglaseedisonandassociates.com
DOUGLAS E EDISON & ASSOCIATES INC	douglaseedisonand.com
Ellis & Associates Realtors/Appraisers Inc.	ellisandassociatesrealtorsappraisers.com
Reliant Appraisal Services	reliantappraisalervices.com
Reliant Appraisal Services	reliantappraisal.com
Reliant Appraisal Services	reliantappraisalservices.com
Staci Hendrickson	stacihendrickson.com
CBS Appraisals	cbsappraisal.com
CBS Appraisals	cbsappraisals.com
Drew Hoffman	drewhoffman.com
Steven D. Hughes	stevendhughes.com
Cardinal Appraisal Services, Inc.	cardinalappraisalservices.com
Cardinal Appraisal Services, Inc.	cardinalappraisalervices.com
Cardinal Appraisal Services, Inc.	cardinalappraisal.com
Matt Johnson	mattjohnson.com
Race Realty	racerealty.com
Jennifer Keefe	jenniferkeefe.com
Max L. Kemerer	maxlkemerer.com
Accurate Appraisals of Indiana, Inc	accurateappraisalsofindiana.com
Accurate Appraisals of Indiana, Inc	accurateappraisalofindiana.com
Active	active.com
Kenyon C Kopp	kenyonckopp.com
JK Real Estate LLC	jkrealestate.com
Ryan Laidig	ryanlaidig.com
Lee Appraisal Services, LLC	leeappraisal.com
Lee Appraisal Services, LLC	leeappraisalservices.com
Lee Appraisal Services, LLC	leeappraisalervices.com
Sharon LeVeque	sharonleveque.com
Deborah Lewellen	deborahlewellen.com
Indiana Appraisal Associates, Inc	indianaappraisalsassociates.com
Indiana Appraisal Associates, Inc	indianaappraisalassociates.com
Indiana Appraisal Associates, Inc	indianaappraisal.com
Mark Mazure	markmazure.com
Approved Appraisals of Indiana	approvedappraisalsofindiana.com
Approved Appraisals of Indiana	approvedappraisalofindiana.com
William G Meyer	williamgmeyer.com
Albert W Minniti Real Estate	albertwminnitirealestate.com
Charles Moewry	charlesmoewry.com
Moyer Appraisal Service, Inc.	moyerappraisal.com
Moyer Appraisal Service, Inc.	moyerappraisalervice.com
Moyer Appraisal Service, Inc.	moyerappraisalservice.com
Brian P Murphy	brianpmurphy.com
Nelson Appraisal Service	nelsonappraisalservice.com
Nelson Appraisal Service	nelsonappraisal.com
Nelson Appraisal Service	nelsonappraisalervice.com
South Madison Realty	southmadisonrealty.com
Avail Management Corp.	availmanagement.com
Joe Peery Company LLC	joepeery.com
Lundquist Appraisal	lundquistappraisals.com
Lundquist Appraisal	lundquistappraisal.com
Rinehart Realtors & Auctioneers, Inc.	rinehartrealtorsandauctioneers.com
PAUL RISNER	paulrisner.com
Rutsey & Co., Inc.	rutseyand.com
AppraisalCom	appraisalscom.com
AppraisalCom	appraisalcom.com
Scott A Sieman	scottasieman.com
Spence Appraisal & Realty LLC	spenceappraisalsandrealty.com
Spence Appraisal & Realty LLC	spenceappraisalandrealty.com
LightHouse Appraisals	lighthouseappraisal.com
LightHouse Appraisals	lighthouseappraisals.com
Meridian Appraisal, LLC	meridianappraisals.com
Meridian Appraisal, LLC	meridianappraisal.com
Appraisal Express, LLC	appraisalsexpress.com
Appraisal Express, LLC	appraisalexpress.com
Thomas Real Estate Services, Inc.	thomasrealestate.com
Thomas Real Estate Services, Inc.	thomasrealestateservices.com
Christopher W Wagoner	christopherwwagoner.com
Brian K. Walker	briankwalker.com
American Dream Realty & Appraisals	americandreamrealtyandappraisal.com
American Dream Realty & Appraisals	americandreamrealtyandappraisals.com
Wells & Associates	wellsand.com
Wells & Associates	wellsandassociates.com
Whitfield Appraisal	whitfieldappraisals.com
Whitfield Appraisal	whitfieldappraisal.com
Whitmer Appraisal, Inc	whitmerappraisal.com
Whitmer Appraisal, Inc	whitmerappraisals.com
Williams Realty & Management Company	williamsrealtyandmanagement.com
Abell Appraisal Services	abellappraisalervices.com
Abell Appraisal Services	abellappraisal.com
Abell Appraisal Services	abellappraisalservices.com
Acuff Appraisal Service	acuffappraisalservice.com
Acuff Appraisal Service	acuffappraisalervice.com
Acuff Appraisal Service	acuffappraisal.com
Brandi Adams-Adams Appraisals	brandiadamsadamsappraisals.com
Brandi Adams-Adams Appraisals	brandiadamsadamsappraisal.com
TnT Appraisals	tntappraisal.com
TnT Appraisals	tntappraisals.com
Akers Appraisal Service	akersappraisal.com
Akers Appraisal Service	akersappraisalservice.com
Akers Appraisal Service	akersappraisalervice.com
Allen Appraisals LLC	allenappraisals.com
Allen Appraisals LLC	allenappraisal.com
Residential Valuation Services LLC	residentialvaluation.com
Residential Valuation Services LLC	residentialvaluationservices.com
Andres Appraisal Services, LLC	andresappraisalervices.com
Andres Appraisal Services, LLC	andresappraisalservices.com
Andres Appraisal Services, LLC	andresappraisal.com
Anhouse Appraisal Services	anhouseappraisal.com
Anhouse Appraisal Services	anhouseappraisalservices.com
Anhouse Appraisal Services	anhouseappraisalervices.com
CEL ARM, LLC / dba Armstrong Appraisals	celarmdbaarmstrongappraisals.com
CEL ARM, LLC / dba Armstrong Appraisals	celarmdbaarmstrongappraisal.com
M&S Valuation Services, Inc.	mandsvaluation.com
M&S Valuation Services, Inc.	mandsvaluationservices.com
Herring Realty Advisors	herringrealtyadvisors.com
KMA Appraisals	kmaappraisals.com
KMA Appraisals	kmaappraisal.com
Bland Baird Co Inc.	blandbaird.com
Stambaugh Enterprises, Inc.	stambaughenterprises.com
R.D. Baker Appraisal Group, LLC	rdbakerappraisalsgroup.com
R.D. Baker Appraisal Group, LLC	rdbakerappraisal.com
R.D. Baker Appraisal Group, LLC	rdbakerappraisalgroup.com
Robert W. Baker Realty	robertwbakerrealty.com
Nolan Barger Appraisals	nolanbargerappraisal.com
Nolan Barger Appraisals	nolanbargerappraisals.com
Ohio Valley Appraisal Service, Inc.	ohiovalleyappraisalervice.com
Ohio Valley Appraisal Service, Inc.	ohiovalleyappraisal.com
Ohio Valley Appraisal Service, Inc.	ohiovalleyappraisalservice.com
Mary Bates Appraisal	marybatesappraisal.com
Mary Bates Appraisal	marybatesappraisals.com
Kimberly D. Bauer, Inc	kimberlydbauer.com
Janet Baumgartner	janetbaumgartner.com
Riverfront Appraisals, LLC	riverfrontappraisal.com
Riverfront Appraisals, LLC	riverfrontappraisals.com
Beck Appraisal Service	beckappraisal.com
Beck Appraisal Service	beckappraisalervice.com
Beck Appraisal Service	beckappraisalservice.com
Bedford Residential Appraisals	bedfordresidentialappraisals.com
Bedford Residential Appraisals	bedfordresidentialappraisal.com
Brunstetter Appraisals	brunstetterappraisals.com
Brunstetter Appraisals	brunstetterappraisal.com
Redd, Brown & Williams	reddbrownandwilliams.com
Linda Best Appraisal Service	lindabestappraisal.com
Linda Best Appraisal Service	lindabestappraisalervice.com
Linda Best Appraisal Service	lindabestappraisalservice.com
The Appraisal Source, LLC	theappraisalsource.com
The Appraisal Source, LLC	theappraisalource.com
ProLogic Appraisal of KY, Inc.	prologicappraisalofky.com
ProLogic Appraisal of KY, Inc.	prologicappraisalsofky.com
Bisceglia Appraisal Services	biscegliaappraisal.com
Bisceglia Appraisal Services	biscegliaappraisalservices.com
Bisceglia Appraisal Services	biscegliaappraisalervices.com
JP Blankenship Appraisal Co	jpblankenshipappraisal.com
JP Blankenship Appraisal Co	jpblankenshipappraisals.com
Blankenship Real Estate Services, LLC	blankenshiprealestate.com
Blankenship Real Estate Services, LLC	blankenshiprealestateservices.com
EJV Enterprises	ejventerprises.com
Brian Booth Appraisals	brianboothappraisal.com
Brian Booth Appraisals	brianboothappraisals.com
Farm Credit Mid-America	farmcreditmidamerica.com
Bramble & Associates Valuations	brambleandassociatesvaluations.com
Bramblett Appraisals	bramblettappraisals.com
Bramblett Appraisals	bramblettappraisal.com
Appraisal Connections	appraisalconnections.com
Appraisal Connections	appraisalsconnections.com
Appraisal Associates LLC	appraisalassociates.com
Appraisal Associates LLC	appraisal.com
Appraisal Associates LLC	appraisalsassociates.com
Cardinal Appraising LLC	cardinalappraising.com
Cardinal Appraisal Service LLC	cardinalappraisalservice.com
Cardinal Appraisal Service LLC	cardinalappraisalervice.com
Cardinal Appraisal Service LLC	cardinalappraisal.com
Branham Real Est. Appral.	branhamrealestappral.com
Snowden Appraisal Company	snowdenappraisal.com
Snowden Appraisal Company	snowdenappraisals.com
Scott A. Branscome Appraisals	scottabranscomeappraisals.com
Scott A. Branscome Appraisals	scottabranscomeappraisal.com
Nu-Vision Appraisals	nuvisionappraisal.com
Nu-Vision Appraisals	nuvisionappraisals.com
Breeding Appraisals and Consulting	breedingappraisalsandconsulting.com
Breeding Appraisals and Consulting	breedingappraisalandconsulting.com
Frank Brown Appraisal Co.	frankbrownappraisals.com
Frank Brown Appraisal Co.	frankbrownappraisal.com
Browning Appraisal	browningappraisals.com
Browning Appraisal	browningappraisal.com
Haley E Brueggemann	haleyebrueggemann.com
Brunstetter Appraisal	brunstetterappraisals.com
Brunstetter Appraisal	brunstetterappraisal.com
CMP Appraisal	cmpappraisal.com
CMP Appraisal	cmpappraisals.com
The B's Hive Properties LLC	thebshiveproperties.com
Appalachian Appraisals, Inc.	appalachianappraisals.com
Appalachian Appraisals, Inc.	appalachianappraisal.com
Jefferson Property Services Co	jeffersonpropertyservices.com
Jefferson Property Services Co	jeffersonproperty.com
R.Burnette Appraisals Inc	rburnetteappraisal.com
R.Burnette Appraisals Inc	rburnetteappraisals.com
Burrell's Appraisal Service LLC	burrellsappraisalservice.com
Burrell's Appraisal Service LLC	burrellsappraisalervice.com
Burrell's Appraisal Service LLC	burrellsappraisal.com
Kentucky Appraisal Team Ser.	kentuckyappraisalsteamser.com
Kentucky Appraisal Team Ser.	kentuckyappraisalteamser.com
Bush Realty	bushrealty.com
Buten Appraisal Service LLC	butenappraisalervice.com
Buten Appraisal Service LLC	butenappraisalservice.com
Buten Appraisal Service LLC	butenappraisal.com
Ben H. Campbell Realtor, Inc.	benhcampbellrealtor.com
Weber Appraisal Service	weberappraisalservice.com
Weber Appraisal Service	weberappraisal.com
Weber Appraisal Service	weberappraisalervice.com
Mills, Biggs, Haire & Reisert	millsbiggshaireandreisert.com
T-n-T Appraisal Services	tntappraisalservices.com
T-n-T Appraisal Services	tntappraisal.com
T-n-T Appraisal Services	tntappraisalervices.com
Appraisers in Kentucky LLC	appraisersinkentucky.com
Ryan Carter Appraisals LLC	ryancarterappraisals.com
Ryan Carter Appraisals LLC	ryancarterappraisal.com
Carter Appraisal Company	carterappraisal.com
Carter Appraisal Company	carterappraisals.com
Carter Appraisals, LLC	carterappraisal.com
Carter Appraisals, LLC	carterappraisals.com
Campbell & Chandler Appraisals, LLC	campbellandchandlerappraisals.com
Campbell & Chandler Appraisals, LLC	campbellandchandlerappraisal.com
Chapman Appraisal Service	chapmanappraisal.com
Chapman Appraisal Service	chapmanappraisalervice.com
Chapman Appraisal Service	chapmanappraisalservice.com
Bluegrass Heritage Appraisal Service	bluegrassheritageappraisal.com
Bluegrass Heritage Appraisal Service	bluegrassheritageappraisalervice.com
Bluegrass Heritage Appraisal Service	bluegrassheritageappraisalservice.com
Childers Appraisal Service LLC	childersappraisal.com
Childers Appraisal Service LLC	childersappraisalervice.com
Childers Appraisal Service LLC	childersappraisalservice.com
Childers Financial Services	childersfinancial.com
Childers Financial Services	childersfinancialservices.com
Pierce Appraisal Services	pierceappraisalservices.com
Pierce Appraisal Services	pierceappraisalervices.com
Pierce Appraisal Services	pierceappraisal.com
Alwest Appraisals, LLC	alwestappraisal.com
Alwest Appraisals, LLC	alwestappraisals.com
Bonnie Clark Appraisal Company	bonnieclarkappraisal.com
Bonnie Clark Appraisal Company	bonnieclarkappraisals.com
Fair Market Value, Inc.	fairmarketvalue.com
Claypool Appraisals LLC	claypoolappraisal.com
Claypool Appraisals LLC	claypoolappraisals.com
Appraisal Associates of Southern IN	appraisalsassociatesofsouthernin.com
Appraisal Associates of Southern IN	appraisalassociatesofsouthernin.com
Real Property Analysts	realpropertyanalysts.com
Direct Appraisals	directappraisal.com
Direct Appraisals	directappraisals.com
Deveau Appraisals LLC	deveauappraisals.com
Deveau Appraisals LLC	deveauappraisal.com
Coffman Appraisal Associates	coffmanappraisalassociates.com
Coffman Appraisal Associates	coffmanappraisal.com
Coffman Appraisal Associates	coffmanappraisalsassociates.com
Colliver Appraisal Service	colliverappraisalservice.com
Colliver Appraisal Service	colliverappraisal.com
Colliver Appraisal Service	colliverappraisalervice.com
Jason Combs Appraisals, Inc.	jasoncombsappraisal.com
Jason Combs Appraisals, Inc.	jasoncombsappraisals.com
Conlon Appraisal Company	conlonappraisal.com
Conlon Appraisal Company	conlonappraisals.com
Cooks appraisal service	cooksappraisalervice.com
Cooks appraisal service	cooksappraisalservice.com
Cooks appraisal service	cooksappraisal.com
Cooper Real Estate Solutions, LLC dba CRES	cooperrealestatesolutionsdbacres.com
Conner Cornett Appraisals	connercornettappraisals.com
Conner Cornett Appraisals	connercornettappraisal.com
KY Appraisals, Inc	kyappraisals.com
KY Appraisals, Inc	kyappraisal.com
Advantage Appraisals, LLC	advantageappraisals.com
Advantage Appraisals, LLC	advantageappraisal.com
Stanley J cottrell	stanleyjcottrell.com
Craft Appraisal Group	craftappraisalgroup.com
Craft Appraisal Group	craftappraisalsgroup.com
Craft Appraisal Group	craftappraisal.com
Murrell Burton Appraisals	murrellburtonappraisal.com
Murrell Burton Appraisals	murrellburtonappraisals.com
Sallie Davidson	salliedavidson.com
NKY Appraisal Services, Inc.	nkyappraisal.com
NKY Appraisal Services, Inc.	nkyappraisalservices.com
NKY Appraisal Services, Inc.	nkyappraisalervices.com
SMD Appraisals	smdappraisals.com
SMD Appraisals	smdappraisal.com
Redd, Brown & Williams Real Estate	reddbrownandwilliamsrealestate.com
George K. Demopulos, Appraiser	georgekdemopulosappraiser.com
Rapid Appraisals	rapidappraisal.com
Rapid Appraisals	rapidappraisals.com
DeVeau Appraisals, LLC	deveauappraisals.com
DeVeau Appraisals, LLC	deveauappraisal.com
The Dilts Group	thedilts.com
The Dilts Group	thediltsgroup.com
Doerr Appraisals, LLC	doerrappraisals.com
Doerr Appraisals, LLC	doerrappraisal.com
Ohio Certified Appraisal LLC	ohiocertifiedappraisal.com
Ohio Certified Appraisal LLC	ohiocertifiedappraisals.com
Donnelly Appraisals	donnellyappraisal.com
Donnelly Appraisals	donnellyappraisals.com
Avenue Appraisals, LLC	avenueappraisals.com
Avenue Appraisals, LLC	avenueappraisal.com
Victathon Appraisal Services	victathonappraisal.com
Victathon Appraisal Services	victathonappraisalervices.com
Victathon Appraisal Services	victathonappraisalservices.com
Dotterman, Inc.	dotterman.com
Driskell Appraisal Solutions	driskellappraisalolutions.com
Driskell Appraisal Solutions	driskellappraisalsolutions.com
Daniel Dunaway Appraisal Service	danieldunawayappraisalervice.com
Daniel Dunaway Appraisal Service	danieldunawayappraisal.com
Daniel Dunaway Appraisal Service	danieldunawayappraisalservice.com
West KY Appraisals, Inc.	westkyappraisal.com
West KY Appraisals, Inc.	westkyappraisals.com
Homeco Realty Inc	homecorealty.com
Kentucky Appraisal	kentuckyappraisal.com
Kentucky Appraisal	kentuckyappraisals.com
Baumgardner and Associates	baumgardnerandassociates.com
Baumgardner and Associates	baumgardnerand.com
Edelen Appraisals LLC	edelenappraisal.com
Edelen Appraisals LLC	edelenappraisals.com
Appraisals In KY	appraisalsinky.com
Appraisals In KY	appraisalinky.com
Woody's Appraisal Services, LLC	woodysappraisal.com
Woody's Appraisal Services, LLC	woodysappraisalservices.com
Woody's Appraisal Services, LLC	woodysappraisalervices.com
Edwards Appraisal	edwardsappraisals.com
Edwards Appraisal	edwardsappraisal.com
Eibel Appraisal Service	eibelappraisalservice.com
Eibel Appraisal Service	eibelappraisal.com
Eibel Appraisal Service	eibelappraisalervice.com
Elder Appraisal Service	elderappraisalervice.com
Elder Appraisal Service	elderappraisalservice.com
Elder Appraisal Service	elderappraisal.com
Ellis & Associates Realtors & Appraisers	ellisandassociatesrealtorsandappraisers.com
Emig Real Estate LLC	emigrealestate.com
English Appraisal Services	englishappraisalervices.com
English Appraisal Services	englishappraisalservices.com
English Appraisal Services	englishappraisal.com
English Appraisal Service, Inc.	englishappraisalervice.com
English Appraisal Service, Inc.	englishappraisal.com
English Appraisal Service, Inc.	englishappraisalservice.com
Self Employed	selfemployed.com
Apprais-It Inc.	appraisit.com
Lochner	lochner.com
Access Property Consulting, LLC	accesspropertyconsulting.com
Copperwood Realty Group, LLC	copperwoodrealty.com
Copperwood Realty Group, LLC	copperwoodrealtygroup.com
Riverview LLC	riverview.com
The Appraisal Source LLC	theappraisalsource.com
The Appraisal Source LLC	theappraisalource.com
Fister Management & Appraisals	fistermanagementandappraisals.com
Fister Management & Appraisals	fistermanagementandappraisal.com
Fitzsimmons Appraisal	fitzsimmonsappraisals.com
Fitzsimmons Appraisal	fitzsimmonsappraisal.com
Fleming Appraisal Service	flemingappraisal.com
Fleming Appraisal Service	flemingappraisalservice.com
Fleming Appraisal Service	flemingappraisalervice.com
Cheryl Ford Appraisal Service	cherylfordappraisal.com
Cheryl Ford Appraisal Service	cherylfordappraisalservice.com
Cheryl Ford Appraisal Service	cherylfordappraisalervice.com
Owen & Forshee, LLC	owenandforshee.com
Jessamine County PVA	jessaminecountypva.com
Appraisal Services of Western KY LLC	appraisalervicesofwesternky.com
Appraisal Services of Western KY LLC	appraisalservicesofwesternky.com
Town and Country Valuations	townandcountryvaluations.com
Fryer Appraisal Company	fryerappraisal.com
Fryer Appraisal Company	fryerappraisals.com
Fryman & Fryman Enterprises	frymanandfrymanenterprises.com
Schoepf & Associates, Inc	schoepfand.com
Schoepf & Associates, Inc	schoepfandassociates.com
Russ Gailor & Associates, Inc.	russgailorandassociates.com
Russ Gailor & Associates, Inc.	russgailorand.com
LANDMARK APPRAISAL & RELATED	landmarkappraisalsandrelated.com
LANDMARK APPRAISAL & RELATED	landmarkappraisalandrelated.com
Jennifer Galloway Appraisals	jennifergallowayappraisal.com
Jennifer Galloway Appraisals	jennifergallowayappraisals.com
Gammon Valuations	gammonvaluations.com
Farm Credit Mid America	farmcreditmidamerica.com
Trademark Appraisal Service	trademarkappraisalervice.com
Trademark Appraisal Service	trademarkappraisalservice.com
Trademark Appraisal Service	trademarkappraisal.com
J Garry Appraisals	jgarryappraisals.com
J Garry Appraisals	jgarryappraisal.com
Debbie Gentry Appraisal Company	debbiegentryappraisal.com
Debbie Gentry Appraisal Company	debbiegentryappraisals.com
Jim Martin & Associates	jimmartinand.com
Jim Martin & Associates	jimmartinandassociates.com
Kevin J. Bisceglia Appraisal Services	kevinjbiscegliaappraisalervices.com
Kevin J. Bisceglia Appraisal Services	kevinjbiscegliaappraisal.com
Kevin J. Bisceglia Appraisal Services	kevinjbiscegliaappraisalservices.com
The Appraisal Shop, LLC	theappraisalshop.com
The Appraisal Shop, LLC	theappraisalhop.com
Richard Ginn Appraisals	richardginnappraisal.com
Richard Ginn Appraisals	richardginnappraisals.com
Ben H. Campbell Appraisals	benhcampbellappraisals.com
Ben H. Campbell Appraisals	benhcampbellappraisal.com
Accurate Group	accurate.com
Accurate Group	accurategroup.com
C&A Appraisal Co., LLC	candaappraisals.com
C&A Appraisal Co., LLC	candaappraisal.com
Green Street Appraisal Services	greenstreetappraisalervices.com
Green Street Appraisal Services	greenstreetappraisalservices.com
Green Street Appraisal Services	greenstreetappraisal.com
Riverview Appraisals, LLC	riverviewappraisals.com
Riverview Appraisals, LLC	riverviewappraisal.com
Market Value Appraisal Srvs.	marketvalueappraisalsrvs.com
Market Value Appraisal Srvs.	marketvalueappraisalrvs.com
Billy Grey & Associates	billygreyandassociates.com
Billy Grey & Associates	billygreyand.com
Grimes Appraisal Services, LLC	grimesappraisal.com
Grimes Appraisal Services, LLC	grimesappraisalservices.com
Grimes Appraisal Services, LLC	grimesappraisalervices.com
Grimes Real Estate Services, LLC	grimesrealestateservices.com
Grimes Real Estate Services, LLC	grimesrealestate.com
True North Appraisals LLC	truenorthappraisal.com
True North Appraisals LLC	truenorthappraisals.com
Keystone Appraisals LLC	keystoneappraisal.com
Keystone Appraisals LLC	keystoneappraisals.com
Appraisal Consultation Group	appraisalsconsultationgroup.com
Appraisal Consultation Group	appraisalconsultation.com
Appraisal Consultation Group	appraisalconsultationgroup.com
Choice Appraisal Service	choiceappraisalservice.com
Choice Appraisal Service	choiceappraisal.com
Choice Appraisal Service	choiceappraisalervice.com
Sharon Hall Appraiser	sharonhallappraiser.com
Hallmark Appraisal, LLC	hallmarkappraisals.com
Hallmark Appraisal, LLC	hallmarkappraisal.com
Lakepointe Appraisal Service	lakepointeappraisalservice.com
Lakepointe Appraisal Service	lakepointeappraisalervice.com
Lakepointe Appraisal Service	lakepointeappraisal.com
CUMBERLAND APPRAISAL SERVICE	cumberlandappraisalervice.com
CUMBERLAND APPRAISAL SERVICE	cumberlandappraisal.com
CUMBERLAND APPRAISAL SERVICE	cumberlandappraisalservice.com
Kentucky Residential Appraisal	kentuckyresidentialappraisals.com
Kentucky Residential Appraisal	kentuckyresidentialappraisal.com
Hardesty Appraisals LLC	hardestyappraisals.com
Hardesty Appraisals LLC	hardestyappraisal.com
KH Appraisal Services, LLC	khappraisalervices.com
KH Appraisal Services, LLC	khappraisal.com
KH Appraisal Services, LLC	khappraisalservices.com
Appraisal Associates of Kentucky, LLC	appraisalsassociatesofkentucky.com
Appraisal Associates of Kentucky, LLC	appraisalassociatesofkentucky.com
Hasson Appraisals	hassonappraisals.com
Hasson Appraisals	hassonappraisal.com
Armstrong Appraisal Service	armstrongappraisalervice.com
Armstrong Appraisal Service	armstrongappraisalservice.com
Armstrong Appraisal Service	armstrongappraisal.com
Hawkins Realty Group	hawkinsrealty.com
Hawkins Realty Group	hawkinsrealtygroup.com
Carroll Hayden Appraisals	carrollhaydenappraisals.com
Carroll Hayden Appraisals	carrollhaydenappraisal.com
Keavin Hayden Appraisals	keavinhaydenappraisal.com
Keavin Hayden Appraisals	keavinhaydenappraisals.com
Hazelwood Appraisal Company	hazelwoodappraisal.com
Hazelwood Appraisal Company	hazelwoodappraisals.com
Hazzard Appraisal, LLC	hazzardappraisals.com
Hazzard Appraisal, LLC	hazzardappraisal.com
Veritas Appraisal Partners, LLC	veritasappraisalspartners.com
Veritas Appraisal Partners, LLC	veritasappraisalpartners.com
Lovern Appraisal Service	lovernappraisal.com
Lovern Appraisal Service	lovernappraisalservice.com
Lovern Appraisal Service	lovernappraisalervice.com
Creative Realty & Auction Co.	creativerealtyandauction.com
Western Kentucky Appraisals	westernkentuckyappraisal.com
Western Kentucky Appraisals	westernkentuckyappraisals.com
Western Kentucky Appraisals, LLC	westernkentuckyappraisal.com
Western Kentucky Appraisals, LLC	westernkentuckyappraisals.com
Miller & Associates Appraisal Service	millerandassociatesappraisalservice.com
Miller & Associates Appraisal Service	millerandassociatesappraisal.com
Miller & Associates Appraisal Service	millerandassociatesappraisalervice.com
Hensley Realty	hensleyrealty.com
Hicks Appraisal Services	hicksappraisalservices.com
Hicks Appraisal Services	hicksappraisal.com
Hicks Appraisal Services	hicksappraisalervices.com
Higdon Appraisal Service, Inc.	higdonappraisalservice.com
Higdon Appraisal Service, Inc.	higdonappraisal.com
Higdon Appraisal Service, Inc.	higdonappraisalervice.com
Dept of Housing and Urban Development Region IV	deptofhousingandurbandevelopmentregioniv.com
The Hockensmith Agency	thehockensmithagency.com
CKY Appraisals LLC	ckyappraisals.com
CKY Appraisals LLC	ckyappraisal.com
The Hoffner Group, Inc	thehoffnergroup.com
The Hoffner Group, Inc	thehoffner.com
Louisville Orthopedic Clinic	louisvilleorthopedicclinic.com
ACH Valuations, LLC	achvaluations.com
Dotterman Inc.	dotterman.com
Holley Appraisal Service , LLC	holleyappraisalservice.com
Holley Appraisal Service , LLC	holleyappraisalervice.com
Holley Appraisal Service , LLC	holleyappraisal.com
Brent Hollis Appraisal Service	brenthollisappraisal.com
Brent Hollis Appraisal Service	brenthollisappraisalservice.com
Brent Hollis Appraisal Service	brenthollisappraisalervice.com
Rocket Close	rocketclose.com
Davis Appraisals	davisappraisals.com
Davis Appraisals	davisappraisal.com
Glenda Hornback, Inc	glendahornback.com
Howard Appraisal Service	howardappraisal.com
Howard Appraisal Service	howardappraisalervice.com
Howard Appraisal Service	howardappraisalservice.com
R. H. Appraisal Service	rhappraisal.com
R. H. Appraisal Service	rhappraisalervice.com
R. H. Appraisal Service	rhappraisalservice.com
Marshall Company Appraisers	marshallappraisers.com
Huff, Meyer and Douglas Appraisal	huffmeyeranddouglasappraisal.com
Huff, Meyer and Douglas Appraisal	huffmeyeranddouglasappraisals.com
K.M. Hughes Appraisal Service	kmhughesappraisalservice.com
K.M. Hughes Appraisal Service	kmhughesappraisal.com
K.M. Hughes Appraisal Service	kmhughesappraisalervice.com
Austen Appraisal & Consulting Services	austenappraisalsandconsultingservices.com
Austen Appraisal & Consulting Services	austenappraisalandconsulting.com
Austen Appraisal & Consulting Services	austenappraisalandconsultingservices.com
812-802-9047	8128029047.com
Town & Country Appraisal Svs.	townandcountryappraisalsvs.com
Town & Country Appraisal Svs.	townandcountryappraisalvs.com
Town & Country Appr. Svs., Inc	townandcountryapprsvs.com
Redbud Appraisal	redbudappraisal.com
Redbud Appraisal	redbudappraisals.com
Hendy Appraisal Services	hendyappraisalervices.com
Hendy Appraisal Services	hendyappraisalservices.com
Hendy Appraisal Services	hendyappraisal.com
Janes Appraisal Service Inc.	janesappraisalservice.com
Janes Appraisal Service Inc.	janesappraisal.com
Janes Appraisal Service Inc.	janesappraisalervice.com
Absolute Lending Logistics, LLC	absolutelendinglogistics.com
Hockensmith Agency	hockensmithagency.com
Blaze Valley Corporation	blazevalley.com
East Central Kentucky Appraisal, LLC	eastcentralkentuckyappraisals.com
East Central Kentucky Appraisal, LLC	eastcentralkentuckyappraisal.com
Bluegrass Realty and Investments	bluegrassrealtyandinvestments.com
Regional Appraisal	regionalappraisal.com
Regional Appraisal	regionalappraisals.com
Regional Appraisal, LLC	regionalappraisal.com
Regional Appraisal, LLC	regionalappraisals.com
Carol Jones Appraisals	caroljonesappraisal.com
Carol Jones Appraisals	caroljonesappraisals.com
C. Jones Appraisal	cjonesappraisal.com
C. Jones Appraisal	cjonesappraisals.com
WISE CHOICE APPRAISAL SERVICE	wisechoiceappraisalervice.com
WISE CHOICE APPRAISAL SERVICE	wisechoiceappraisalservice.com
WISE CHOICE APPRAISAL SERVICE	wisechoiceappraisal.com
Big Sandy Realty	bigsandyrealty.com
Southern Kentucky Appraisal	southernkentuckyappraisals.com
Southern Kentucky Appraisal	southernkentuckyappraisal.com
Karsner Quality Appraisals	karsnerqualityappraisals.com
Karsner Quality Appraisals	karsnerqualityappraisal.com
THE APPRAISAL COMPANY	theappraisals.com
THE APPRAISAL COMPANY	theappraisal.com
Scott Kelly Appraisers, Inc.	scottkellyappraisers.com
Clayton Kennedy Appraisal LLC	claytonkennedyappraisals.com
Clayton Kennedy Appraisal LLC	claytonkennedyappraisal.com
Kessel Appraisal	kesselappraisal.com
Kessel Appraisal	kesselappraisals.com
Alex King Appraisals	alexkingappraisal.com
Alex King Appraisals	alexkingappraisals.com
Still Waters Real Estate	stillwatersrealestate.com
Dan Kiser	dankiser.com
Amerigroup Appraisals	amerigroupappraisal.com
Amerigroup Appraisals	amerigroupappraisals.com
JK Real Estate, LLC	jkrealestate.com
Krupa Appraisals	krupaappraisal.com
Krupa Appraisals	krupaappraisals.com
Kumar's Appraisal Inc.	kumarsappraisal.com
Kumar's Appraisal Inc.	kumarsappraisals.com
J & C Appraisal Service	jandcappraisal.com
J & C Appraisal Service	jandcappraisalervice.com
J & C Appraisal Service	jandcappraisalservice.com
Bruce Ladd Appraisals, LLC	bruceladdappraisal.com
Bruce Ladd Appraisals, LLC	bruceladdappraisals.com
Langford Appraisal Service, LLC	langfordappraisalservice.com
Langford Appraisal Service, LLC	langfordappraisal.com
Langford Appraisal Service, LLC	langfordappraisalervice.com
Lexington Appraisal Firm, LLC	lexingtonappraisalfirm.com
Lexington Appraisal Firm, LLC	lexingtonappraisalsfirm.com
Real Estate Resources, Inc.	realestateresources.com
RDL Enterprises, LLC	rdlenterprises.com
Whalen & Company	whalenand.com
L/Appraisals	lappraisals.com
L/Appraisals	lappraisal.com
Galloway Appraisal	gallowayappraisals.com
Galloway Appraisal	gallowayappraisal.com
C Roger Lewis Agency, Inc.	crogerlewisagency.com
Appalachian Appraisal	appalachianappraisals.com
Appalachian Appraisal	appalachianappraisal.com
12 County Appraisal Service	12countyappraisalervice.com
12 County Appraisal Service	12countyappraisal.com
12 County Appraisal Service	12countyappraisalservice.com
Access KY Appraisal Service, llc	accesskyappraisalervice.com
Access KY Appraisal Service, llc	accesskyappraisal.com
Access KY Appraisal Service, llc	accesskyappraisalservice.com
A  & J Appraisers, INC	aandjappraisers.com
Lutz Appraisal	lutzappraisals.com
Lutz Appraisal	lutzappraisal.com
Legal Appraisal Service	legalappraisalservice.com
Legal Appraisal Service	legalappraisal.com
Legal Appraisal Service	legalappraisalervice.com
Bluegrass Real Property Services LLC	bluegrassrealproperty.com
Bluegrass Real Property Services LLC	bluegrassrealpropertyservices.com
Maddox Appraisal Service, LLC	maddoxappraisalservice.com
Maddox Appraisal Service, LLC	maddoxappraisalervice.com
Maddox Appraisal Service, LLC	maddoxappraisal.com
Kentucky Appraisal Team Services, Inc.	kentuckyappraisalteam.com
Kentucky Appraisal Team Services, Inc.	kentuckyappraisalsteamservices.com
Kentucky Appraisal Team Services, Inc.	kentuckyappraisalteamservices.com
Bolinger Appraisal	bolingerappraisals.com
Bolinger Appraisal	bolingerappraisal.com
The Mardis Group	themardisgroup.com
The Mardis Group	themardis.com
Mardis & Associates	mardisand.com
Mardis & Associates	mardisandassociates.com
Moving With Mardis	movingwithmardis.com
Peter Margerum	petermargerum.com
Joseph F. Marks Appraiser	josephfmarksappraiser.com
Martin Appraisal Group	martinappraisal.com
Martin Appraisal Group	martinappraisalsgroup.com
Martin Appraisal Group	martinappraisalgroup.com
Trifecta Real Estate Services LLC	trifectarealestateservices.com
Trifecta Real Estate Services LLC	trifectarealestate.com
Mason's Appraisal Service	masonsappraisal.com
Mason's Appraisal Service	masonsappraisalservice.com
Mason's Appraisal Service	masonsappraisalervice.com
Mathes Appraisals LLC	mathesappraisal.com
Mathes Appraisals LLC	mathesappraisals.com
Mattmiller Appraisals	mattmillerappraisals.com
Mattmiller Appraisals	mattmillerappraisal.com
David May Appraisals	davidmayappraisals.com
David May Appraisals	davidmayappraisal.com
John May & Associates, Inc	johnmayandassociates.com
John May & Associates, Inc	johnmayand.com
John May & Associates	johnmayandassociates.com
John May & Associates	johnmayand.com
Mays Appraisal Service, LLC	maysappraisalservice.com
Mays Appraisal Service, LLC	maysappraisal.com
Mays Appraisal Service, LLC	maysappraisalervice.com
McCoomer Appraisals	mccoomerappraisals.com
McCoomer Appraisals	mccoomerappraisal.com
Professional Real Estate Appraisal Svcs.	professionalrealestateappraisalvcs.com
Professional Real Estate Appraisal Svcs.	professionalrealestateappraisalsvcs.com
McGlincy Appraisals, LLC	mcglincyappraisal.com
McGlincy Appraisals, LLC	mcglincyappraisals.com
Tom McKee	tommckee.com
Duncan & Associates	duncanand.com
Duncan & Associates	duncanandassociates.com
McWhorter Appraisal	mcwhorterappraisals.com
McWhorter Appraisal	mcwhorterappraisal.com
Choice Appraisal Services, LLC	choiceappraisalservices.com
Choice Appraisal Services, LLC	choiceappraisalervices.com
Choice Appraisal Services, LLC	choiceappraisal.com
Huff, Meyer & Douglas Appraisals, LLC	huffmeyeranddouglasappraisal.com
Huff, Meyer & Douglas Appraisals, LLC	huffmeyeranddouglasappraisals.com
Jessica Meyer	jessicameyer.com
Fennell Appraisal Service	fennellappraisalervice.com
Fennell Appraisal Service	fennellappraisalservice.com
Fennell Appraisal Service	fennellappraisal.com
Scott Michals Appraisal Services	scottmichalsappraisal.com
Scott Michals Appraisal Services	scottmichalsappraisalervices.com
Scott Michals Appraisal Services	scottmichalsappraisalservices.com
Miller & Associates	millerandassociates.com
Miller & Associates	millerand.com
Miller Appraisal & Realty, Inc.	millerappraisalandrealty.com
Miller Appraisal & Realty, Inc.	millerappraisalsandrealty.com
Mike Miller Appraisals	mikemillerappraisals.com
Mike Miller Appraisals	mikemillerappraisal.com
Mills Appraisal Company	millsappraisals.com
Mills Appraisal Company	millsappraisal.com
dba Mary Minko Appraisals	dbamaryminkoappraisals.com
dba Mary Minko Appraisals	dbamaryminkoappraisal.com
Monroe Appraisal Services	monroeappraisalervices.com
Monroe Appraisal Services	monroeappraisalservices.com
Monroe Appraisal Services	monroeappraisal.com
Leslie Moore & Associates	lesliemooreandassociates.com
Leslie Moore & Associates	lesliemooreand.com
Morgan Appraisal Service	morganappraisalservice.com
Morgan Appraisal Service	morganappraisal.com
Morgan Appraisal Service	morganappraisalervice.com
Mosher Appraisal Service	mosherappraisalservice.com
Mosher Appraisal Service	mosherappraisalervice.com
Mosher Appraisal Service	mosherappraisal.com
N. S. Mullins Appraisals, LLC	nsmullinsappraisals.com
N. S. Mullins Appraisals, LLC	nsmullinsappraisal.com
Kentucky Appraisals	kentuckyappraisal.com
Kentucky Appraisals	kentuckyappraisals.com
Joe Murphy Appraisals	joemurphyappraisal.com
Joe Murphy Appraisals	joemurphyappraisals.com
Murphy Appraisals	murphyappraisal.com
Murphy Appraisals	murphyappraisals.com
Watson Appraisal Services, Inc	watsonappraisalervices.com
Watson Appraisal Services, Inc	watsonappraisal.com
Watson Appraisal Services, Inc	watsonappraisalservices.com
Neal Appraisals	nealappraisals.com
Neal Appraisals	nealappraisal.com
NHB Appraisal Services	nhbappraisalservices.com
NHB Appraisal Services	nhbappraisal.com
NHB Appraisal Services	nhbappraisalervices.com
Lexington Appraisal Firm	lexingtonappraisalfirm.com
Lexington Appraisal Firm	lexingtonappraisalsfirm.com
Debra Nicholson	debranicholson.com
The Appraisal Station, LLC	theappraisalstation.com
The Appraisal Station, LLC	theappraisaltation.com
Kentucky Appraisal Team Services	kentuckyappraisalteam.com
Kentucky Appraisal Team Services	kentuckyappraisalsteamservices.com
Kentucky Appraisal Team Services	kentuckyappraisalteamservices.com
Mary Lee Norfleet appraisals	maryleenorfleetappraisals.com
Mary Lee Norfleet appraisals	maryleenorfleetappraisal.com
Onan Appraisals	onanappraisal.com
Onan Appraisals	onanappraisals.com
Deana O'Neal Real Estate & Appraising, LLC	deanaonealrealestateandappraising.com
Royalty Appraisals	royaltyappraisals.com
Royalty Appraisals	royaltyappraisal.com
Atlas Appraisal Company, LLC.	atlasappraisals.com
Atlas Appraisal Company, LLC.	atlasappraisal.com
AMP Appraisals, LLC	ampappraisals.com
AMP Appraisals, LLC	ampappraisal.com
MSC Appraising LLC	mscappraising.com
Parrish Real Estate Services Inc	parrishrealestateservices.com
Parrish Real Estate Services Inc	parrishrealestate.com
Parrish Appraisal Services, LLC	parrishappraisal.com
Parrish Appraisal Services, LLC	parrishappraisalervices.com
Parrish Appraisal Services, LLC	parrishappraisalservices.com
Andrew Parsley and Associates	andrewparsleyandassociates.com
Andrew Parsley and Associates	andrewparsleyand.com
Veritas Appraisal Partners	veritasappraisalspartners.com
Veritas Appraisal Partners	veritasappraisalpartners.com
Union Savings Bank	unionsavingsbank.com
Pendley Appraisal Services	pendleyappraisalservices.com
Pendley Appraisal Services	pendleyappraisalervices.com
Pendley Appraisal Services	pendleyappraisal.com
Donald Perry Appraisal Services, LLC	donaldperryappraisalservices.com
Donald Perry Appraisal Services, LLC	donaldperryappraisal.com
Donald Perry Appraisal Services, LLC	donaldperryappraisalervices.com
Egis BLN USA Inc.	egisblnusa.com
Burkeen Appraisals	burkeenappraisal.com
Burkeen Appraisals	burkeenappraisals.com
Andrew Parsley & Associates	andrewparsleyandassociates.com
Andrew Parsley & Associates	andrewparsleyand.com
Southern Kentucky Appraisals, LLC	southernkentuckyappraisal.com
Southern Kentucky Appraisals, LLC	southernkentuckyappraisals.com
Pierce Appraisal Services, LLC	pierceappraisalservices.com
Pierce Appraisal Services, LLC	pierceappraisalervices.com
Pierce Appraisal Services, LLC	pierceappraisal.com
KLP Enterprises, LLC	klpenterprises.com
Accurate Appraisal Services	accurateappraisal.com
Accurate Appraisal Services	accurateappraisalservices.com
Accurate Appraisal Services	accurateappraisalervices.com
Poff Appraisal Services, LLC. & Green River Appraisal Services	poffappraisalervicesandgreenriverappraisalervices.com
Green River Appraisal Service	greenriverappraisalservice.com
Green River Appraisal Service	greenriverappraisalervice.com
Green River Appraisal Service	greenriverappraisal.com
LeMaster Appraising	lemasterappraising.com
Pritchard Appraisal Service, Inc.	pritchardappraisalervice.com
Pritchard Appraisal Service, Inc.	pritchardappraisal.com
Pritchard Appraisal Service, Inc.	pritchardappraisalservice.com
Purcell Appraisal Service	purcellappraisalservice.com
Purcell Appraisal Service	purcellappraisalervice.com
Purcell Appraisal Service	purcellappraisal.com
Quiggins Appraisal Services	quigginsappraisalervices.com
Quiggins Appraisal Services	quigginsappraisalservices.com
Quiggins Appraisal Services	quigginsappraisal.com
Next Day Appraisal	nextdayappraisals.com
Next Day Appraisal	nextdayappraisal.com
HRE Advisors	hreadvisors.com
Ken Rase & Company LLC	kenraseand.com
Austen Appraisal & Consulting Services, LLC	austenappraisalsandconsultingservices.com
Austen Appraisal & Consulting Services, LLC	austenappraisalandconsulting.com
Austen Appraisal & Consulting Services, LLC	austenappraisalandconsultingservices.com
APPRAISAL SERVICES, INC.	appraisal.com
APPRAISAL SERVICES, INC.	appraisalservices.com
APPRAISAL SERVICES, INC.	appraisalervices.com
R. L. Osborne Realty	rlosbornerealty.com
Rejent Appraisal Services	rejentappraisal.com
Rejent Appraisal Services	rejentappraisalservices.com
Rejent Appraisal Services	rejentappraisalervices.com
Renfro Appraisal Service	renfroappraisal.com
Renfro Appraisal Service	renfroappraisalervice.com
Renfro Appraisal Service	renfroappraisalservice.com
Express Appraisals, Inc.	expressappraisal.com
Express Appraisals, Inc.	expressappraisals.com
Mark A Roberts Real Estate Services, LLC	markarobertsrealestateservices.com
Mark A Roberts Real Estate Services, LLC	markarobertsrealestate.com
Estes and Roberts Appraisal Service	estesandrobertsappraisal.com
Estes and Roberts Appraisal Service	estesandrobertsappraisalservice.com
Estes and Roberts Appraisal Service	estesandrobertsappraisalervice.com
Karen M. Robertson	karenmrobertson.com
ANN C. ROBINSON APPRAISALS	anncrobinsonappraisal.com
ANN C. ROBINSON APPRAISALS	anncrobinsonappraisals.com
PS Robinson Realty and Appraisal	psrobinsonrealtyandappraisals.com
PS Robinson Realty and Appraisal	psrobinsonrealtyandappraisal.com
Robinson Appraisal Service	robinsonappraisal.com
Robinson Appraisal Service	robinsonappraisalervice.com
Robinson Appraisal Service	robinsonappraisalservice.com
ARROWAPPRAISALS LLC	arrowappraisals.com
ARROWAPPRAISALS LLC	arrowappraisal.com
Accurately Appraised, LLC	accuratelyappraised.com
Comprehensive Valuation Services	comprehensivevaluation.com
Comprehensive Valuation Services	comprehensivevaluationservices.com
Roger Ross	rogerross.com
Cochran-Rousey Realty	cochranrouseyrealty.com
Roush Appraisals Inc	roushappraisals.com
Roush Appraisals Inc	roushappraisal.com
Rueve Appraisal	rueveappraisal.com
Rueve Appraisal	rueveappraisals.com
Rush Real Estate, LLC	rushrealestate.com
The ABF Group, LLC	theabfgroup.com
The ABF Group, LLC	theabf.com
Mathew's Appraisal Corp.	mathewsappraisals.com
Mathew's Appraisal Corp.	mathewsappraisal.com
Lenders Appraisal Service	lendersappraisal.com
Lenders Appraisal Service	lendersappraisalervice.com
Lenders Appraisal Service	lendersappraisalservice.com
Kenneth Saylor Appraisals	kennethsaylorappraisal.com
Kenneth Saylor Appraisals	kennethsaylorappraisals.com
Schneider & Associates	schneiderand.com
Schneider & Associates	schneiderandassociates.com
B & K APPRAISAL SERVICE	bandkappraisalervice.com
B & K APPRAISAL SERVICE	bandkappraisal.com
B & K APPRAISAL SERVICE	bandkappraisalservice.com
A One Appraisal Service	aoneappraisal.com
A One Appraisal Service	aoneappraisalervice.com
A One Appraisal Service	aoneappraisalservice.com
Seifner Appraisal	seifnerappraisal.com
Seifner Appraisal	seifnerappraisals.com
Jane C Shallcross	janecshallcross.com
Volunteer Appraisals	volunteerappraisals.com
Volunteer Appraisals	volunteerappraisal.com
Shepard Appraisal Services, LLC	shepardappraisalervices.com
Shepard Appraisal Services, LLC	shepardappraisalservices.com
Shepard Appraisal Services, LLC	shepardappraisal.com
Sherrard Appraisal Services	sherrardappraisalervices.com
Sherrard Appraisal Services	sherrardappraisal.com
Sherrard Appraisal Services	sherrardappraisalservices.com
Kentuckiana Appraisals, Inc.	kentuckianaappraisal.com
Kentuckiana Appraisals, Inc.	kentuckianaappraisals.com
A1-Appraisal LLC	a1appraisals.com
A1-Appraisal LLC	a1appraisal.com
Shipp Appraisal Services, INC	shippappraisal.com
Shipp Appraisal Services, INC	shippappraisalervices.com
Shipp Appraisal Services, INC	shippappraisalservices.com
Shuck Appraisal Company	shuckappraisal.com
Shuck Appraisal Company	shuckappraisals.com
RTS Appraisals	rtsappraisals.com
RTS Appraisals	rtsappraisal.com
Sill Appraisals	sillappraisal.com
Sill Appraisals	sillappraisals.com
Sandy Sinclair Real Estate	sandysinclairrealestate.com
MJ Appraisal Service	mjappraisalservice.com
MJ Appraisal Service	mjappraisalervice.com
MJ Appraisal Service	mjappraisal.com
Singleton Appraisal Group LLC	singletonappraisalgroup.com
Singleton Appraisal Group LLC	singletonappraisalsgroup.com
Singleton Appraisal Group LLC	singletonappraisal.com
Old National Bank	oldnationalbank.com
Sizemore Appraisal	sizemoreappraisal.com
Sizemore Appraisal	sizemoreappraisals.com
Jack Skees Appraisal Service	jackskeesappraisal.com
Jack Skees Appraisal Service	jackskeesappraisalervice.com
Jack Skees Appraisal Service	jackskeesappraisalservice.com
Skelley Appraisals LLC	skelleyappraisals.com
Skelley Appraisals LLC	skelleyappraisal.com
Action Appraisals LLC	actionappraisals.com
Action Appraisals LLC	actionappraisal.com
Edge Appraisal Services	edgeappraisal.com
Edge Appraisal Services	edgeappraisalservices.com
Edge Appraisal Services	edgeappraisalervices.com
Hackney Appraisal Service	hackneyappraisalervice.com
Hackney Appraisal Service	hackneyappraisalservice.com
Hackney Appraisal Service	hackneyappraisal.com
Express Appraisal Services	expressappraisalservices.com
Express Appraisal Services	expressappraisal.com
Express Appraisal Services	expressappraisalervices.com
Solidifi Inc	solidifi.com
Welcome Home Properties, LLC	welcomehomeproperties.com
Sparks Appraisals	sparksappraisals.com
Sparks Appraisals	sparksappraisal.com
Allstate Appraisal	allstateappraisal.com
Allstate Appraisal	allstateappraisals.com
Jeffrey Spears	jeffreyspears.com
Spencer Appraisal, Inc.	spencerappraisal.com
Spencer Appraisal, Inc.	spencerappraisals.com
Spitz Appraising	spitzappraising.com
Staed Appraisal Service	staedappraisal.com
Staed Appraisal Service	staedappraisalservice.com
Staed Appraisal Service	staedappraisalervice.com
Stahl Appraisal Services, Inc.	stahlappraisalservices.com
Stahl Appraisal Services, Inc.	stahlappraisalervices.com
Stahl Appraisal Services, Inc.	stahlappraisal.com
Branic Appraisal Services	branicappraisalservices.com
Branic Appraisal Services	branicappraisal.com
Branic Appraisal Services	branicappraisalervices.com
Deborah J. Stephens	deborahjstephens.com
Stephens Realty Company	stephensrealty.com
Adams Real Estate Services LLC	adamsrealestate.com
Adams Real Estate Services LLC	adamsrealestateservices.com
Professional Appraisal Service	professionalappraisal.com
Professional Appraisal Service	professionalappraisalervice.com
Professional Appraisal Service	professionalappraisalservice.com
True Footage Appraisals	truefootageappraisals.com
True Footage Appraisals	truefootageappraisal.com
Stockton Appraisal Group	stocktonappraisal.com
Stockton Appraisal Group	stocktonappraisalsgroup.com
Stockton Appraisal Group	stocktonappraisalgroup.com
Brown-Stone Appraisals	brownstoneappraisals.com
Brown-Stone Appraisals	brownstoneappraisal.com
Vickie Stone	vickiestone.com
Eric W Stoner Appraisals	ericwstonerappraisals.com
Eric W Stoner Appraisals	ericwstonerappraisal.com
Cumberland Appraisal Service	cumberlandappraisalervice.com
Cumberland Appraisal Service	cumberlandappraisal.com
Cumberland Appraisal Service	cumberlandappraisalservice.com
Stuard Appraisals LLC	stuardappraisal.com
Stuard Appraisals LLC	stuardappraisals.com
Studler and Associates, Inc.	studlerandassociates.com
Studler and Associates, Inc.	studlerand.com
Studler & Associates, Inc.	studlerandassociates.com
Studler & Associates, Inc.	studlerand.com
Surrett Appraisal Service, LLC	surrettappraisalervice.com
Surrett Appraisal Service, LLC	surrettappraisal.com
Surrett Appraisal Service, LLC	surrettappraisalservice.com
Cheryl L Swanson	cheryllswanson.com
Sweeney Appraisals	sweeneyappraisals.com
Sweeney Appraisals	sweeneyappraisal.com
Landmark Research Group	landmarkresearch.com
Landmark Research Group	landmarkresearchgroup.com
Taylor-Made Appraisals	taylormadeappraisal.com
Taylor-Made Appraisals	taylormadeappraisals.com
All Pro Appraisals	allproappraisal.com
All Pro Appraisals	allproappraisals.com
12 County Appraisal Services	12countyappraisalservices.com
12 County Appraisal Services	12countyappraisalervices.com
12 County Appraisal Services	12countyappraisal.com
Brent Hollis Appraisal	brenthollisappraisal.com
Brent Hollis Appraisal	brenthollisappraisals.com
Tidwell Appraisals	tidwellappraisal.com
Tidwell Appraisals	tidwellappraisals.com
Toler Appraisal Service	tolerappraisalservice.com
Toler Appraisal Service	tolerappraisal.com
Toler Appraisal Service	tolerappraisalervice.com
Carol Trice LLC	caroltrice.com
The Trimble Company, Inc.	thetrimble.com
Residential Appraisal Group	residentialappraisalsgroup.com
Residential Appraisal Group	residentialappraisal.com
Residential Appraisal Group	residentialappraisalgroup.com
Vance Appraisals	vanceappraisals.com
Vance Appraisals	vanceappraisal.com
LMV Appraisals LLC	lmvappraisal.com
LMV Appraisals LLC	lmvappraisals.com
Virgo Appraisals	virgoappraisal.com
Virgo Appraisals	virgoappraisals.com
Key Appraisal LLC	keyappraisals.com
Key Appraisal LLC	keyappraisal.com
CHARLOTTE M WALFORD	charlottemwalford.com
WALKER APPRAISALS LLC	walkerappraisals.com
WALKER APPRAISALS LLC	walkerappraisal.com
Appraisal Associates, LLC	appraisalassociates.com
Appraisal Associates, LLC	appraisal.com
Appraisal Associates, LLC	appraisalsassociates.com
Walsh Appraisals	walshappraisals.com
Walsh Appraisals	walshappraisal.com
Walsh Appraisals, Inc.	walshappraisals.com
Walsh Appraisals, Inc.	walshappraisal.com
Broadway Appraisal Services, Inc.	broadwayappraisalservices.com
Broadway Appraisal Services, Inc.	broadwayappraisal.com
Broadway Appraisal Services, Inc.	broadwayappraisalervices.com
Finance of America Commercial	financeofamericacommercial.com
Professional Appraisal Group	professionalappraisalsgroup.com
Professional Appraisal Group	professionalappraisalgroup.com
Professional Appraisal Group	professionalappraisal.com
Toby Ward Appraisals	tobywardappraisal.com
Toby Ward Appraisals	tobywardappraisals.com
Warden & Associates	wardenandassociates.com
Warden & Associates	wardenand.com
Watson Appraisals, LLC	watsonappraisal.com
Watson Appraisals, LLC	watsonappraisals.com
Watson Appraisal Services, Inc.	watsonappraisalervices.com
Watson Appraisal Services, Inc.	watsonappraisal.com
Watson Appraisal Services, Inc.	watsonappraisalservices.com
The Webb Group Real Estate Ser	thewebbgrouprealestateser.com
Weber Appraisal Service, Inc.	weberappraisalservice.com
Weber Appraisal Service, Inc.	weberappraisal.com
Weber Appraisal Service, Inc.	weberappraisalervice.com
Ralph Wellman Real Estate Appraisals and Auctions LLC	ralphwellmanrealestateappraisalandauctions.com
West Real Estate	westrealestate.com
The Mountain Real Estate Co.	themountainrealestate.com
Clear Choice Appraisal	clearchoiceappraisals.com
Clear Choice Appraisal	clearchoiceappraisal.com
Faith Appraisal Service	faithappraisal.com
Faith Appraisal Service	faithappraisalervice.com
Faith Appraisal Service	faithappraisalservice.com
WILLHITE APPRAISAL COMPANY	willhiteappraisals.com
WILLHITE APPRAISAL COMPANY	willhiteappraisal.com
Williams Appraisal Service	williamsappraisalservice.com
Williams Appraisal Service	williamsappraisalervice.com
Williams Appraisal Service	williamsappraisal.com
Williams Appraisal Co Inc	williamsappraisals.com
Williams Appraisal Co Inc	williamsappraisal.com
Pam Williams Appraisal, LLC	pamwilliamsappraisals.com
Pam Williams Appraisal, LLC	pamwilliamsappraisal.com
Tammie L Williams	tammielwilliams.com
Empire Real Estate	empirerealestate.com
Wilson Appraisal Services	wilsonappraisal.com
Wilson Appraisal Services	wilsonappraisalervices.com
Wilson Appraisal Services	wilsonappraisalservices.com
John Wilson Properties, Inc.	johnwilsonproperties.com
Lawrence Wilson Appraising	lawrencewilsonappraising.com
Woltermann Appraisal & R.E.Ser	woltermannappraisalsandreser.com
Woltermann Appraisal & R.E.Ser	woltermannappraisalandreser.com
Woodlee Appraisal Service	woodleeappraisalervice.com
Woodlee Appraisal Service	woodleeappraisalservice.com
Woodlee Appraisal Service	woodleeappraisal.com
Mark C. Woodruff Appraisals, LLC	markcwoodruffappraisal.com
Mark C. Woodruff Appraisals, LLC	markcwoodruffappraisals.com
Wyatt Appraisals, LLC	wyattappraisals.com
Wyatt Appraisals, LLC	wyattappraisal.com
Synergy Associates	synergyassociates.com
Synergy Associates	synergy.com
Racer Appraisals	racerappraisal.com
Racer Appraisals	racerappraisals.com
Harris Young Appraisals	harrisyoungappraisals.com
Harris Young Appraisals	harrisyoungappraisal.com
PNC Bank	pncbank.com
American Real Estate Consultants, Inc.	americanrealestateconsultants.com
Zink Appraisal Services, Inc.	zinkappraisalservices.com
Zink Appraisal Services, Inc.	zinkappraisal.com
Zink Appraisal Services, Inc.	zinkappraisalervices.com
Valutrust Solutions LLC	valutrustsolutions.com
Pendo Management, LLC	pendomanagement.com
Saint Louis Appraisal Partners, Limited Partnership	saintlouisappraisalspartnerslimitedpartnership.com
Pinnacle Appraisal Management Company LLC	pinnacleappraisalmanagement.com
Pinnacle Appraisal Management Company LLC	pinnacleappraisalsmanagement.com
Arivs, LLC	arivs.com
Terra-Val Inc	terraval.com
AMC Encore, LLC	amcencore.com
JENKINS REALTY AND APPRAISAL	jenkinsrealtyandappraisals.com
JENKINS REALTY AND APPRAISAL	jenkinsrealtyandappraisal.com
De Soto Appraisals, LLC	desotoappraisals.com
De Soto Appraisals, LLC	desotoappraisal.com
BANCORP SOUTH	bancorpsouth.com
VALUATION MANAGEMENT GROUP LLC	valuationmanagementgroup.com
VALUATION MANAGEMENT GROUP LLC	valuationmanagement.com
AGER APPRAISAL LLC	agerappraisals.com
AGER APPRAISAL LLC	agerappraisal.com
IA APPRAISAL	iaappraisal.com
IA APPRAISAL	iaappraisals.com
YELLOWSTONE APPRAISAL COMPANY, INC	yellowstoneappraisal.com
YELLOWSTONE APPRAISAL COMPANY, INC	yellowstoneappraisals.com
BERGER APPRAISAL SERVICE INC	bergerappraisalservice.com
BERGER APPRAISAL SERVICE INC	bergerappraisal.com
BERGER APPRAISAL SERVICE INC	bergerappraisalervice.com
BISHOP APPRAISAL SERVICE	bishopappraisalservice.com
BISHOP APPRAISAL SERVICE	bishopappraisal.com
BISHOP APPRAISAL SERVICE	bishopappraisalervice.com
SIDDERS APPRAISALS INC.	siddersappraisals.com
SIDDERS APPRAISALS INC.	siddersappraisal.com
MARQUETT BREWSTER	marquettbrewster.com
BROCKIE APPRAISAL COMPANY	brockieappraisals.com
BROCKIE APPRAISAL COMPANY	brockieappraisal.com
BROWN APPRAISAL SERVICE	brownappraisalervice.com
BROWN APPRAISAL SERVICE	brownappraisalservice.com
BROWN APPRAISAL SERVICE	brownappraisal.com
BURGESS APPRAISALS, INC.	burgessappraisal.com
BURGESS APPRAISALS, INC.	burgessappraisals.com
STREAMLINE APPRAISALS, LLC	streamlineappraisal.com
STREAMLINE APPRAISALS, LLC	streamlineappraisals.com
Home Team Appraisal	hometeamappraisal.com
Home Team Appraisal	hometeamappraisals.com
BANK OF AMERICA	bankofamerica.com
LINDA CHEERS	lindacheers.com
ROCKY MOUNTAIN APPRAISALS	rockymountainappraisal.com
ROCKY MOUNTAIN APPRAISALS	rockymountainappraisals.com
AJC APPRAISAL SERVICES INC.	ajcappraisal.com
AJC APPRAISAL SERVICES INC.	ajcappraisalservices.com
AJC APPRAISAL SERVICES INC.	ajcappraisalervices.com
CREIGHTON APPRAISAL	creightonappraisals.com
CREIGHTON APPRAISAL	creightonappraisal.com
APPRAISAL WEST, INC.	appraisalswest.com
APPRAISAL WEST, INC.	appraisalwest.com
APPRAISIFY	appraisify.com
SELKIRK VALUATIONS LLC	selkirkvaluations.com
WHITEFISH APPRAISAL	whitefishappraisals.com
WHITEFISH APPRAISAL	whitefishappraisal.com
GRIZZLY APPRAISING, INC.	grizzlyappraising.com
ROCKET	rocket.com
GRAHAM APPRAISALS LLC	grahamappraisals.com
GRAHAM APPRAISALS LLC	grahamappraisal.com
FOREVER HOME APPRAISAL	foreverhomeappraisal.com
FOREVER HOME APPRAISAL	foreverhomeappraisals.com
HANSON APPRAISALS	hansonappraisals.com
HANSON APPRAISALS	hansonappraisal.com
FREDERICK CAPITAL, LLC	frederickcapital.com
FLATHEAD VALUATION INC	flatheadvaluation.com
NORTH STAR APPRAISAL SERVICES	northstarappraisal.com
NORTH STAR APPRAISAL SERVICES	northstarappraisalservices.com
NORTH STAR APPRAISAL SERVICES	northstarappraisalervices.com
HOGAN APPRAISAL, L.L.C.	hoganappraisal.com
HOGAN APPRAISAL, L.L.C.	hoganappraisals.com
GATEWAY APPRAISALS	gatewayappraisals.com
GATEWAY APPRAISALS	gatewayappraisal.com
MY ASSOCIATES, INC.	myassociates.com
ASI APPRAISAL INC	asiappraisal.com
ASI APPRAISAL INC	asiappraisals.com
JOHNSON APPRAISING, LLC	johnsonappraising.com
NW MONTANA APPRAISALS, INC.	nwmontanaappraisal.com
NW MONTANA APPRAISALS, INC.	nwmontanaappraisals.com
SAPPHIRE APPRAISAL INC	sapphireappraisals.com
SAPPHIRE APPRAISAL INC	sapphireappraisal.com
JORGENSON NORTHWEST, INC.	jorgensonnorthwest.com
KEHL APPRAISAL GROUP, LLC	kehlappraisalgroup.com
KEHL APPRAISAL GROUP, LLC	kehlappraisalsgroup.com
KEHL APPRAISAL GROUP, LLC	kehlappraisal.com
KRUPAR ASSET SERVICES, LLC	kruparasset.com
KRUPAR ASSET SERVICES, LLC	kruparassetservices.com
JOURNEY NORTH APPRAISALS	journeynorthappraisals.com
JOURNEY NORTH APPRAISALS	journeynorthappraisal.com
406 APPRAISALS	406appraisals.com
406 APPRAISALS	406appraisal.com
LUND APPRAISING, INC.	lundappraising.com
APPRAISAL PRECISION LLC	appraisalprecision.com
APPRAISAL PRECISION LLC	appraisalsprecision.com
LARAMIE PEAK APPRAISALS, LLC	laramiepeakappraisal.com
LARAMIE PEAK APPRAISALS, LLC	laramiepeakappraisals.com
RESIDENTIAL APPRAISAL SERVICE OF MONTANA, LLC	residentialappraisalserviceofmontana.com
RESIDENTIAL APPRAISAL SERVICE OF MONTANA, LLC	residentialappraisalerviceofmontana.com
MILKOVICH KAMP APPRAISAL	milkovichkampappraisals.com
MILKOVICH KAMP APPRAISAL	milkovichkampappraisal.com
30 A APPRAISAL GROUP INC	30aappraisal.com
30 A APPRAISAL GROUP INC	30aappraisalsgroup.com
30 A APPRAISAL GROUP INC	30aappraisalgroup.com
MULLEN REALTY LLC	mullenrealty.com
OUTLOOK APPRAISAL	outlookappraisal.com
OUTLOOK APPRAISAL	outlookappraisals.com
NEARY APPRAISAL SERVICE	nearyappraisal.com
NEARY APPRAISAL SERVICE	nearyappraisalervice.com
NEARY APPRAISAL SERVICE	nearyappraisalservice.com
BLACKTAIL APPRAISAL SERVICE, LLC	blacktailappraisalservice.com
BLACKTAIL APPRAISAL SERVICE, LLC	blacktailappraisalervice.com
BLACKTAIL APPRAISAL SERVICE, LLC	blacktailappraisal.com
WILD OUT WEST APPRAISALS	wildoutwestappraisal.com
WILD OUT WEST APPRAISALS	wildoutwestappraisals.com
ACES APPRAISALS	acesappraisals.com
ACES APPRAISALS	acesappraisal.com
CAP APPRAISALS	capappraisals.com
CAP APPRAISALS	capappraisal.com
CHARLIE PORTER APPRAISING	charlieporterappraising.com
QUIEN APPRAISAL	quienappraisal.com
QUIEN APPRAISAL	quienappraisals.com
GOLDEN TRIANGLE APPRAISAL, LLC	goldentriangleappraisal.com
GOLDEN TRIANGLE APPRAISAL, LLC	goldentriangleappraisals.com
APPRAISAL & PROPERTY INC	appraisalandproperty.com
APPRAISAL & PROPERTY INC	appraisalsandproperty.com
LR REAL ESTATE APPRAISALS	lrrealestateappraisals.com
LR REAL ESTATE APPRAISALS	lrrealestateappraisal.com
MONTANA VALULYTICS, LLC	montanavalulytics.com
SLEEPING GIANT APPRAISAL SERVICE, LLC	sleepinggiantappraisalervice.com
SLEEPING GIANT APPRAISAL SERVICE, LLC	sleepinggiantappraisalservice.com
SLEEPING GIANT APPRAISAL SERVICE, LLC	sleepinggiantappraisal.com
COMSTOCK RUMBLE PROPERTIES	comstockrumbleproperties.com
COLONIAL APPRAISING LLC	colonialappraising.com
DSF APPRAISAL AND MANAGEMENT INC	dsfappraisalandmanagement.com
DSF APPRAISAL AND MANAGEMENT INC	dsfappraisalsandmanagement.com
SCHAU APPRAISALS, INC.	schauappraisals.com
SCHAU APPRAISALS, INC.	schauappraisal.com
TAMARACK VALUATIONS	tamarackvaluations.com
MT RESIDENTIAL APPRAISALS	mtresidentialappraisals.com
MT RESIDENTIAL APPRAISALS	mtresidentialappraisal.com
WYSTLE APPRAISALS, LLC	wystleappraisals.com
WYSTLE APPRAISALS, LLC	wystleappraisal.com
ACTION APPRAISALS	actionappraisals.com
ACTION APPRAISALS	actionappraisal.com
SMITH REAL ESTATE APPRAISAL	smithrealestateappraisals.com
SMITH REAL ESTATE APPRAISAL	smithrealestateappraisal.com
CERTIFIED REAL ESTATE APPRAISER	certifiedrealestateappraiser.com
ASPEN APPRAISALS	aspenappraisals.com
ASPEN APPRAISALS	aspenappraisal.com
SQUIRE APPRAISALS, INC.	squireappraisal.com
SQUIRE APPRAISALS, INC.	squireappraisals.com
MOORE APPRAISAL FIRM	mooreappraisalsfirm.com
MOORE APPRAISAL FIRM	mooreappraisalfirm.com
MOUNTAIN FRONT APPRAISAL SERVICES	mountainfrontappraisalservices.com
MOUNTAIN FRONT APPRAISAL SERVICES	mountainfrontappraisalervices.com
MOUNTAIN FRONT APPRAISAL SERVICES	mountainfrontappraisal.com
John Wagner Appraisal Svcs PLLC	johnwagnerappraisalsvcs.com
John Wagner Appraisal Svcs PLLC	johnwagnerappraisalvcs.com
GOLDEN TRIANGLE APPRAISAL	goldentriangleappraisal.com
GOLDEN TRIANGLE APPRAISAL	goldentriangleappraisals.com
WILLIAMS APPRAISAL AND REAL ESTATE CO	williamsappraisalandrealestate.com
WILLIAMS APPRAISAL AND REAL ESTATE CO	williamsappraisalsandrealestate.com
ABDOW APPRAISALS	abdowappraisals.com
ABDOW APPRAISALS	abdowappraisal.com
JOSEPH T ABRON APPRAISAL SVC	josephtabronappraisalsvc.com
JOSEPH T ABRON APPRAISAL SVC	josephtabronappraisalvc.com
ABRON APPRAISALS	abronappraisals.com
ABRON APPRAISALS	abronappraisal.com
ABA APPRAISAL COMPANY INC	abaappraisal.com
ABA APPRAISAL COMPANY INC	abaappraisals.com
ADAMS & ASSOCIATES APPRAISERS, INC.	adamsandassociatesappraisers.com
ADAMS APPRAISALS INC	adamsappraisals.com
ADAMS APPRAISALS INC	adamsappraisal.com
PERRY APPRAISALS INC.	perryappraisal.com
PERRY APPRAISALS INC.	perryappraisals.com
ALEXANDER APPRAISAL SERVICES	alexanderappraisalservices.com
ALEXANDER APPRAISAL SERVICES	alexanderappraisal.com
ALEXANDER APPRAISAL SERVICES	alexanderappraisalervices.com
ALFORD & ASSOC, INC.	alfordandassoc.com
COASTAL CAROLINA APPRAISALS, LLC	coastalcarolinaappraisal.com
COASTAL CAROLINA APPRAISALS, LLC	coastalcarolinaappraisals.com
ALLEN APPRAISAL SERVICES	allenappraisalervices.com
ALLEN APPRAISAL SERVICES	allenappraisal.com
ALLEN APPRAISAL SERVICES	allenappraisalservices.com
STRICKLAND ASSOCIATES INC	strickland.com
STRICKLAND ASSOCIATES INC	stricklandassociates.com
FIREFLY APPRAISALS	fireflyappraisal.com
FIREFLY APPRAISALS	fireflyappraisals.com
LEDROC ENTERPRISES, LLC	ledrocenterprises.com
ALLISON APPRAISALS, INC	allisonappraisals.com
ALLISON APPRAISALS, INC	allisonappraisal.com
ALLRED APPRAISAL SERVICE	allredappraisalservice.com
ALLRED APPRAISAL SERVICE	allredappraisal.com
ALLRED APPRAISAL SERVICE	allredappraisalervice.com
J P ALMOND INC	jpalmond.com
E-Z APPRAISAL SERVICES, INC.	ezappraisal.com
E-Z APPRAISAL SERVICES, INC.	ezappraisalservices.com
E-Z APPRAISAL SERVICES, INC.	ezappraisalervices.com
OAK CITY APPRAISAL GROUP, LLC	oakcityappraisalsgroup.com
OAK CITY APPRAISAL GROUP, LLC	oakcityappraisalgroup.com
OAK CITY APPRAISAL GROUP, LLC	oakcityappraisal.com
AMATO APPRAISAL	amatoappraisal.com
AMATO APPRAISAL	amatoappraisals.com
EASTERN APPRAISAL COMPANY	easternappraisal.com
EASTERN APPRAISAL COMPANY	easternappraisals.com
REDSTONE VALUATION, LLC	redstonevaluation.com
PAUL E FINNEN AND ASSOCIATES	paulefinnenandassociates.com
PAUL E FINNEN AND ASSOCIATES	paulefinnenand.com
S.P.A. REAL ESTATE	sparealestate.com
ANTHONY APPRAISALS	anthonyappraisals.com
ANTHONY APPRAISALS	anthonyappraisal.com
JA APPRAISAL	jaappraisals.com
JA APPRAISAL	jaappraisal.com
WHICHARD APPRAISAL	whichardappraisals.com
WHICHARD APPRAISAL	whichardappraisal.com
CAPITAL EAST APPRAISAL GROUP	capitaleastappraisalgroup.com
CAPITAL EAST APPRAISAL GROUP	capitaleastappraisalsgroup.com
CAPITAL EAST APPRAISAL GROUP	capitaleastappraisal.com
FOOTHILLS RESIDENTIAL APPRAISALS, LLC	foothillsresidentialappraisals.com
FOOTHILLS RESIDENTIAL APPRAISALS, LLC	foothillsresidentialappraisal.com
ATWATER APPRAISALS	atwaterappraisals.com
ATWATER APPRAISALS	atwaterappraisal.com
ABSOLUTE APPRAISAL GROUP	absoluteappraisal.com
ABSOLUTE APPRAISAL GROUP	absoluteappraisalgroup.com
ABSOLUTE APPRAISAL GROUP	absoluteappraisalsgroup.com
APPRAISAL SOURCE	appraisalource.com
APPRAISAL SOURCE	appraisalsource.com
AUSTIN APPRAISALS, LLC	austinappraisal.com
AUSTIN APPRAISALS, LLC	austinappraisals.com
PARAMOUNT APPRAISERS	paramountappraisers.com
THOMAS E. AVANTS APPRAISALS	thomaseavantsappraisals.com
THOMAS E. AVANTS APPRAISALS	thomaseavantsappraisal.com
AVENT-PERMENTER GROUP	aventpermentergroup.com
AVENT-PERMENTER GROUP	aventpermenter.com
AVERY APPRAISAL ASSOC	averyappraisalsassoc.com
AVERY APPRAISAL ASSOC	averyappraisalassoc.com
MB AYDLETT & ASSOCIATES	mbaydlettand.com
MB AYDLETT & ASSOCIATES	mbaydlettandassociates.com
CERTIFIED REAL ESTATE APPRAISERS, LLC	certifiedrealestateappraisers.com
CAROLINA APPRAISAL SOLUTIONS	carolinaappraisalolutions.com
CAROLINA APPRAISAL SOLUTIONS	carolinaappraisalsolutions.com
RICHARD L BAGBY	richardlbagby.com
BAILEY REAL ESTATE ADVISORS, LLC	baileyrealestateadvisors.com
BAIRD APPRAISAL SERVICES	bairdappraisal.com
BAIRD APPRAISAL SERVICES	bairdappraisalservices.com
BAIRD APPRAISAL SERVICES	bairdappraisalervices.com
B BAKER APPRAISALS INC	bbakerappraisals.com
B BAKER APPRAISALS INC	bbakerappraisal.com
WILL SMITH APPRAISAL SERVICES LLC	willsmithappraisalservices.com
WILL SMITH APPRAISAL SERVICES LLC	willsmithappraisalervices.com
WILL SMITH APPRAISAL SERVICES LLC	willsmithappraisal.com
CHRIS BASLER APPRAISALS INC	chrisbaslerappraisals.com
CHRIS BASLER APPRAISALS INC	chrisbaslerappraisal.com
CAROLINA APPRAISAL SERVICES	carolinaappraisalservices.com
CAROLINA APPRAISAL SERVICES	carolinaappraisalervices.com
CAROLINA APPRAISAL SERVICES	carolinaappraisal.com
VILLA GROUP, INC.	villagroup.com
VILLA GROUP, INC.	villa.com
HILL BARBOUR ENTERPRISES, INC	hillbarbourenterprises.com
APPRAISAL ASSOCIATES	appraisalassociates.com
APPRAISAL ASSOCIATES	appraisal.com
APPRAISAL ASSOCIATES	appraisalsassociates.com
APPRAISAL ASSOCIATES INC	appraisalassociates.com
APPRAISAL ASSOCIATES INC	appraisal.com
APPRAISAL ASSOCIATES INC	appraisalsassociates.com
BARKER APPRAISAL GROUP LLC	barkerappraisalsgroup.com
BARKER APPRAISAL GROUP LLC	barkerappraisal.com
BARKER APPRAISAL GROUP LLC	barkerappraisalgroup.com
THE APPRAISAL ADVANTAGE	theappraisaladvantage.com
THE APPRAISAL ADVANTAGE	theappraisalsadvantage.com
BARNES REAL ESTATE SERVICE	barnesrealestateservice.com
BARNES REAL ESTATE SERVICE	barnesrealestate.com
BARNES REAL ESTATE SERVICES	barnesrealestate.com
BARNES REAL ESTATE SERVICES	barnesrealestateservices.com
BERNABE & BARNETT APPRAISALS LLC	bernabeandbarnettappraisal.com
BERNABE & BARNETT APPRAISALS LLC	bernabeandbarnettappraisals.com
BARRINEAU APPRAISAL SERVICE	barrineauappraisalervice.com
BARRINEAU APPRAISAL SERVICE	barrineauappraisalservice.com
BARRINEAU APPRAISAL SERVICE	barrineauappraisal.com
BARRINGER APPRAISALS	barringerappraisal.com
BARRINGER APPRAISALS	barringerappraisals.com
PROFESSIONAL APPRAISAL SERVICE	professionalappraisal.com
PROFESSIONAL APPRAISAL SERVICE	professionalappraisalervice.com
PROFESSIONAL APPRAISAL SERVICE	professionalappraisalservice.com
TAB APPRAISAL SERVICE	tabappraisal.com
TAB APPRAISAL SERVICE	tabappraisalervice.com
TAB APPRAISAL SERVICE	tabappraisalservice.com
LAKEVIEW APPRAISALS	lakeviewappraisals.com
LAKEVIEW APPRAISALS	lakeviewappraisal.com
THE CR APPRAISAL FIRM	thecrappraisalfirm.com
THE CR APPRAISAL FIRM	thecrappraisalsfirm.com
CLOSSON & CO INC	clossonand.com
BATTS APPRAISAL & REALTY	battsappraisalandrealty.com
BATTS APPRAISAL & REALTY	battsappraisalsandrealty.com
ATLANTIC APPRAISAL ASSOCIATES, INC.	atlanticappraisal.com
ATLANTIC APPRAISAL ASSOCIATES, INC.	atlanticappraisalsassociates.com
ATLANTIC APPRAISAL ASSOCIATES, INC.	atlanticappraisalassociates.com
ANNE BAUM APPRAISAL SERVICE	annebaumappraisalservice.com
ANNE BAUM APPRAISAL SERVICE	annebaumappraisalervice.com
ANNE BAUM APPRAISAL SERVICE	annebaumappraisal.com
GUILFORD COUNTY TAX DEPARTMENT	guilfordcountytaxdepartment.com
BEARS APPRAISALS INC.	bearsappraisal.com
BEARS APPRAISALS INC.	bearsappraisals.com
SMITH & SON APPRAISALS	smithandsonappraisals.com
SMITH & SON APPRAISALS	smithandsonappraisal.com
RIGHT COAST APPRAISERS, LLC	rightcoastappraisers.com
APPRAISALS BY MICHEL	appraisalsbymichel.com
APPRAISALS BY MICHEL	appraisalbymichel.com
ROYAL APPRAISAL SERVICE	royalappraisalservice.com
ROYAL APPRAISAL SERVICE	royalappraisalervice.com
ROYAL APPRAISAL SERVICE	royalappraisal.com
HOLLAND APPRAISAL SERVICES	hollandappraisalervices.com
HOLLAND APPRAISAL SERVICES	hollandappraisalservices.com
HOLLAND APPRAISAL SERVICES	hollandappraisal.com
BEHAN & BENEDICT APPRAISERS	behanandbenedictappraisers.com
MCINNIS APPRAISALS, INC.	mcinnisappraisal.com
MCINNIS APPRAISALS, INC.	mcinnisappraisals.com
VENA BELCHER APPRAISER LLC	venabelcherappraiser.com
ROANOKE ISLAND APPRAISAL SERVICES, LLC	roanokeislandappraisal.com
ROANOKE ISLAND APPRAISAL SERVICES, LLC	roanokeislandappraisalervices.com
ROANOKE ISLAND APPRAISAL SERVICES, LLC	roanokeislandappraisalservices.com
ROBERT J BELL & ASSOC	robertjbellandassoc.com
DB APPRAISALS, INC.	dbappraisals.com
DB APPRAISALS, INC.	dbappraisal.com
CAROLINA HOME SERVICES LLC	carolinahomeservices.com
CAROLINA HOME SERVICES LLC	carolinahome.com
LAKESIDE APPRAISALS	lakesideappraisal.com
LAKESIDE APPRAISALS	lakesideappraisals.com
BERKO APPRAISAL SERVICE, LLC	berkoappraisalservice.com
BERKO APPRAISAL SERVICE, LLC	berkoappraisalervice.com
BERKO APPRAISAL SERVICE, LLC	berkoappraisal.com
JAMES BERNABE	jamesbernabe.com
BERNARD VALUATION SERVICES, INC	bernardvaluationservices.com
BERNARD VALUATION SERVICES, INC	bernardvaluation.com
REALTY VALUATION GROUP, INC.	realtyvaluationgroup.com
REALTY VALUATION GROUP, INC.	realtyvaluation.com
BERRY APPRAISALS	berryappraisals.com
BERRY APPRAISALS	berryappraisal.com
BETTENCOURT APPRAISAL SERVICE	bettencourtappraisalervice.com
BETTENCOURT APPRAISAL SERVICE	bettencourtappraisal.com
BETTENCOURT APPRAISAL SERVICE	bettencourtappraisalservice.com
FIRST ADVANTAGE REALTY & APPRAISALS INC	firstadvantagerealtyandappraisal.com
FIRST ADVANTAGE REALTY & APPRAISALS INC	firstadvantagerealtyandappraisals.com
BLACKBURN REAL ESTATE	blackburnrealestate.com
JSB & PLB ENTERPRISES INC	jsbandplbenterprises.com
JAMES POWELL APPRAISALS,LLC	jamespowellappraisalllc.com
JAMES POWELL APPRAISALS,LLC	jamespowellappraisalsllc.com
SIGNATURE APPRAISALS	signatureappraisal.com
SIGNATURE APPRAISALS	signatureappraisals.com
BLAIR APPRAISAL SERVICE INC	blairappraisalervice.com
BLAIR APPRAISAL SERVICE INC	blairappraisalservice.com
BLAIR APPRAISAL SERVICE INC	blairappraisal.com
BLANKENSHIP PROPERTY SERVICES, LLC	blankenshipproperty.com
BLANKENSHIP PROPERTY SERVICES, LLC	blankenshippropertyservices.com
JAMES BLANTON APPRAISALS	jamesblantonappraisals.com
JAMES BLANTON APPRAISALS	jamesblantonappraisal.com
JOHN W. BLANTON	johnwblanton.com
JG BLOUNT & ASSOCIATES	jgblountand.com
JG BLOUNT & ASSOCIATES	jgblountandassociates.com
APPRAISAL INNOVATIONS LLC	appraisalinnovations.com
APPRAISAL INNOVATIONS LLC	appraisalsinnovations.com
LEONARD APPRAISAL GROUP	leonardappraisalgroup.com
LEONARD APPRAISAL GROUP	leonardappraisalsgroup.com
LEONARD APPRAISAL GROUP	leonardappraisal.com
BOCK APPRAISAL SERVICES, LLC	bockappraisalervices.com
BOCK APPRAISAL SERVICES, LLC	bockappraisalservices.com
BOCK APPRAISAL SERVICES, LLC	bockappraisal.com
BODENHEIMER APPRAISAL SERVICE	bodenheimerappraisal.com
BODENHEIMER APPRAISAL SERVICE	bodenheimerappraisalservice.com
BODENHEIMER APPRAISAL SERVICE	bodenheimerappraisalervice.com
BODENHEIMER REAL EST & APP SER	bodenheimerrealestandappser.com
HAMPTON ROADS VALUATIONS LLC	hamptonroadsvaluations.com
VALPROS	valpros.com
BONNER REAL ESTATE APPRAISALS	bonnerrealestateappraisals.com
BONNER REAL ESTATE APPRAISALS	bonnerrealestateappraisal.com
THOMAS BORCK	thomasborck.com
WHAT'S IT WORTH, LLC	whatsitworth.com
BOREN DEVELOPMENT, INC	borendevelopment.com
BOWERS APPRAISAL GROUP	bowersappraisal.com
BOWERS APPRAISAL GROUP	bowersappraisalsgroup.com
BOWERS APPRAISAL GROUP	bowersappraisalgroup.com
BOYETTE APPRAISAL SERVICES	boyetteappraisalervices.com
BOYETTE APPRAISAL SERVICES	boyetteappraisal.com
BOYETTE APPRAISAL SERVICES	boyetteappraisalservices.com
BRADFORD RESIDENTIAL APPRAISALSLS	bradfordresidentialappraisalsls.com
BRADFORD RESIDENTIAL APPRAISALSLS	bradfordresidentialappraisalls.com
BRADLEY & ASSOCIATES	bradleyand.com
BRADLEY & ASSOCIATES	bradleyandassociates.com
WNC APPRAISALS, LLC	wncappraisals.com
WNC APPRAISALS, LLC	wncappraisal.com
BRADLEY INC.	bradley.com
BRADSHER APPRAISAL SERVICES, INC.	bradsherappraisalservices.com
BRADSHER APPRAISAL SERVICES, INC.	bradsherappraisalervices.com
BRADSHER APPRAISAL SERVICES, INC.	bradsherappraisal.com
BRETT A. BRANNING	brettabranning.com
ROBERTS AND ASSOCIATES	robertsandassociates.com
ROBERTS AND ASSOCIATES	robertsand.com
SINNEN-GREEN & ASSOCIATES	sinnengreenand.com
SINNEN-GREEN & ASSOCIATES	sinnengreenandassociates.com
DARCIE BREAZZANO RESIDENTIAL APP SRVC	darciebreazzanoresidentialappsrvc.com
TRIANGLE EAST APPRAISALS INC	triangleeastappraisal.com
TRIANGLE EAST APPRAISALS INC	triangleeastappraisals.com
FAULKNER APPRAISAL SERVICES, INC.	faulknerappraisalservices.com
FAULKNER APPRAISAL SERVICES, INC.	faulknerappraisal.com
FAULKNER APPRAISAL SERVICES, INC.	faulknerappraisalervices.com
BURNHAM REAL ESTATE APPRAISAL, INC	burnhamrealestateappraisals.com
BURNHAM REAL ESTATE APPRAISAL, INC	burnhamrealestateappraisal.com
PEMBROKE APPRAISAL SERVICE	pembrokeappraisalervice.com
PEMBROKE APPRAISAL SERVICE	pembrokeappraisal.com
PEMBROKE APPRAISAL SERVICE	pembrokeappraisalservice.com
CLASS VALUATION	classvaluation.com
ACCELERATED APPRAISALS, INC	acceleratedappraisals.com
ACCELERATED APPRAISALS, INC	acceleratedappraisal.com
BRINKLEY REAL ESTATE, LLC	brinkleyrealestate.com
BRINSON APPRAISALS	brinsonappraisals.com
BRINSON APPRAISALS	brinsonappraisal.com
TRIANGLE APPRAISAL GROUP	triangleappraisalgroup.com
TRIANGLE APPRAISAL GROUP	triangleappraisal.com
TRIANGLE APPRAISAL GROUP	triangleappraisalsgroup.com
APPRAISAL STATION, LLC	appraisaltation.com
APPRAISAL STATION, LLC	appraisalstation.com
BROCKMAN APPRAISALS	brockmanappraisals.com
BROCKMAN APPRAISALS	brockmanappraisal.com
PARKWAY APPRAISALS	parkwayappraisal.com
PARKWAY APPRAISALS	parkwayappraisals.com
BROOKS II APPRAISERS	brooksiiappraisers.com
HOLT AND ASSOCIATES	holtand.com
HOLT AND ASSOCIATES	holtandassociates.com
TRUIST	truist.com
STANLEY C BROUSSARD	stanleycbroussard.com
TRUE FOOTAGE	truefootage.com
ANCHOR APPRAISAL GROUP LLC	anchorappraisal.com
ANCHOR APPRAISAL GROUP LLC	anchorappraisalgroup.com
ANCHOR APPRAISAL GROUP LLC	anchorappraisalsgroup.com
CALDWELL APPRAISALS	caldwellappraisal.com
CALDWELL APPRAISALS	caldwellappraisals.com
ELIZABETH G BROWN	elizabethgbrown.com
KB APPRAISAL, LLC	kbappraisals.com
KB APPRAISAL, LLC	kbappraisal.com
HOMESIGHT LLC	homesight.com
ROBERT BROWN APPRAISAL COMPANY	robertbrownappraisals.com
ROBERT BROWN APPRAISAL COMPANY	robertbrownappraisal.com
LADY TARHEEL APPRAISAL, INC.	ladytarheelappraisals.com
LADY TARHEEL APPRAISAL, INC.	ladytarheelappraisal.com
TOMMYBROWNS LLC	tommybrowns.com
JOSEPH BRUNEAU	josephbruneau.com
W. T. BRYANT APPRAISALS	wtbryantappraisals.com
W. T. BRYANT APPRAISALS	wtbryantappraisal.com
BRYN APPRAISAL GROUP, LLC	brynappraisalgroup.com
BRYN APPRAISAL GROUP, LLC	brynappraisal.com
BRYN APPRAISAL GROUP, LLC	brynappraisalsgroup.com
LEAMON & ASSOCIATES	leamonandassociates.com
LEAMON & ASSOCIATES	leamonand.com
C AND J APPRAISAL COMPANY, LLC	candjappraisal.com
C AND J APPRAISAL COMPANY, LLC	candjappraisals.com
BUCHANAN APPRAISAL SERVICES	buchananappraisalervices.com
BUCHANAN APPRAISAL SERVICES	buchananappraisal.com
BUCHANAN APPRAISAL SERVICES	buchananappraisalservices.com
MORRISON APPRAISAL INC	morrisonappraisal.com
MORRISON APPRAISAL INC	morrisonappraisals.com
CONFLUENCE HOME APPRAISALS, LLC	confluencehomeappraisal.com
CONFLUENCE HOME APPRAISALS, LLC	confluencehomeappraisals.com
CMP APPRAISAL	cmpappraisal.com
CMP APPRAISAL	cmpappraisals.com
IMPACT APPRAISALS	impactappraisal.com
IMPACT APPRAISALS	impactappraisals.com
HOWARD HULLETT APPRAISALS	howardhullettappraisals.com
HOWARD HULLETT APPRAISALS	howardhullettappraisal.com
BUMGARNER APPRAISALS INC.	bumgarnerappraisal.com
BUMGARNER APPRAISALS INC.	bumgarnerappraisals.com
LIVE OAK APPRAISALS	liveoakappraisal.com
LIVE OAK APPRAISALS	liveoakappraisals.com
BURCH APPR SVCS	burchapprsvcs.com
STILLMAN APPRAISALS, LLC	stillmanappraisals.com
STILLMAN APPRAISALS, LLC	stillmanappraisal.com
APPRAISING CAROLINA ASSOCIATES, LLC	appraisingcarolinaassociates.com
APPRAISING CAROLINA ASSOCIATES, LLC	appraisingcarolina.com
BURKE VALUATIONS LLC	burkevaluations.com
MK BURNETT APPRAISALS	mkburnettappraisals.com
MK BURNETT APPRAISALS	mkburnettappraisal.com
HOME VALUE SOURCE, INC	homevaluesource.com
BURTON APPRAISALS	burtonappraisals.com
BURTON APPRAISALS	burtonappraisal.com
BENCHMARK APPRAISAL	benchmarkappraisal.com
BENCHMARK APPRAISAL	benchmarkappraisals.com
INTACT APPRAISALS	intactappraisal.com
INTACT APPRAISALS	intactappraisals.com
AGSOUTH FARM CREDIT	agsouthfarmcredit.com
BYRD APPRAISAL SERVICE	byrdappraisal.com
BYRD APPRAISAL SERVICE	byrdappraisalervice.com
BYRD APPRAISAL SERVICE	byrdappraisalservice.com
MAC BYRUM APPRAISAL CO.	macbyrumappraisals.com
MAC BYRUM APPRAISAL CO.	macbyrumappraisal.com
M. WAYNE CABE	mwaynecabe.com
ACCESS APPRAISAL CO	accessappraisals.com
ACCESS APPRAISAL CO	accessappraisal.com
ACCESS APPRAISAL, LLC	accessappraisals.com
ACCESS APPRAISAL, LLC	accessappraisal.com
CAMBLIN APPRAISAL & ASSOCIATES, INC.	camblinappraisalsandassociates.com
CAMBLIN APPRAISAL & ASSOCIATES, INC.	camblinappraisaland.com
CAMBLIN APPRAISAL & ASSOCIATES, INC.	camblinappraisalandassociates.com
ASHEVILLE RESIDENTIAL VALUATIONS	ashevilleresidentialvaluations.com
ROBBY CAMPBELL/APPR	robbycampbellappr.com
CAMPFIELD CONSULTING CORP	campfieldconsulting.com
CAMPTON APPRAISAL SERVICES	camptonappraisal.com
CAMPTON APPRAISAL SERVICES	camptonappraisalervices.com
CAMPTON APPRAISAL SERVICES	camptonappraisalservices.com
RILEY AND GREY CO	rileyandgrey.com
CANADY'S REAL ESTATE SERVICES, INC	canadysrealestateservices.com
CANADY'S REAL ESTATE SERVICES, INC	canadysrealestate.com
CASSELL REAL ESTATE	cassellrealestate.com
CANNADY APPRAISALS INC	cannadyappraisal.com
CANNADY APPRAISALS INC	cannadyappraisals.com
CAREY AND ASSOCIATES, INC.	careyand.com
CAREY AND ASSOCIATES, INC.	careyandassociates.com
CARLTON APPRAISAL COMPANY	carltonappraisals.com
CARLTON APPRAISAL COMPANY	carltonappraisal.com
CARPENTER APPRAISAL SERVICE, INC	carpenterappraisalservice.com
CARPENTER APPRAISAL SERVICE, INC	carpenterappraisal.com
CARPENTER APPRAISAL SERVICE, INC	carpenterappraisalervice.com
ALTA APPRAISALS	altaappraisal.com
ALTA APPRAISALS	altaappraisals.com
JERRY P LACKEY APPRAISAL SERVICE	jerryplackeyappraisalservice.com
JERRY P LACKEY APPRAISAL SERVICE	jerryplackeyappraisal.com
JERRY P LACKEY APPRAISAL SERVICE	jerryplackeyappraisalervice.com
THE ADAERO GROUP	theadaero.com
THE ADAERO GROUP	theadaerogroup.com
INTEGRITY APPRAISALS OF CAROLINA, LLC	integrityappraisalofcarolina.com
INTEGRITY APPRAISALS OF CAROLINA, LLC	integrityappraisalsofcarolina.com
APPR ASSOC OF METROLINA INC	apprassocofmetrolina.com
APPRAISAL ASSOCIATES OF METROLINA	appraisalassociatesofmetrolina.com
APPRAISAL ASSOCIATES OF METROLINA	appraisalsassociatesofmetrolina.com
FAST TRACK APPRAISALS, LLC	fasttrackappraisals.com
FAST TRACK APPRAISALS, LLC	fasttrackappraisal.com
SOUTHERN APPR SRVS OF THE TRIANGLE	southernapprsrvsofthetriangle.com
CAROLINA APPRAISALS	carolinaappraisals.com
CAROLINA APPRAISALS	carolinaappraisal.com
GLOBAL APPRAISAL	globalappraisal.com
GLOBAL APPRAISAL	globalappraisals.com
TLC APPRAISALS	tlcappraisal.com
TLC APPRAISALS	tlcappraisals.com
PHIL CASE APPRAISALS, INC	philcaseappraisals.com
PHIL CASE APPRAISALS, INC	philcaseappraisal.com
JOSEPH A ROBB AND ASSOCIATES	josepharobbandassociates.com
JOSEPH A ROBB AND ASSOCIATES	josepharobband.com
BRICK CITY APPRAISALS, INC.	brickcityappraisals.com
BRICK CITY APPRAISALS, INC.	brickcityappraisal.com
ISLAND APPRAISERS, LLC	islandappraisers.com
MOUNTAIN TOP APPRAISALS, INC.	mountaintopappraisals.com
MOUNTAIN TOP APPRAISALS, INC.	mountaintopappraisal.com
N & O APPRAISALS, INC	nandoappraisals.com
N & O APPRAISALS, INC	nandoappraisal.com
LC APPRAISALS, LLC	lcappraisal.com
LC APPRAISALS, LLC	lcappraisals.com
TR CAUTHEN LLC	trcauthen.com
S M CAVANAUGH CORPORATION	smcavanaugh.com
JANICE CAVENAUGH	janicecavenaugh.com
ANDY CEBERIO APPRAISAL SERVICES	andyceberioappraisalservices.com
ANDY CEBERIO APPRAISAL SERVICES	andyceberioappraisalervices.com
ANDY CEBERIO APPRAISAL SERVICES	andyceberioappraisal.com
WBCHALK & SON, LLC	wbchalkandson.com
T & T APPRAISALS, LLC	tandtappraisals.com
T & T APPRAISALS, LLC	tandtappraisal.com
CHANDLER APPRAISAL SERVICES, INC.	chandlerappraisalervices.com
CHANDLER APPRAISAL SERVICES, INC.	chandlerappraisalservices.com
CHANDLER APPRAISAL SERVICES, INC.	chandlerappraisal.com
MOUNTAIN APPRAISAL SERVICE, LLC	mountainappraisal.com
MOUNTAIN APPRAISAL SERVICE, LLC	mountainappraisalervice.com
MOUNTAIN APPRAISAL SERVICE, LLC	mountainappraisalservice.com
THE GLENN GROUP	theglenn.com
THE GLENN GROUP	theglenngroup.com
DAF ENTERPRISES INC	dafenterprises.com
CHENAULT APPRAISALS & PROPERTIES, LLC	chenaultappraisalsandproperties.com
CHENAULT APPRAISALS & PROPERTIES, LLC	chenaultappraisalandproperties.com
CHIBAN APPRAISAL SERVICES	chibanappraisal.com
CHIBAN APPRAISAL SERVICES	chibanappraisalervices.com
CHIBAN APPRAISAL SERVICES	chibanappraisalservices.com
HYLTON-CROWDER & ASSOC INC	hyltoncrowderandassoc.com
CHRISAWN APPRAISALS	chrisawnappraisal.com
CHRISAWN APPRAISALS	chrisawnappraisals.com
WILLIAM CHURCH APPRAISALS	williamchurchappraisals.com
WILLIAM CHURCH APPRAISALS	williamchurchappraisal.com
PREFERRED APPRAISALS LLC	preferredappraisals.com
PREFERRED APPRAISALS LLC	preferredappraisal.com
FRANK CILANO APPRAISAL SERV.	frankcilanoappraisalserv.com
FRANK CILANO APPRAISAL SERV.	frankcilanoappraisalerv.com
CDC APPRAISALS, LLC	cdcappraisals.com
CDC APPRAISALS, LLC	cdcappraisal.com
SPANGLER APPRAISAL INC	spanglerappraisal.com
SPANGLER APPRAISAL INC	spanglerappraisals.com
COATS VALUATION GROUP, LLC	coatsvaluationgroup.com
COATS VALUATION GROUP, LLC	coatsvaluation.com
ALBEMARLE APPRAISALS LLC	albemarleappraisal.com
ALBEMARLE APPRAISALS LLC	albemarleappraisals.com
COBLE AND CO REALTORS	cobleandrealtors.com
COBURN APPRAISAL SERVICE, LLC.	coburnappraisal.com
COBURN APPRAISAL SERVICE, LLC.	coburnappraisalervice.com
COBURN APPRAISAL SERVICE, LLC.	coburnappraisalservice.com
APC APPRAISALS, LLC	apcappraisal.com
APC APPRAISALS, LLC	apcappraisals.com
TWO DAY APPRAISAL INC	twodayappraisals.com
TWO DAY APPRAISAL INC	twodayappraisal.com
HADLEY COCKRELL & CO	hadleycockrelland.com
COLEMAN APPRAISALS	colemanappraisals.com
COLEMAN APPRAISALS	colemanappraisal.com
CSC RESIDENTIAL	cscresidential.com
COLEY APPRAISAL CO	coleyappraisal.com
COLEY APPRAISAL CO	coleyappraisals.com
APPRAISAL DEPT., INC.	appraisalsdept.com
APPRAISAL DEPT., INC.	appraisaldept.com
SOUTHERN HIGHLAND APPRAISALS LLC	southernhighlandappraisals.com
SOUTHERN HIGHLAND APPRAISALS LLC	southernhighlandappraisal.com
THOMPSON & SLAUGHTER APPRAISAL SERVICES, INC	thompsonandslaughterappraisal.com
THOMPSON & SLAUGHTER APPRAISAL SERVICES, INC	thompsonandslaughterappraisalervices.com
THOMPSON & SLAUGHTER APPRAISAL SERVICES, INC	thompsonandslaughterappraisalservices.com
MCSKITTLE APPRAISALS, INC	mcskittleappraisal.com
MCSKITTLE APPRAISALS, INC	mcskittleappraisals.com
HUEY APPRAISALS	hueyappraisal.com
HUEY APPRAISALS	hueyappraisals.com
HOLLAND APPRAISAL SERVICES, INC	hollandappraisalervices.com
HOLLAND APPRAISAL SERVICES, INC	hollandappraisalservices.com
HOLLAND APPRAISAL SERVICES, INC	hollandappraisal.com
CONNER APPRAISAL SERVICE	connerappraisalservice.com
CONNER APPRAISAL SERVICE	connerappraisal.com
CONNER APPRAISAL SERVICE	connerappraisalervice.com
FAIRWAY APPRAISALS, LLC	fairwayappraisal.com
FAIRWAY APPRAISALS, LLC	fairwayappraisals.com
LONG BAY VALUATION	longbayvaluation.com
WOODARD APPRAISALS, INC.	woodardappraisal.com
WOODARD APPRAISALS, INC.	woodardappraisals.com
COOK APPRAISAL INC.	cookappraisals.com
COOK APPRAISAL INC.	cookappraisal.com
DC APPRAISAL GROUP, INC.	dcappraisalgroup.com
DC APPRAISAL GROUP, INC.	dcappraisal.com
DC APPRAISAL GROUP, INC.	dcappraisalsgroup.com
MARK COOK APPRAISALS	markcookappraisal.com
MARK COOK APPRAISALS	markcookappraisals.com
THOMPSON & SLAUGHTER APPRAISAL	thompsonandslaughterappraisals.com
THOMPSON & SLAUGHTER APPRAISAL	thompsonandslaughterappraisal.com
DANIEL L. COOKE & ASSOC. APPRAISERS	daniellcookeandassocappraisers.com
COOPER GROUP LTD	cooper.com
COOPER GROUP LTD	coopergroup.com
MOUNTAIN LIFE REAL ESTATE APPRAISAL SERVICES LLC	mountainliferealestateappraisal.com
MOUNTAIN LIFE REAL ESTATE APPRAISAL SERVICES LLC	mountainliferealestateappraisalervices.com
MOUNTAIN LIFE REAL ESTATE APPRAISAL SERVICES LLC	mountainliferealestateappraisalservices.com
ASHEVILLE REAL ESTATE SERVICE, LLC	ashevillerealestate.com
ASHEVILLE REAL ESTATE SERVICE, LLC	ashevillerealestateservice.com
D M COSTNER & ASSOC	dmcostnerandassoc.com
A. JAY COTTLE APPRAISERS, LLC	ajaycottleappraisers.com
MAIN STREET APPRAISALS	mainstreetappraisal.com
MAIN STREET APPRAISALS	mainstreetappraisals.com
COX REALTY & APPRAISAL, INC	coxrealtyandappraisal.com
COX REALTY & APPRAISAL, INC	coxrealtyandappraisals.com
COX APPRAISAL SERVICE	coxappraisalervice.com
COX APPRAISAL SERVICE	coxappraisalservice.com
COX APPRAISAL SERVICE	coxappraisal.com
INTEGRITY APPRAISAL GROUP	integrityappraisalgroup.com
INTEGRITY APPRAISAL GROUP	integrityappraisalsgroup.com
INTEGRITY APPRAISAL GROUP	integrityappraisal.com
COX REALTY & APPRAISAL	coxrealtyandappraisal.com
COX REALTY & APPRAISAL	coxrealtyandappraisals.com
APPLE VALLEY APPRAISAL	applevalleyappraisal.com
APPLE VALLEY APPRAISAL	applevalleyappraisals.com
APPRAISENC4U, INC	appraisenc4u.com
COMPASS APPRAISAL & INSPECTIONS	compassappraisalandinspections.com
COMPASS APPRAISAL & INSPECTIONS	compassappraisalsandinspections.com
DOWN EAST APPRAISALS INC	downeastappraisals.com
DOWN EAST APPRAISALS INC	downeastappraisal.com
CREECH APPRAISALS, INC.	creechappraisals.com
CREECH APPRAISALS, INC.	creechappraisal.com
CAMPBELL AND CRESS APPRAISAL SERVICE, LLC	campbellandcressappraisalervice.com
CAMPBELL AND CRESS APPRAISAL SERVICE, LLC	campbellandcressappraisalservice.com
CAMPBELL AND CRESS APPRAISAL SERVICE, LLC	campbellandcressappraisal.com
CAMPBELL AND CRESS APPR SERVICE, LLC	campbellandcressapprservice.com
CAMPBELL AND CRESS APPR SERVICE, LLC	campbellandcressappr.com
KENNETH L CROOK	kennethlcrook.com
MCNAIRY & ASSOCIATES, LLC	mcnairyand.com
MCNAIRY & ASSOCIATES, LLC	mcnairyandassociates.com
CAROLINA HOME VALUATIONS, LLC	carolinahomevaluations.com
CROWLEY APPRAISAL SERVICE	crowleyappraisalervice.com
CROWLEY APPRAISAL SERVICE	crowleyappraisal.com
CROWLEY APPRAISAL SERVICE	crowleyappraisalservice.com
CR&S APPRAISAL SERVICES	crandsappraisal.com
CR&S APPRAISAL SERVICES	crandsappraisalservices.com
CR&S APPRAISAL SERVICES	crandsappraisalervices.com
PROFESSIONAL APPRAISAL COMPANY	professionalappraisals.com
PROFESSIONAL APPRAISAL COMPANY	professionalappraisal.com
MARKET APPRAISALS	marketappraisal.com
MARKET APPRAISALS	marketappraisals.com
GREATER CHARLOTTE APPR GRP LLC	greatercharlotteapprgrp.com
KELLY CURRIE APPRAISAL SERVICE, LLC	kellycurrieappraisal.com
KELLY CURRIE APPRAISAL SERVICE, LLC	kellycurrieappraisalservice.com
KELLY CURRIE APPRAISAL SERVICE, LLC	kellycurrieappraisalervice.com
FRANK MURRAY REAL ESTATE APP	frankmurrayrealestateapp.com
DAGENHART APPRAISALS	dagenhartappraisal.com
DAGENHART APPRAISALS	dagenhartappraisals.com
REDSTONE VALUATIONS	redstonevaluations.com
INNER BANKS APPRAISALS, LLC	innerbanksappraisal.com
INNER BANKS APPRAISALS, LLC	innerbanksappraisals.com
DAIL & ASSOCIATES LLC	dailand.com
DAIL & ASSOCIATES LLC	dailandassociates.com
THOMPSON & SLAUGHTER APPRAISAL SERVICES, INC.	thompsonandslaughterappraisal.com
THOMPSON & SLAUGHTER APPRAISAL SERVICES, INC.	thompsonandslaughterappraisalervices.com
THOMPSON & SLAUGHTER APPRAISAL SERVICES, INC.	thompsonandslaughterappraisalservices.com
CAROLINA APPRAISAL & REALTY	carolinaappraisalandrealty.com
CAROLINA APPRAISAL & REALTY	carolinaappraisalsandrealty.com
DARNELL APPRAISALS	darnellappraisal.com
DARNELL APPRAISALS	darnellappraisals.com
TODD DAUGHERTY, APPRAISER	todddaughertyappraiser.com
YAR-INC	yar.com
RESIDENTIAL APPRAISERS INC.	residentialappraisers.com
ARSENAL PROPERTY & APPRAISAL	arsenalpropertyandappraisals.com
ARSENAL PROPERTY & APPRAISAL	arsenalpropertyandappraisal.com
NC APPRAISAL BOARD	ncappraisalboard.com
NC APPRAISAL BOARD	ncappraisalsboard.com
WHICHARD APPRAISAL SERVICE	whichardappraisalervice.com
WHICHARD APPRAISAL SERVICE	whichardappraisalservice.com
WHICHARD APPRAISAL SERVICE	whichardappraisal.com
MCNAMARA & COMPANY	mcnamaraand.com
DEES APPRAISAL SERVICE	deesappraisalervice.com
DEES APPRAISAL SERVICE	deesappraisal.com
DEES APPRAISAL SERVICE	deesappraisalservice.com
DEESE APPRAISAL SERVICES, LLC	deeseappraisalservices.com
DEESE APPRAISAL SERVICES, LLC	deeseappraisal.com
DEESE APPRAISAL SERVICES, LLC	deeseappraisalervices.com
CAROLINA APPRAISL CO, INC	carolinaappraisl.com
KOM ENTERPRISES	komenterprises.com
DELFINO APPRAISALS	delfinoappraisal.com
DELFINO APPRAISALS	delfinoappraisals.com
APPRAISAL GROUP OF CHARLOTTE METRO LLC	appraisalsgroupofcharlottemetro.com
APPRAISAL GROUP OF CHARLOTTE METRO LLC	appraisalgroupofcharlottemetro.com
DENNISON APPRAISAL SERVICES LLC	dennisonappraisal.com
DENNISON APPRAISAL SERVICES LLC	dennisonappraisalservices.com
DENNISON APPRAISAL SERVICES LLC	dennisonappraisalervices.com
LW DENOYER LLC	lwdenoyer.com
FIRST BANK	firstbank.com
DESCHAMPS APPRAISAL GROUP	deschampsappraisalsgroup.com
DESCHAMPS APPRAISAL GROUP	deschampsappraisal.com
DESCHAMPS APPRAISAL GROUP	deschampsappraisalgroup.com
THOMAS DEST	thomasdest.com
EFIRD APPRAISALS	efirdappraisal.com
EFIRD APPRAISALS	efirdappraisals.com
ON THYME APPRAISAL SERVICE	onthymeappraisalervice.com
ON THYME APPRAISAL SERVICE	onthymeappraisal.com
ON THYME APPRAISAL SERVICE	onthymeappraisalservice.com
DEWS APPRAISAL SERVICE	dewsappraisalervice.com
DEWS APPRAISAL SERVICE	dewsappraisal.com
DEWS APPRAISAL SERVICE	dewsappraisalservice.com
DICKENS APPRAISAL GROUP	dickensappraisalsgroup.com
DICKENS APPRAISAL GROUP	dickensappraisal.com
DICKENS APPRAISAL GROUP	dickensappraisalgroup.com
LEGACY VALUATION AND CONSULTING SERVICES, LLC	legacyvaluationandconsulting.com
LEGACY VALUATION AND CONSULTING SERVICES, LLC	legacyvaluationandconsultingservices.com
DICKSON APPRAISAL SERVICE, INC.	dicksonappraisalervice.com
DICKSON APPRAISAL SERVICE, INC.	dicksonappraisalservice.com
DICKSON APPRAISAL SERVICE, INC.	dicksonappraisal.com
TIM DILLARD APPRAISALS, LLC	timdillardappraisals.com
TIM DILLARD APPRAISALS, LLC	timdillardappraisal.com
ATLANTIC VALUATION SERVICES, LLC	atlanticvaluation.com
ATLANTIC VALUATION SERVICES, LLC	atlanticvaluationservices.com
APPLE COUNTRY REALTY	applecountryrealty.com
DONOVAN APPRAISAL GROUP	donovanappraisal.com
DONOVAN APPRAISAL GROUP	donovanappraisalsgroup.com
DONOVAN APPRAISAL GROUP	donovanappraisalgroup.com
APPLIED VALUE ASSOCIATES, INC.	appliedvalue.com
APPLIED VALUE ASSOCIATES, INC.	appliedvalueassociates.com
DEBORAH DOSTER-ERPELDING D/B/A	deborahdostererpeldingdba.com
THOMAS N DOTSON AND ASSOCIATES	thomasndotsonand.com
THOMAS N DOTSON AND ASSOCIATES	thomasndotsonandassociates.com
THOMAS N DOTSON	thomasndotson.com
DOYLE PROPERTIES	doyleproperties.com
DRA APPRAISALS, INC	draappraisal.com
DRA APPRAISALS, INC	draappraisals.com
ALLIANCE APPRAISAL GROUP INC	allianceappraisal.com
ALLIANCE APPRAISAL GROUP INC	allianceappraisalgroup.com
ALLIANCE APPRAISAL GROUP INC	allianceappraisalsgroup.com
DS MURPHY, LLC	dsmurphy.com
VELOX VALUATIONS LLC	veloxvaluations.com
CAROLINA MARKET VALUE LLC	carolinamarketvalue.com
GREENCASTLE REAL ESTATE SERVICES	greencastlerealestateservices.com
GREENCASTLE REAL ESTATE SERVICES	greencastlerealestate.com
ATLANTIC COAST APPRAISERS & ASSOC.	atlanticcoastappraisersandassoc.com
THE AFFORDABLE APPRAISAL STORE L.L.C.	theaffordableappraisaltore.com
THE AFFORDABLE APPRAISAL STORE L.L.C.	theaffordableappraisalstore.com
WILL SMITH APPRAISALS	willsmithappraisal.com
WILL SMITH APPRAISALS	willsmithappraisals.com
TIDEWATER HOME APPRAISALS	tidewaterhomeappraisal.com
TIDEWATER HOME APPRAISALS	tidewaterhomeappraisals.com
AMG APPRAISAL, LLC	amgappraisals.com
AMG APPRAISAL, LLC	amgappraisal.com
EARNHARDT & ASSOC APPRAISERS	earnhardtandassocappraisers.com
JAMES EARP APPRAISAL SERVICE	jamesearpappraisal.com
JAMES EARP APPRAISAL SERVICE	jamesearpappraisalervice.com
JAMES EARP APPRAISAL SERVICE	jamesearpappraisalservice.com
JAMES EARP APPRRAISAL SERVICE	jamesearpapprraisalservice.com
JAMES EARP APPRRAISAL SERVICE	jamesearpapprraisal.com
J. W ECTON, INC	jwecton.com
EDWARDS APPRAISAL SERVICE INC	edwardsappraisalservice.com
EDWARDS APPRAISAL SERVICE INC	edwardsappraisalervice.com
EDWARDS APPRAISAL SERVICE INC	edwardsappraisal.com
EDWARDS APPRAISAL SERVICE	edwardsappraisalservice.com
EDWARDS APPRAISAL SERVICE	edwardsappraisalervice.com
EDWARDS APPRAISAL SERVICE	edwardsappraisal.com
EFIRD APPRAISAL SERVICE	efirdappraisalervice.com
EFIRD APPRAISAL SERVICE	efirdappraisal.com
EFIRD APPRAISAL SERVICE	efirdappraisalservice.com
EIDE APPRAISAL SERVICES, LLC	eideappraisal.com
EIDE APPRAISAL SERVICES, LLC	eideappraisalervices.com
EIDE APPRAISAL SERVICES, LLC	eideappraisalservices.com
EMP DBA WATAUGA - AVERY APPRAISAL COMPANY	empdbawataugaaveryappraisals.com
EMP DBA WATAUGA - AVERY APPRAISAL COMPANY	empdbawataugaaveryappraisal.com
FOR WHAT IT'S WORTH APPRAISALS	forwhatitsworthappraisal.com
FOR WHAT IT'S WORTH APPRAISALS	forwhatitsworthappraisals.com
SAM ELLIOTT APPRAISALS	samelliottappraisals.com
SAM ELLIOTT APPRAISALS	samelliottappraisal.com
MICHAEL D ELLIS APPRAISALS	michaeldellisappraisals.com
MICHAEL D ELLIS APPRAISALS	michaeldellisappraisal.com
APPRAISAL CAROLINAS LTD	appraisalscarolinas.com
APPRAISAL CAROLINAS LTD	appraisalcarolinas.com
CAROLYN EPPLEY APPRAISALS	carolyneppleyappraisal.com
CAROLYN EPPLEY APPRAISALS	carolyneppleyappraisals.com
CULPEPPER & ASSOCIATES	culpepperand.com
CULPEPPER & ASSOCIATES	culpepperandassociates.com
LEONARD EUDY APPRAISAL SERVICES, INC.	leonardeudyappraisal.com
LEONARD EUDY APPRAISAL SERVICES, INC.	leonardeudyappraisalservices.com
LEONARD EUDY APPRAISAL SERVICES, INC.	leonardeudyappraisalervices.com
EVANS APPRAISAL SERVICES, LLC	evansappraisalservices.com
EVANS APPRAISAL SERVICES, LLC	evansappraisal.com
EVANS APPRAISAL SERVICES, LLC	evansappraisalervices.com
THE EVERHART APPRAISAL FIRM, LLC	theeverhartappraisalfirm.com
THE EVERHART APPRAISAL FIRM, LLC	theeverhartappraisalsfirm.com
GREEN CREEK APPRAISAL, LLC	greencreekappraisals.com
GREEN CREEK APPRAISAL, LLC	greencreekappraisal.com
PRIMARY APPRAISAL SERVICE	primaryappraisal.com
PRIMARY APPRAISAL SERVICE	primaryappraisalservice.com
PRIMARY APPRAISAL SERVICE	primaryappraisalervice.com
FALVEY REAL ESTATE SERVICES	falveyrealestateservices.com
FALVEY REAL ESTATE SERVICES	falveyrealestate.com
FARRELL & ASSOCIATES APPRAISALS, LLC	farrellandassociatesappraisal.com
FARRELL & ASSOCIATES APPRAISALS, LLC	farrellandassociatesappraisals.com
FAULKNER APPRAISAL SERVICES	faulknerappraisalservices.com
FAULKNER APPRAISAL SERVICES	faulknerappraisal.com
FAULKNER APPRAISAL SERVICES	faulknerappraisalervices.com
A'LA CARTE APPRAISAL SERVICES, INC.	alacarteappraisalservices.com
A'LA CARTE APPRAISAL SERVICES, INC.	alacarteappraisal.com
A'LA CARTE APPRAISAL SERVICES, INC.	alacarteappraisalervices.com
PDF APPRAISALS INC	pdfappraisal.com
PDF APPRAISALS INC	pdfappraisals.com
STEVEN L. MAHER & ASSOCIATES	stevenlmaherandassociates.com
STEVEN L. MAHER & ASSOCIATES	stevenlmaherand.com
DCF APPRAISALS	dcfappraisal.com
DCF APPRAISALS	dcfappraisals.com
FEREBEE REAL ESTATE	ferebeerealestate.com
FINUCANE APPRAISALS LLC	finucaneappraisals.com
FINUCANE APPRAISALS LLC	finucaneappraisal.com
PROVIDENCE APPRAISALS, LLC	providenceappraisals.com
PROVIDENCE APPRAISALS, LLC	providenceappraisal.com
UPTOWNVIS, LLC	uptownvis.com
EXCEL APPRAISAL GROUP, LLC	excelappraisalsgroup.com
EXCEL APPRAISAL GROUP, LLC	excelappraisal.com
EXCEL APPRAISAL GROUP, LLC	excelappraisalgroup.com
SWIFT APPRAISALS LLC	swiftappraisal.com
SWIFT APPRAISALS LLC	swiftappraisals.com
FLETCHER APPRAISALS, LLC	fletcherappraisals.com
FLETCHER APPRAISALS, LLC	fletcherappraisal.com
NC APPRAISAL SERVICE	ncappraisalervice.com
NC APPRAISAL SERVICE	ncappraisalservice.com
NC APPRAISAL SERVICE	ncappraisal.com
DAVIS APPR SVC	davisapprsvc.com
CJ FOLSE VALUATION & MEASURING	cjfolsevaluationandmeasuring.com
FORD APPRAISAL SERVICE LLC	fordappraisal.com
FORD APPRAISAL SERVICE LLC	fordappraisalervice.com
FORD APPRAISAL SERVICE LLC	fordappraisalservice.com
PIA M FORD, RE APPRAISER	piamfordreappraiser.com
4LOINES REAL ESTATE SERVICES	4loinesrealestate.com
4LOINES REAL ESTATE SERVICES	4loinesrealestateservices.com
FORRESTER APPRAISAL SERVICE	forresterappraisalservice.com
FORRESTER APPRAISAL SERVICE	forresterappraisal.com
FORRESTER APPRAISAL SERVICE	forresterappraisalervice.com
ENACT MI	enactmi.com
FOSTER APPRAISAL SOLUTIONS	fosterappraisalolutions.com
FOSTER APPRAISAL SOLUTIONS	fosterappraisalsolutions.com
FOSTER ASSOCIATES	foster.com
FOSTER ASSOCIATES	fosterassociates.com
FOWLER APPRAISAL & ENTERPRISES	fowlerappraisalsandenterprises.com
FOWLER APPRAISAL & ENTERPRISES	fowlerappraisalandenterprises.com
BROOKS II LTD	brooksii.com
FOX APPRAISAL SERVICES	foxappraisal.com
FOX APPRAISAL SERVICES	foxappraisalservices.com
FOX APPRAISAL SERVICES	foxappraisalervices.com
FOXX APPRAISALS	foxxappraisal.com
FOXX APPRAISALS	foxxappraisals.com
APPRAISAL SPECIALIST	appraisalpecialist.com
APPRAISAL SPECIALIST	appraisalspecialist.com
FRANKLIN REAL ESTATE SERVICES, INC	franklinrealestate.com
FRANKLIN REAL ESTATE SERVICES, INC	franklinrealestateservices.com
HERITAGE APPRAISAL SERVICE	heritageappraisalervice.com
HERITAGE APPRAISAL SERVICE	heritageappraisal.com
HERITAGE APPRAISAL SERVICE	heritageappraisalservice.com
FRAZIER APPRAISAL SERVICES	frazierappraisalervices.com
FRAZIER APPRAISAL SERVICES	frazierappraisalservices.com
FRAZIER APPRAISAL SERVICES	frazierappraisal.com
RICKY FUQUAY APPRAISALS	rickyfuquayappraisal.com
RICKY FUQUAY APPRAISALS	rickyfuquayappraisals.com
WOODS AND WATERS REAL ESTATE	woodsandwatersrealestate.com
HOMESIGHT	homesight.com
GAMMAGE APPRAISALS INC	gammageappraisals.com
GAMMAGE APPRAISALS INC	gammageappraisal.com
STEVEN C GARDNER	stevencgardner.com
CRG APPRAISAL SERVICES	crgappraisalservices.com
CRG APPRAISAL SERVICES	crgappraisalervices.com
CRG APPRAISAL SERVICES	crgappraisal.com
APPRAISAL GROUP (THE)	appraisalsgroupthe.com
APPRAISAL GROUP (THE)	appraisalgroupthe.com
GEENIUS VALUATIONS	geeniusvaluations.com
STERLING APPRAISAL GROUP, INC	sterlingappraisalgroup.com
STERLING APPRAISAL GROUP, INC	sterlingappraisal.com
STERLING APPRAISAL GROUP, INC	sterlingappraisalsgroup.com
GIBBS APPRAISAL SERVICES DBA 10 ROOF APPRAISALS	gibbsappraisalervicesdba10roofappraisal.com
PRESTIGE APPRAISAL	prestigeappraisals.com
PRESTIGE APPRAISAL	prestigeappraisal.com
FIRST CHARLOTTE APPR SRVCS	firstcharlotteapprsrvcs.com
PAUL E FINNEN & ASSOC	paulefinnenandassoc.com
GILPATRICK APPRAISAL	gilpatrickappraisal.com
GILPATRICK APPRAISAL	gilpatrickappraisals.com
AVENUE APPRAISALS	avenueappraisals.com
AVENUE APPRAISALS	avenueappraisal.com
LISA GOINS LLC	lisagoins.com
ACCURATE GROUP	accurate.com
ACCURATE GROUP	accurategroup.com
APPRAISAL SYSTEMS INC	appraisalsystems.com
APPRAISAL SYSTEMS INC	appraisalystems.com
PIEDMONT APPRAISERS LLC	piedmontappraisers.com
GOODWIN APPRAISALS	goodwinappraisals.com
GOODWIN APPRAISALS	goodwinappraisal.com
CAROLINA APPRAISAL & REALTY CONSULTANTS, INC.	carolinaappraisalandrealtyconsultants.com
CAROLINA APPRAISAL & REALTY CONSULTANTS, INC.	carolinaappraisalsandrealtyconsultants.com
GORE APPRAISAL SERVICES, INC	goreappraisalervices.com
GORE APPRAISAL SERVICES, INC	goreappraisal.com
GORE APPRAISAL SERVICES, INC	goreappraisalservices.com
GORE PROPERTIES & APPRAISAL GROUP, LLC	gorepropertiesandappraisal.com
GORE PROPERTIES & APPRAISAL GROUP, LLC	gorepropertiesandappraisalsgroup.com
GORE PROPERTIES & APPRAISAL GROUP, LLC	gorepropertiesandappraisalgroup.com
GRAFF APPRAISAL GROUP LLC	graffappraisal.com
GRAFF APPRAISAL GROUP LLC	graffappraisalgroup.com
GRAFF APPRAISAL GROUP LLC	graffappraisalsgroup.com
GRAHAM RESIDENTIAL APPRAISALS, INC.	grahamresidentialappraisal.com
GRAHAM RESIDENTIAL APPRAISALS, INC.	grahamresidentialappraisals.com
WILLIAM G GRANGER, APPRAISER	williamggrangerappraiser.com
G&G APPRAISALS	gandgappraisals.com
G&G APPRAISALS	gandgappraisal.com
JEFFREY L GRAY	jeffreylgray.com
GRAY COMPANY INC	gray.com
GREEN APPRAISALS	greenappraisal.com
GREEN APPRAISALS	greenappraisals.com
GREEN APPRAISAL GROUP	greenappraisal.com
GREEN APPRAISAL GROUP	greenappraisalgroup.com
GREEN APPRAISAL GROUP	greenappraisalsgroup.com
LAKE NORMAN APPRAISAL CONPANY	lakenormanappraisalconpany.com
LAKE NORMAN APPRAISAL CONPANY	lakenormanappraisalsconpany.com
THE WEBSTER GROUP	thewebstergroup.com
THE WEBSTER GROUP	thewebster.com
GREEN APPRAISAL GROUP INC	greenappraisal.com
GREEN APPRAISAL GROUP INC	greenappraisalgroup.com
GREEN APPRAISAL GROUP INC	greenappraisalsgroup.com
GREEN & ASSOCIATES	greenandassociates.com
GREEN & ASSOCIATES	greenand.com
ERIC GREER APPRAISALS, INC.	ericgreerappraisal.com
ERIC GREER APPRAISALS, INC.	ericgreerappraisals.com
SOUNDSIDE APPRAISAL GROUP LLC	soundsideappraisal.com
SOUNDSIDE APPRAISAL GROUP LLC	soundsideappraisalgroup.com
SOUNDSIDE APPRAISAL GROUP LLC	soundsideappraisalsgroup.com
CARLOS GUERRERO APPRAISALS, INC.	carlosguerreroappraisal.com
CARLOS GUERRERO APPRAISALS, INC.	carlosguerreroappraisals.com
RAPID APPRAISAL SERVICE	rapidappraisal.com
RAPID APPRAISAL SERVICE	rapidappraisalervice.com
RAPID APPRAISAL SERVICE	rapidappraisalservice.com
JG REALTY ADVISORS	jgrealtyadvisors.com
GUIN APPRAISAL SERVICES INC	guinappraisalervices.com
GUIN APPRAISAL SERVICES INC	guinappraisalservices.com
GUIN APPRAISAL SERVICES INC	guinappraisal.com
WORLD CLASS APPRAISAL SERVICES, LLC	worldclassappraisalservices.com
WORLD CLASS APPRAISAL SERVICES, LLC	worldclassappraisal.com
WORLD CLASS APPRAISAL SERVICES, LLC	worldclassappraisalervices.com
GUNN APPRAISAL GROUP	gunnappraisal.com
GUNN APPRAISAL GROUP	gunnappraisalgroup.com
GUNN APPRAISAL GROUP	gunnappraisalsgroup.com
GUNTHER APPRAISAL SERVICES, LLC	guntherappraisal.com
GUNTHER APPRAISAL SERVICES, LLC	guntherappraisalservices.com
GUNTHER APPRAISAL SERVICES, LLC	guntherappraisalervices.com
GUYNN APPRAISALS INC	guynnappraisal.com
GUYNN APPRAISALS INC	guynnappraisals.com
HACKNEY'S RESIDENTIAL APPRAISAL SERVICE	hackneysresidentialappraisalervice.com
HACKNEY'S RESIDENTIAL APPRAISAL SERVICE	hackneysresidentialappraisalservice.com
HACKNEY'S RESIDENTIAL APPRAISAL SERVICE	hackneysresidentialappraisal.com
PIER 42 REALTY & NC REALTY SVS, INC.	pier42realtyandncrealtysvs.com
ANNA HALL APPRAISALS LLC	annahallappraisals.com
ANNA HALL APPRAISALS LLC	annahallappraisal.com
HALL & HALL APPRAISALS	hallandhallappraisals.com
HALL & HALL APPRAISALS	hallandhallappraisal.com
HALL APPRAISAL SERVICES	hallappraisal.com
HALL APPRAISAL SERVICES	hallappraisalservices.com
HALL APPRAISAL SERVICES	hallappraisalervices.com
HAMMERGROUP LLC	hammergroup.com
HAMMERGROUP LLC	hammer.com
CAMBLIN APPRAISAL & ASSOCIATES	camblinappraisalsandassociates.com
CAMBLIN APPRAISAL & ASSOCIATES	camblinappraisaland.com
CAMBLIN APPRAISAL & ASSOCIATES	camblinappraisalandassociates.com
JDH APPRAISALS, INC	jdhappraisal.com
JDH APPRAISALS, INC	jdhappraisals.com
ASSOCIATED APPRAISERS INC	associatedappraisers.com
APPRAISAL ADVISORS	appraisaladvisors.com
APPRAISAL ADVISORS	appraisalsadvisors.com
HARGROVE APPRAISALS INC.	hargroveappraisal.com
HARGROVE APPRAISALS INC.	hargroveappraisals.com
VALUE SOLUTIONS INC	valuesolutions.com
VALUE SOLUTIONS, INC	valuesolutions.com
MATT HARMON, INC.	mattharmon.com
HARPER APPRAISALS	harperappraisals.com
HARPER APPRAISALS	harperappraisal.com
CHALK & GIBBS, INC.	chalkandgibbs.com
HARRIS APPRAISALS, LLC	harrisappraisal.com
HARRIS APPRAISALS, LLC	harrisappraisals.com
A.G.I.	agi.com
HARRIS APPRAISAL SERVICE	harrisappraisalervice.com
HARRIS APPRAISAL SERVICE	harrisappraisalservice.com
HARRIS APPRAISAL SERVICE	harrisappraisal.com
HARRIS & ASSOCIATES OF NC LLC	harrisandassociatesofnc.com
HATCH APPRAISAL GROUP INC	hatchappraisalgroup.com
HATCH APPRAISAL GROUP INC	hatchappraisal.com
HATCH APPRAISAL GROUP INC	hatchappraisalsgroup.com
THE CR APPRAISAL FIRM, LLC	thecrappraisalfirm.com
THE CR APPRAISAL FIRM, LLC	thecrappraisalsfirm.com
HAUSER REALTY GROUP INC	hauserrealtygroup.com
HAUSER REALTY GROUP INC	hauserrealty.com
TRACY HAWKINS APPRAISAL	tracyhawkinsappraisals.com
TRACY HAWKINS APPRAISAL	tracyhawkinsappraisal.com
HAYES APPRAISAL GROUP, LLC	hayesappraisalgroup.com
HAYES APPRAISAL GROUP, LLC	hayesappraisal.com
HAYES APPRAISAL GROUP, LLC	hayesappraisalsgroup.com
COLEMAN RE APPRAISALS	colemanreappraisal.com
COLEMAN RE APPRAISALS	colemanreappraisals.com
KEVIN B HAYES & ASSOCIATES	kevinbhayesand.com
KEVIN B HAYES & ASSOCIATES	kevinbhayesandassociates.com
PATRICK K HAYES APPRAISER	patrickkhayesappraiser.com
HAYES APPRAISAL SERVICES	hayesappraisalervices.com
HAYES APPRAISAL SERVICES	hayesappraisal.com
HAYES APPRAISAL SERVICES	hayesappraisalservices.com
HAYNES APPRAISAL SERVICES, LLC	haynesappraisalservices.com
HAYNES APPRAISAL SERVICES, LLC	haynesappraisalervices.com
HAYNES APPRAISAL SERVICES, LLC	haynesappraisal.com
SEAS OF WILMINGTON	seasofwilmington.com
RAY E HAYNES APPRAISAL CO	rayehaynesappraisals.com
RAY E HAYNES APPRAISAL CO	rayehaynesappraisal.com
KLH APPRAISAL SERVICES, LLC	klhappraisal.com
KLH APPRAISAL SERVICES, LLC	klhappraisalservices.com
KLH APPRAISAL SERVICES, LLC	klhappraisalervices.com
RETIRED	retired.com
HEISER APPRAISAL SERVICE	heiserappraisal.com
HEISER APPRAISAL SERVICE	heiserappraisalervice.com
HEISER APPRAISAL SERVICE	heiserappraisalservice.com
LAKE NORMAN APPRAISAL GROUP	lakenormanappraisal.com
LAKE NORMAN APPRAISAL GROUP	lakenormanappraisalsgroup.com
LAKE NORMAN APPRAISAL GROUP	lakenormanappraisalgroup.com
SANDHILLS APPRAISAL & CONSULTING	sandhillsappraisalsandconsulting.com
SANDHILLS APPRAISAL & CONSULTING	sandhillsappraisalandconsulting.com
HENDERSON APPRAISAL SERVICE	hendersonappraisalervice.com
HENDERSON APPRAISAL SERVICE	hendersonappraisal.com
HENDERSON APPRAISAL SERVICE	hendersonappraisalservice.com
BOB HENDRICKSON RE APPRAISALS	bobhendricksonreappraisals.com
BOB HENDRICKSON RE APPRAISALS	bobhendricksonreappraisal.com
PAUL R. HENRY APPRAISAL & RE LLC	paulrhenryappraisalandre.com
PAUL R. HENRY APPRAISAL & RE LLC	paulrhenryappraisalsandre.com
HENSGEN VALUATION SERVICES	hensgenvaluation.com
HENSGEN VALUATION SERVICES	hensgenvaluationservices.com
HENSLEY REAL ESTATE APPRAISAL INC	hensleyrealestateappraisal.com
HENSLEY REAL ESTATE APPRAISAL INC	hensleyrealestateappraisals.com
CAPE FEAR APPRAISAL GROUP	capefearappraisalgroup.com
CAPE FEAR APPRAISAL GROUP	capefearappraisalsgroup.com
CAPE FEAR APPRAISAL GROUP	capefearappraisal.com
AMROCK, INC	amrock.com
RICHARD HEPNER	richardhepner.com
HERRIN APPRAISAL CO	herrinappraisal.com
HERRIN APPRAISAL CO	herrinappraisals.com
ACCURATE APPRAISAL, LLC	accurateappraisal.com
ACCURATE APPRAISAL, LLC	accurateappraisals.com
HEATH HEWETT RE SERVICES	heathhewettreservices.com
HEATH HEWETT RE SERVICES	heathhewettre.com
VALUELOGIXLLC	valuelogixllc.com
DARRELL K HIGNITE	darrellkhignite.com
HILLIARD RESIDENTIAL SERVICES, LLC	hilliardresidential.com
HILLIARD RESIDENTIAL SERVICES, LLC	hilliardresidentialservices.com
BRENDAN HINCH ENTERPRISES INC	brendanhinchenterprises.com
DEPENDABLE HOME APPRAISALS	dependablehomeappraisal.com
DEPENDABLE HOME APPRAISALS	dependablehomeappraisals.com
HINNANT REAL ESTATE	hinnantrealestate.com
HITCHENS APPRAISAL GROUP	hitchensappraisalsgroup.com
HITCHENS APPRAISAL GROUP	hitchensappraisalgroup.com
HITCHENS APPRAISAL GROUP	hitchensappraisal.com
HITCHENS APPRAISAL GROUP LLC	hitchensappraisalsgroup.com
HITCHENS APPRAISAL GROUP LLC	hitchensappraisalgroup.com
HITCHENS APPRAISAL GROUP LLC	hitchensappraisal.com
PGI APPRAISALS	pgiappraisals.com
PGI APPRAISALS	pgiappraisal.com
OPTEON APPRAISAL, INC	opteonappraisals.com
OPTEON APPRAISAL, INC	opteonappraisal.com
BEACON APPRAISAL CO	beaconappraisals.com
BEACON APPRAISAL CO	beaconappraisal.com
COBB APPRAISAL	cobbappraisals.com
COBB APPRAISAL	cobbappraisal.com
HOGLEN  APPRAISAL SERVICES	hoglenappraisal.com
HOGLEN  APPRAISAL SERVICES	hoglenappraisalservices.com
HOGLEN  APPRAISAL SERVICES	hoglenappraisalervices.com
APPALACHIAN VALUATION SERVICES, INC.	appalachianvaluationservices.com
APPALACHIAN VALUATION SERVICES, INC.	appalachianvaluation.com
COASTAL APPRAISALS	coastalappraisal.com
COASTAL APPRAISALS	coastalappraisals.com
NONE	none.com
HOLT APPRAISING, INC.	holtappraising.com
ON PAR APPRAISALS, LLC	onparappraisals.com
ON PAR APPRAISALS, LLC	onparappraisal.com
CDR BUSINESS SOLUTIONS	cdrbusinesssolutions.com
APPRAISALS IN THE TRIANGLE	appraisalsinthetriangle.com
APPRAISALS IN THE TRIANGLE	appraisalinthetriangle.com
BILL HOOKS 4 APPRAISALS	billhooks4appraisals.com
BILL HOOKS 4 APPRAISALS	billhooks4appraisal.com
HOOPER & ASSOCIATES	hooperandassociates.com
HOOPER & ASSOCIATES	hooperand.com
HORNE REALTY & APPRAISAL	hornerealtyandappraisals.com
HORNE REALTY & APPRAISAL	hornerealtyandappraisal.com
HOUSE APPRAISALS	houseappraisal.com
HOUSE APPRAISALS	houseappraisals.com
APPALACHIAN APPRAISAL, INC	appalachianappraisals.com
APPALACHIAN APPRAISAL, INC	appalachianappraisal.com
CARDINAL REAL ESTATE SERVICES, LLC	cardinalrealestateservices.com
CARDINAL REAL ESTATE SERVICES, LLC	cardinalrealestate.com
TOM HOWARD & ASSOCIATES	tomhowardandassociates.com
TOM HOWARD & ASSOCIATES	tomhowardand.com
HOWARD APPRAISAL SERVICES, LLC	howardappraisalservices.com
HOWARD APPRAISAL SERVICES, LLC	howardappraisal.com
HOWARD APPRAISAL SERVICES, LLC	howardappraisalervices.com
REDSTONE VALUATIONS LLC	redstonevaluations.com
SKYLINE PROPERTIES INC	skylineproperties.com
MARK A HOWERTON	markahowerton.com
HUBBARD PROPERTY GROUP, LLC	hubbardproperty.com
HUBBARD PROPERTY GROUP, LLC	hubbardpropertygroup.com
SALEM APPRAISAL SERVICES	salemappraisal.com
SALEM APPRAISAL SERVICES	salemappraisalservices.com
SALEM APPRAISAL SERVICES	salemappraisalervices.com
INDIGO VALUATION GROUP	indigovaluation.com
INDIGO VALUATION GROUP	indigovaluationgroup.com
BK APPRAISAL SERVICES	bkappraisalservices.com
BK APPRAISAL SERVICES	bkappraisal.com
BK APPRAISAL SERVICES	bkappraisalervices.com
CORNERSTONE VALUATION SERVICES, LLC	cornerstonevaluation.com
CORNERSTONE VALUATION SERVICES, LLC	cornerstonevaluationservices.com
HUGHES AND ASSOCIATES, INC.	hughesandassociates.com
HUGHES AND ASSOCIATES, INC.	hughesand.com
BOB HULLET REALTY, INC.	bobhulletrealty.com
HOWARD HULLETT APRR & RLTY INC	howardhullettaprrandrlty.com
SEASIDE APPRAISAL INC	seasideappraisals.com
SEASIDE APPRAISAL INC	seasideappraisal.com
ENFIELD REAL ESTATE	enfieldrealestate.com
HYDE APPRAISAL COMPANY	hydeappraisal.com
HYDE APPRAISAL COMPANY	hydeappraisals.com
JAMES EARP APPRAISAL SERVICES	jamesearpappraisalervices.com
JAMES EARP APPRAISAL SERVICES	jamesearpappraisalservices.com
JAMES EARP APPRAISAL SERVICES	jamesearpappraisal.com
TOM INSCOE APPRAISALS	tominscoeappraisals.com
TOM INSCOE APPRAISALS	tominscoeappraisal.com
BOB IPOCK & ASSOC INC	bobipockandassoc.com
KB APPRAISAL SERVICE, LLC	kbappraisalservice.com
KB APPRAISAL SERVICE, LLC	kbappraisalervice.com
KB APPRAISAL SERVICE, LLC	kbappraisal.com
VONN ISENHOUR APPRAISAL SERVICE, LLC	vonnisenhourappraisalervice.com
VONN ISENHOUR APPRAISAL SERVICE, LLC	vonnisenhourappraisalservice.com
VONN ISENHOUR APPRAISAL SERVICE, LLC	vonnisenhourappraisal.com
ASSOCIATED APPRAISAL SERVICES	associatedappraisalervices.com
ASSOCIATED APPRAISAL SERVICES	associatedappraisal.com
ASSOCIATED APPRAISAL SERVICES	associatedappraisalservices.com
BRADLEY A JAMES APPRAISAL	bradleyajamesappraisals.com
BRADLEY A JAMES APPRAISAL	bradleyajamesappraisal.com
BAY VIEW APPRAISAL	bayviewappraisal.com
BAY VIEW APPRAISAL	bayviewappraisals.com
MOUNTAIN CREEK APPRAISALS, LLC	mountaincreekappraisal.com
MOUNTAIN CREEK APPRAISALS, LLC	mountaincreekappraisals.com
JARRETT APPRAISAL SERVICES	jarrettappraisalservices.com
JARRETT APPRAISAL SERVICES	jarrettappraisalervices.com
JARRETT APPRAISAL SERVICES	jarrettappraisal.com
FOXX APPRAISALS, INC.	foxxappraisal.com
FOXX APPRAISALS, INC.	foxxappraisals.com
JAY APPRAISAL ASSOCIATES	jayappraisalassociates.com
JAY APPRAISAL ASSOCIATES	jayappraisalsassociates.com
JAY APPRAISAL ASSOCIATES	jayappraisal.com
HIGH STAKES REAL ESTATE APPRAISALS	highstakesrealestateappraisal.com
HIGH STAKES REAL ESTATE APPRAISALS	highstakesrealestateappraisals.com
WELLS FARGO	wellsfargo.com
BAG APPRAISALS, LLC	bagappraisals.com
BAG APPRAISALS, LLC	bagappraisal.com
REAL ESTATE  APPRAISAL & RESEARCH	realestateappraisalsandresearch.com
REAL ESTATE  APPRAISAL & RESEARCH	realestateappraisalandresearch.com
VOGITT APPRAISAL & ASSOCIATES	vogittappraisalsandassociates.com
VOGITT APPRAISAL & ASSOCIATES	vogittappraisaland.com
VOGITT APPRAISAL & ASSOCIATES	vogittappraisalandassociates.com
JERNIGAN'S APPRAISAL SERVICE, INC.	jernigansappraisalervice.com
JERNIGAN'S APPRAISAL SERVICE, INC.	jernigansappraisal.com
JERNIGAN'S APPRAISAL SERVICE, INC.	jernigansappraisalservice.com
JOHANSON CONSULTING LLC	johansonconsulting.com
FOUR LEAF APPRAISAL	fourleafappraisal.com
FOUR LEAF APPRAISAL	fourleafappraisals.com
MOYE & ASSOCIATES	moyeand.com
MOYE & ASSOCIATES	moyeandassociates.com
TRUVALUE APPRAISALS,LLC	truvalueappraisalllc.com
TRUVALUE APPRAISALS,LLC	truvalueappraisalsllc.com
DWJ, INC.	dwj.com
CRYSTAL COAST APPRAISALS LLC	crystalcoastappraisals.com
CRYSTAL COAST APPRAISALS LLC	crystalcoastappraisal.com
TRUVALUE APPRAISALS, LLC	truvalueappraisals.com
TRUVALUE APPRAISALS, LLC	truvalueappraisal.com
HUNTINGTON BANK	huntingtonbank.com
SUN POINT APPRAISALS, INC.	sunpointappraisal.com
SUN POINT APPRAISALS, INC.	sunpointappraisals.com
CUMBERLAND APPRAISAL SERVICE INC	cumberlandappraisalervice.com
CUMBERLAND APPRAISAL SERVICE INC	cumberlandappraisal.com
CUMBERLAND APPRAISAL SERVICE INC	cumberlandappraisalservice.com
ACCURATE APPRAISALS OF NORTH CAROLINA, INC.	accurateappraisalofnorthcarolina.com
ACCURATE APPRAISALS OF NORTH CAROLINA, INC.	accurateappraisalsofnorthcarolina.com
STURDIVANT & ASSOC	sturdivantandassoc.com
JOHNSON APPRAISAL SERVICE, LLC	johnsonappraisal.com
JOHNSON APPRAISAL SERVICE, LLC	johnsonappraisalervice.com
JOHNSON APPRAISAL SERVICE, LLC	johnsonappraisalservice.com
MCNAIRY & ASSOC	mcnairyandassoc.com
ABSOLUTE APPRAISALS	absoluteappraisals.com
ABSOLUTE APPRAISALS	absoluteappraisal.com
LONG BAY VALUATION & ADVISORY	longbayvaluationandadvisory.com
HAMPTON ROADS VALUATIONS, LLC	hamptonroadsvaluations.com
BRYAN & COMPANY APPRAISALS	bryanandappraisals.com
BRYAN & COMPANY APPRAISALS	bryanandappraisal.com
ABLE CAPITAL APPRAISAL	ablecapitalappraisals.com
ABLE CAPITAL APPRAISAL	ablecapitalappraisal.com
INGRAM & COMPANY, INC.	ingramand.com
APPRAISING THE CAROLINAS	appraisingthecarolinas.com
H B JONES APPRAISALS	hbjonesappraisals.com
H B JONES APPRAISALS	hbjonesappraisal.com
RLTY SVCS OF EAST CAROLINA INC	rltysvcsofeastcarolina.com
RANDY JONES RES LLC	randyjonesres.com
A.J. APPRAISAL SERVICES, LLC	ajappraisal.com
A.J. APPRAISAL SERVICES, LLC	ajappraisalservices.com
A.J. APPRAISAL SERVICES, LLC	ajappraisalervices.com
JOYNER APPRAISAL	joynerappraisals.com
JOYNER APPRAISAL	joynerappraisal.com
SKYLINE APPRAISAL SERVICES	skylineappraisal.com
SKYLINE APPRAISAL SERVICES	skylineappraisalservices.com
SKYLINE APPRAISAL SERVICES	skylineappraisalervices.com
THE QUEEN BUNGALOW APPRAISAL SERVICE LLC	thequeenbungalowappraisal.com
THE QUEEN BUNGALOW APPRAISAL SERVICE LLC	thequeenbungalowappraisalservice.com
THE QUEEN BUNGALOW APPRAISAL SERVICE LLC	thequeenbungalowappraisalervice.com
KANIPE APPRAISALS	kanipeappraisal.com
KANIPE APPRAISALS	kanipeappraisals.com
THE REAL PROPERTY GROUP	therealproperty.com
THE REAL PROPERTY GROUP	therealpropertygroup.com
KEENER APPRAISAL GROUP	keenerappraisalsgroup.com
KEENER APPRAISAL GROUP	keenerappraisal.com
KEENER APPRAISAL GROUP	keenerappraisalgroup.com
PIEDMONT REAL ESTATE SERVICES LLC	piedmontrealestateservices.com
PIEDMONT REAL ESTATE SERVICES LLC	piedmontrealestate.com
KEY APPRAISALS LLC	keyappraisals.com
KEY APPRAISALS LLC	keyappraisal.com
GWEN KELLER	gwenkeller.com
J.S. KELLUM APPRAISALS	jskellumappraisals.com
J.S. KELLUM APPRAISALS	jskellumappraisal.com
SUPERIOR APPRAISALS	superiorappraisal.com
SUPERIOR APPRAISALS	superiorappraisals.com
SOUTHERN VALUES	southernvalues.com
KELLY APPRAISAL OF CAROLINA	kellyappraisalofcarolina.com
KELLY APPRAISAL OF CAROLINA	kellyappraisalsofcarolina.com
DBK APPRAISAL CO	dbkappraisal.com
DBK APPRAISAL CO	dbkappraisals.com
APPRAISAL EXPRESS OF NC	appraisalsexpressofnc.com
APPRAISAL EXPRESS OF NC	appraisalexpressofnc.com
THE APPRAISAL CONNECTION	theappraisalsconnection.com
THE APPRAISAL CONNECTION	theappraisalconnection.com
APPRAISAL RESOURCES OF THE TRIANGLE	appraisalsresourcesofthetriangle.com
APPRAISAL RESOURCES OF THE TRIANGLE	appraisalresourcesofthetriangle.com
KEY APPRAISALS OF NC	keyappraisalofnc.com
KEY APPRAISALS OF NC	keyappraisalsofnc.com
WILLIAM T KIDD & ASSOC	williamtkiddandassoc.com
MOYE & ASSOCIATES INC	moyeand.com
MOYE & ASSOCIATES INC	moyeandassociates.com
A & K APPRAISALS, INC.	aandkappraisals.com
A & K APPRAISALS, INC.	aandkappraisal.com
KINDT APPRAISAL SERVICE	kindtappraisalervice.com
KINDT APPRAISAL SERVICE	kindtappraisalservice.com
KINDT APPRAISAL SERVICE	kindtappraisal.com
KING VALUATION SERVICES, LLC	kingvaluationservices.com
KING VALUATION SERVICES, LLC	kingvaluation.com
HOMINY VALLEY APPRAISAL	hominyvalleyappraisals.com
HOMINY VALLEY APPRAISAL	hominyvalleyappraisal.com
J&T APPRAISALS, INC.	jandtappraisal.com
J&T APPRAISALS, INC.	jandtappraisals.com
KIRBY APPRAISAL COMPANY	kirbyappraisal.com
KIRBY APPRAISAL COMPANY	kirbyappraisals.com
PROVALUATIONS	provaluations.com
KIRKPATRICK APPRAISAL SERVICES	kirkpatrickappraisalservices.com
KIRKPATRICK APPRAISAL SERVICES	kirkpatrickappraisal.com
KIRKPATRICK APPRAISAL SERVICES	kirkpatrickappraisalervices.com
ASHEVILLE APPRAISALS, INC	ashevilleappraisals.com
ASHEVILLE APPRAISALS, INC	ashevilleappraisal.com
MAIN STREET APPRAISALS, LLC	mainstreetappraisal.com
MAIN STREET APPRAISALS, LLC	mainstreetappraisals.com
ACCURATE APPRAISAL SERVICE	accurateappraisal.com
ACCURATE APPRAISAL SERVICE	accurateappraisalservice.com
ACCURATE APPRAISAL SERVICE	accurateappraisalervice.com
APPRAISAL GROUP OF CHARLOTTE METRO	appraisalsgroupofcharlottemetro.com
APPRAISAL GROUP OF CHARLOTTE METRO	appraisalgroupofcharlottemetro.com
KNIGHT APPRAISING	knightappraising.com
KOELZ APPRAISAL SERVICES	koelzappraisalservices.com
KOELZ APPRAISAL SERVICES	koelzappraisalervices.com
KOELZ APPRAISAL SERVICES	koelzappraisal.com
LORI ALEXANDER KOONTZ	lorialexanderkoontz.com
SQUARE FOOT HOUSE MEASURING & APPRAISALS	squarefoothousemeasuringandappraisal.com
SQUARE FOOT HOUSE MEASURING & APPRAISALS	squarefoothousemeasuringandappraisals.com
CAROLINA APPRAISAL TEAM, INC.	carolinaappraisalsteam.com
CAROLINA APPRAISAL TEAM, INC.	carolinaappraisalteam.com
CHAPPELL APPRAISALS	chappellappraisals.com
CHAPPELL APPRAISALS	chappellappraisal.com
CAROLINA APPRAISAL	carolinaappraisals.com
CAROLINA APPRAISAL	carolinaappraisal.com
DAIL & ASSOCIATES	dailand.com
DAIL & ASSOCIATES	dailandassociates.com
QUEEN CITY APPRAISAL, INC	queencityappraisals.com
QUEEN CITY APPRAISAL, INC	queencityappraisal.com
WOLFF APPRAISALS LLC	wolffappraisal.com
WOLFF APPRAISALS LLC	wolffappraisals.com
THE MCDONALD APPRAISAL GROUP	themcdonaldappraisalsgroup.com
THE MCDONALD APPRAISAL GROUP	themcdonaldappraisalgroup.com
THE MCDONALD APPRAISAL GROUP	themcdonaldappraisal.com
LAMBERT APPRAISAL SERVICES, LLC	lambertappraisalservices.com
LAMBERT APPRAISAL SERVICES, LLC	lambertappraisal.com
LAMBERT APPRAISAL SERVICES, LLC	lambertappraisalervices.com
LADD LANCASTER INCORPORATED	laddlancaster.com
THE LANCASTER COMPANY	thelancaster.com
KELLY APPRAISALS INC	kellyappraisals.com
KELLY APPRAISALS INC	kellyappraisal.com
LANGDON APPRAISAL SERVICE	langdonappraisalervice.com
LANGDON APPRAISAL SERVICE	langdonappraisal.com
LANGDON APPRAISAL SERVICE	langdonappraisalservice.com
ALLCOAST APPRAISAL LLC	allcoastappraisals.com
ALLCOAST APPRAISAL LLC	allcoastappraisal.com
PIEDMONT APPRAISAL COMPANY, LLC	piedmontappraisal.com
PIEDMONT APPRAISAL COMPANY, LLC	piedmontappraisals.com
SWEETING APPRAISAL SER	sweetingappraisalser.com
SWEETING APPRAISAL SER	sweetingappraisaler.com
DAVID LAWS APPRAISAL SERVICE	davidlawsappraisalervice.com
DAVID LAWS APPRAISAL SERVICE	davidlawsappraisalservice.com
DAVID LAWS APPRAISAL SERVICE	davidlawsappraisal.com
LAWSON APPRAISAL SERVICE	lawsonappraisalervice.com
LAWSON APPRAISAL SERVICE	lawsonappraisalservice.com
LAWSON APPRAISAL SERVICE	lawsonappraisal.com
IKE SLAUGHTER APPRAISAL SERVICES, INC	ikeslaughterappraisalervices.com
IKE SLAUGHTER APPRAISAL SERVICES, INC	ikeslaughterappraisalservices.com
IKE SLAUGHTER APPRAISAL SERVICES, INC	ikeslaughterappraisal.com
LAYTON APPRAISALS, INC.	laytonappraisals.com
LAYTON APPRAISALS, INC.	laytonappraisal.com
LAZARO & COMPANY	lazaroand.com
LAZAROWICZ & ASSOC INC	lazarowiczandassoc.com
FARMSTEAD APPRAISALS	farmsteadappraisals.com
FARMSTEAD APPRAISALS	farmsteadappraisal.com
LAZARUS APPRAISALS	lazarusappraisal.com
LAZARUS APPRAISALS	lazarusappraisals.com
LAZER FAST APPRAISERS	lazerfastappraisers.com
VALSTONE GROUP	valstonegroup.com
VALSTONE GROUP	valstone.com
LEDFORD APPRAISALS	ledfordappraisals.com
LEDFORD APPRAISALS	ledfordappraisal.com
CARROLL P KNOX APPRAISALS,INC	carrollpknoxappraisalinc.com
CARROLL P KNOX APPRAISALS,INC	carrollpknoxappraisalsinc.com
IAPPRAISE-IT	iappraiseit.com
MOUNTAIN VALUATION SERVICES	mountainvaluationservices.com
MOUNTAIN VALUATION SERVICES	mountainvaluation.com
SIMPSON-LENARD APPRAISERS	simpsonlenardappraisers.com
ANGIES APPRAISAL SERVICE	angiesappraisalervice.com
ANGIES APPRAISAL SERVICE	angiesappraisalservice.com
ANGIES APPRAISAL SERVICE	angiesappraisal.com
WILLIAM LEVIER APPRAISALS	williamlevierappraisals.com
WILLIAM LEVIER APPRAISALS	williamlevierappraisal.com
LEVINER REALTY & APPRAISAL, INC	levinerrealtyandappraisal.com
LEVINER REALTY & APPRAISAL, INC	levinerrealtyandappraisals.com
LEWIS APPRAISALS	lewisappraisal.com
LEWIS APPRAISALS	lewisappraisals.com
CBL LLC	cbl.com
FEL,LLC	felllc.com
LEWIS APPRAISAL GROUP	lewisappraisalgroup.com
LEWIS APPRAISAL GROUP	lewisappraisalsgroup.com
LEWIS APPRAISAL GROUP	lewisappraisal.com
LIGHTNING APPRAISAL COMPANY, LLC	lightningappraisal.com
LIGHTNING APPRAISAL COMPANY, LLC	lightningappraisals.com
LEWIS APPRAISALS, INC.	lewisappraisal.com
LEWIS APPRAISALS, INC.	lewisappraisals.com
FIDELIS APPRAISALS, LLC	fidelisappraisals.com
FIDELIS APPRAISALS, LLC	fidelisappraisal.com
LEONARD TAYLOR APPRAISALS, INC	leonardtaylorappraisals.com
LEONARD TAYLOR APPRAISALS, INC	leonardtaylorappraisal.com
LIMA APPRAISALS	limaappraisals.com
LIMA APPRAISALS	limaappraisal.com
LINDSLEY APPRAISAL SERVICE	lindsleyappraisal.com
LINDSLEY APPRAISAL SERVICE	lindsleyappraisalervice.com
LINDSLEY APPRAISAL SERVICE	lindsleyappraisalservice.com
LNL ASSOCIATES	lnl.com
LNL ASSOCIATES	lnlassociates.com
LINK APPRAISAL SERVICES	linkappraisalervices.com
LINK APPRAISAL SERVICES	linkappraisal.com
LINK APPRAISAL SERVICES	linkappraisalservices.com
VELOCITY APPRAISAL	velocityappraisals.com
VELOCITY APPRAISAL	velocityappraisal.com
METROLINA APPRAISAL GROUP	metrolinaappraisal.com
METROLINA APPRAISAL GROUP	metrolinaappraisalsgroup.com
METROLINA APPRAISAL GROUP	metrolinaappraisalgroup.com
THE ADAERO GROUP, LLC	theadaero.com
THE ADAERO GROUP, LLC	theadaerogroup.com
LOFLIN APPRAISAL SERVICES, LLC	loflinappraisal.com
LOFLIN APPRAISAL SERVICES, LLC	loflinappraisalervices.com
LOFLIN APPRAISAL SERVICES, LLC	loflinappraisalservices.com
LOFTUS APPRAISAL SERVICE	loftusappraisalservice.com
LOFTUS APPRAISAL SERVICE	loftusappraisal.com
LOFTUS APPRAISAL SERVICE	loftusappraisalervice.com
WAYNE APPRAISAL SERVICES	wayneappraisal.com
WAYNE APPRAISAL SERVICES	wayneappraisalservices.com
WAYNE APPRAISAL SERVICES	wayneappraisalervices.com
LONG APPRAISALS	longappraisals.com
LONG APPRAISALS	longappraisal.com
PHYLLIS LONG REALTY	phyllislongrealty.com
RHL APPRAISALS	rhlappraisal.com
RHL APPRAISALS	rhlappraisals.com
SNL APPRAISALS, LLC	snlappraisal.com
SNL APPRAISALS, LLC	snlappraisals.com
LOVELAND PROPERTIES AND APPRAISAL	lovelandpropertiesandappraisal.com
LOVELAND PROPERTIES AND APPRAISAL	lovelandpropertiesandappraisals.com
ADVANCED APPRAISALS	advancedappraisals.com
ADVANCED APPRAISALS	advancedappraisal.com
LUSK APPRAISAL COMPANY	luskappraisals.com
LUSK APPRAISAL COMPANY	luskappraisal.com
LYMAN APPRAISAL SERVICES, LLC	lymanappraisal.com
LYMAN APPRAISAL SERVICES, LLC	lymanappraisalservices.com
LYMAN APPRAISAL SERVICES, LLC	lymanappraisalervices.com
APPRAISAL SERVICES BL LLC	appraisalervicesbl.com
APPRAISAL SERVICES BL LLC	appraisalservicesbl.com
TRIANGLE RESIDENTIAL VALUATIONS	triangleresidentialvaluations.com
A+ APPRAISING	aappraising.com
MCM APPRAISAL & REAL ESTATE SERVICES	mcmappraisalandrealestateservices.com
MCM APPRAISAL & REAL ESTATE SERVICES	mcmappraisalandrealestate.com
MCM APPRAISAL & REAL ESTATE SERVICES	mcmappraisalsandrealestateservices.com
STEVEN L MAHER & ASSOC	stevenlmaherandassoc.com
DM APPRAISING	dmappraising.com
BIDENCOPE & ASSOCIATES	bidencopeand.com
BIDENCOPE & ASSOCIATES	bidencopeandassociates.com
MALLAMAS APPRAISAL SERVICE	mallamasappraisalservice.com
MALLAMAS APPRAISAL SERVICE	mallamasappraisal.com
MALLAMAS APPRAISAL SERVICE	mallamasappraisalervice.com
CERTIFIED APPRAISALS	certifiedappraisal.com
CERTIFIED APPRAISALS	certifiedappraisals.com
DESIGNER HOMES LLC	designerhomes.com
PNC BANK	pncbank.com
MANNING HOLDINGS	manningholdings.com
MANSFIELD & ASSOCIATES, INC.	mansfieldand.com
MANSFIELD & ASSOCIATES, INC.	mansfieldandassociates.com
EAST CAROLINA APPRAISAL SERVICE,LLC	eastcarolinaappraisalervicellc.com
EAST CAROLINA APPRAISAL SERVICE,LLC	eastcarolinaappraisalservicellc.com
MARCUSE APPRAISAL GROUP	marcuseappraisal.com
MARCUSE APPRAISAL GROUP	marcuseappraisalgroup.com
MARCUSE APPRAISAL GROUP	marcuseappraisalsgroup.com
HOMETOWN APPRAISER, LLC	hometownappraiser.com
MARION APPRAISAL LLC	marionappraisal.com
MARION APPRAISAL LLC	marionappraisals.com
MARLOW RE APPRAISAL SRVCS	marlowreappraisalrvcs.com
MARLOW RE APPRAISAL SRVCS	marlowreappraisalsrvcs.com
ARSENAL APPRAISAL INC.	arsenalappraisal.com
ARSENAL APPRAISAL INC.	arsenalappraisals.com
MARSHALL APPRAISALS, LLC	marshallappraisal.com
MARSHALL APPRAISALS, LLC	marshallappraisals.com
A MARTIN REAL ESTATE APPRAISALS	amartinrealestateappraisals.com
A MARTIN REAL ESTATE APPRAISALS	amartinrealestateappraisal.com
SEABREEZE APPRAISALS, INC	seabreezeappraisal.com
SEABREEZE APPRAISALS, INC	seabreezeappraisals.com
TOWNEBANK	townebank.com
A. MARVIN APPRAISAL, LLC	amarvinappraisals.com
A. MARVIN APPRAISAL, LLC	amarvinappraisal.com
DAVID S. MASSEY, INC	davidsmassey.com
TAYLOR & ASSOCIATES APPRAISERS INC.	taylorandassociatesappraisers.com
MATHEWS APPRAISAL, INC	mathewsappraisals.com
MATHEWS APPRAISAL, INC	mathewsappraisal.com
MATHIAS APPRAISAL SERVICE	mathiasappraisal.com
MATHIAS APPRAISAL SERVICE	mathiasappraisalservice.com
MATHIAS APPRAISAL SERVICE	mathiasappraisalervice.com
MAULDIN REAL ESTATE SERVICES, INC.	mauldinrealestate.com
MAULDIN REAL ESTATE SERVICES, INC.	mauldinrealestateservices.com
THOMAS M. MAXWELL	thomasmmaxwell.com
RENE A MAY APPRAISALS	reneamayappraisals.com
RENE A MAY APPRAISALS	reneamayappraisal.com
KDM APPRAISALS, LLC	kdmappraisals.com
KDM APPRAISALS, LLC	kdmappraisal.com
PREFERRED APPRAISERS	preferredappraisers.com
MCBRIDE APPRAISALS, LLC	mcbrideappraisal.com
MCBRIDE APPRAISALS, LLC	mcbrideappraisals.com
MCCALL APPRAISAL, LLC	mccallappraisal.com
MCCALL APPRAISAL, LLC	mccallappraisals.com
MCCALL REALTY AND APPRAISAL CO.	mccallrealtyandappraisal.com
MCCALL REALTY AND APPRAISAL CO.	mccallrealtyandappraisals.com
SANDY TOES APPRAISALS INC	sandytoesappraisals.com
SANDY TOES APPRAISALS INC	sandytoesappraisal.com
TREASURE COAST APPRAISALS LLC	treasurecoastappraisal.com
TREASURE COAST APPRAISALS LLC	treasurecoastappraisals.com
MCCLURE APPRAISAL SERVICES, LLC	mcclureappraisalervices.com
MCCLURE APPRAISAL SERVICES, LLC	mcclureappraisalservices.com
MCCLURE APPRAISAL SERVICES, LLC	mcclureappraisal.com
RDM APPRAISAL LLC	rdmappraisal.com
RDM APPRAISAL LLC	rdmappraisals.com
PIEDMONT APPRAISERS	piedmontappraisers.com
AAA VALUATIONS LLC	aaavaluations.com
MCCULLEN GROUP INC	mccullen.com
MCCULLEN GROUP INC	mccullengroup.com
MCDONALD APPRAISAL GROUP INC	mcdonaldappraisalgroup.com
MCDONALD APPRAISAL GROUP INC	mcdonaldappraisalsgroup.com
MCDONALD APPRAISAL GROUP INC	mcdonaldappraisal.com
JM REAL ESTATE VALUATION & ADVISORY	jmrealestatevaluationandadvisory.com
KLM APPRAISALS	klmappraisals.com
KLM APPRAISALS	klmappraisal.com
PAM MCHONE APPRAISALS	pammchoneappraisal.com
PAM MCHONE APPRAISALS	pammchoneappraisals.com
MCINNIS APPRAISALS	mcinnisappraisal.com
MCINNIS APPRAISALS	mcinnisappraisals.com
CLEAR POINT APPRAISAL COMPANY, INC.	clearpointappraisals.com
CLEAR POINT APPRAISAL COMPANY, INC.	clearpointappraisal.com
APPRAISAL PLUS, LLC	appraisalsplus.com
APPRAISAL PLUS, LLC	appraisalplus.com
MCINTYRE APPRAISALS LLC	mcintyreappraisal.com
MCINTYRE APPRAISALS LLC	mcintyreappraisals.com
MOUNTAIN VALUATION SERVICES, INC.	mountainvaluationservices.com
MOUNTAIN VALUATION SERVICES, INC.	mountainvaluation.com
MCLAMB & ASSOCIATES, INC.	mclambandassociates.com
MCLAMB & ASSOCIATES, INC.	mclamband.com
APPRAISAL SERVICES COMPANY, INC.	appraisal.com
APPRAISAL SERVICES COMPANY, INC.	appraisalservices.com
APPRAISAL SERVICES COMPANY, INC.	appraisalervices.com
MCLEOD APPRAISAL GROUP LLC	mcleodappraisal.com
MCLEOD APPRAISAL GROUP LLC	mcleodappraisalgroup.com
MCLEOD APPRAISAL GROUP LLC	mcleodappraisalsgroup.com
MCMANUS APPRAISAL GROUP, INC	mcmanusappraisalgroup.com
MCMANUS APPRAISAL GROUP, INC	mcmanusappraisalsgroup.com
MCMANUS APPRAISAL GROUP, INC	mcmanusappraisal.com
NORTH STATE APPRAISAL, INC	northstateappraisal.com
NORTH STATE APPRAISAL, INC	northstateappraisals.com
AME  APPRAISAL SERVICE	ameappraisalervice.com
AME  APPRAISAL SERVICE	ameappraisal.com
AME  APPRAISAL SERVICE	ameappraisalservice.com
CHARLOTTE HOME APPRAISAL	charlottehomeappraisal.com
CHARLOTTE HOME APPRAISAL	charlottehomeappraisals.com
MCPHAUL  APPRAISAL INC.	mcphaulappraisals.com
MCPHAUL  APPRAISAL INC.	mcphaulappraisal.com
MCPHAUL REAL ESTATE	mcphaulrealestate.com
MCSWAIN & ASSOCIATES	mcswainandassociates.com
MCSWAIN & ASSOCIATES	mcswainand.com
MCVEY APPRAISALS	mcveyappraisals.com
MCVEY APPRAISALS	mcveyappraisal.com
UNDERDOWN-MEADOWS	underdownmeadows.com
A & S ONE, INC.	aandsone.com
MEDLIN APPRAISALS	medlinappraisal.com
MEDLIN APPRAISALS	medlinappraisals.com
TIM MEDLIN ENTERPRISES	timmedlinenterprises.com
MELLNIK REAL ESTATE SERVICES	mellnikrealestate.com
MELLNIK REAL ESTATE SERVICES	mellnikrealestateservices.com
CLEVELAND APPRAISAL SERVICE	clevelandappraisalervice.com
CLEVELAND APPRAISAL SERVICE	clevelandappraisal.com
CLEVELAND APPRAISAL SERVICE	clevelandappraisalservice.com
MESSICK APPRAISAL SERVICES LLC	messickappraisalservices.com
MESSICK APPRAISAL SERVICES LLC	messickappraisalervices.com
MESSICK APPRAISAL SERVICES LLC	messickappraisal.com
MEYER APPRAISAL GROUP	meyerappraisalsgroup.com
MEYER APPRAISAL GROUP	meyerappraisalgroup.com
MEYER APPRAISAL GROUP	meyerappraisal.com
MIKE POWELL APPRAISAL GROUP	mikepowellappraisal.com
MIKE POWELL APPRAISAL GROUP	mikepowellappraisalgroup.com
MIKE POWELL APPRAISAL GROUP	mikepowellappraisalsgroup.com
VALLIGENT	valligent.com
MICOL APPRAISALS LLC	micolappraisal.com
MICOL APPRAISALS LLC	micolappraisals.com
2055 APPRAISALS, INC.	2055appraisals.com
2055 APPRAISALS, INC.	2055appraisal.com
MIKUSA APPRAISAL SERVICES	mikusaappraisalervices.com
MIKUSA APPRAISAL SERVICES	mikusaappraisal.com
MIKUSA APPRAISAL SERVICES	mikusaappraisalservices.com
VICTORIA MILES	victoriamiles.com
APPRAISAL NETWORK, LLC	appraisalsnetwork.com
APPRAISAL NETWORK, LLC	appraisalnetwork.com
MILLER APPRAISAL SERVICE	millerappraisal.com
MILLER APPRAISAL SERVICE	millerappraisalservice.com
MILLER APPRAISAL SERVICE	millerappraisalervice.com
ON POINT VALUATION	onpointvaluation.com
MILLER APPRAISAL	millerappraisals.com
MILLER APPRAISAL	millerappraisal.com
J MILLER APPRAISAL	jmillerappraisal.com
J MILLER APPRAISAL	jmillerappraisals.com
REALTY CONSULTING GROUP, LLC	realtyconsulting.com
REALTY CONSULTING GROUP, LLC	realtyconsultinggroup.com
RB MILLER APPRAISAL GROUP	rbmillerappraisalsgroup.com
RB MILLER APPRAISAL GROUP	rbmillerappraisal.com
RB MILLER APPRAISAL GROUP	rbmillerappraisalgroup.com
BMA	bma.com
ASAP APPRAISAL CO., INC.	asapappraisals.com
ASAP APPRAISAL CO., INC.	asapappraisal.com
MITCHELL APPRAISAL SERVICES, INC.	mitchellappraisalservices.com
MITCHELL APPRAISAL SERVICES, INC.	mitchellappraisal.com
MITCHELL APPRAISAL SERVICES, INC.	mitchellappraisalervices.com
ROBBIE MOLES REAL ESTATE	robbiemolesrealestate.com
LUMINA APPRAISAL CO	luminaappraisals.com
LUMINA APPRAISAL CO	luminaappraisal.com
MOORE 4-U APPRAISALS	moore4uappraisal.com
MOORE 4-U APPRAISALS	moore4uappraisals.com
MOORE'S APPRAISAL SERVICCE	mooresappraisalservicce.com
MOORE'S APPRAISAL SERVICCE	mooresappraisalervicce.com
KMB APPRAISALS, LLC	kmbappraisals.com
KMB APPRAISALS, LLC	kmbappraisal.com
MORGAN APPRAISAL SERVICE	morganappraisalservice.com
MORGAN APPRAISAL SERVICE	morganappraisal.com
MORGAN APPRAISAL SERVICE	morganappraisalervice.com
TRIANGLE APPRAISALS & CONSULTING	triangleappraisalandconsulting.com
TRIANGLE APPRAISALS & CONSULTING	triangleappraisalsandconsulting.com
MORRISETTE APPRAISALS, LLC	morrisetteappraisal.com
MORRISETTE APPRAISALS, LLC	morrisetteappraisals.com
COASTAL APPRAISAL GROUP, LLC	coastalappraisal.com
COASTAL APPRAISAL GROUP, LLC	coastalappraisalsgroup.com
COASTAL APPRAISAL GROUP, LLC	coastalappraisalgroup.com
ASK APPRAISALS	askappraisal.com
ASK APPRAISALS	askappraisals.com
J GREGORY MORSE APPRAISALS, LLC	jgregorymorseappraisal.com
J GREGORY MORSE APPRAISALS, LLC	jgregorymorseappraisals.com
EXECUTIVE APPRAISALS, LLC	executiveappraisals.com
EXECUTIVE APPRAISALS, LLC	executiveappraisal.com
MOSELEY APPRAISAL SERVICES	moseleyappraisalervices.com
MOSELEY APPRAISAL SERVICES	moseleyappraisal.com
MOSELEY APPRAISAL SERVICES	moseleyappraisalservices.com
THE MOWERY GROUP	themowerygroup.com
THE MOWERY GROUP	themowery.com
BOB MULDER APPRAISALS	bobmulderappraisal.com
BOB MULDER APPRAISALS	bobmulderappraisals.com
BRET MUNDY REAL ESTATE LLC	bretmundyrealestate.com
MURRAY APPRAISALS, LLC	murrayappraisal.com
MURRAY APPRAISALS, LLC	murrayappraisals.com
EMPIRE REAL ESTATE SERVICES, INC.	empirerealestateservices.com
EMPIRE REAL ESTATE SERVICES, INC.	empirerealestate.com
ACCUVAL APPRAISALS	accuvalappraisals.com
ACCUVAL APPRAISALS	accuvalappraisal.com
TONY MYERS APPRAISALS	tonymyersappraisals.com
TONY MYERS APPRAISALS	tonymyersappraisal.com
JP MYERS APPRAISALS	jpmyersappraisal.com
JP MYERS APPRAISALS	jpmyersappraisals.com
CAROLINA APPRAISAL CO	carolinaappraisals.com
CAROLINA APPRAISAL CO	carolinaappraisal.com
GAMMAGE APPRAISALS	gammageappraisals.com
GAMMAGE APPRAISALS	gammageappraisal.com
MYERS REAL ESTATE SERVICES	myersrealestateservices.com
MYERS REAL ESTATE SERVICES	myersrealestate.com
NANCE APPRAISALS LLC	nanceappraisal.com
NANCE APPRAISALS LLC	nanceappraisals.com
NANCE APPRAISALS	nanceappraisal.com
NANCE APPRAISALS	nanceappraisals.com
CB NARRON APPRAISALS, LLC	cbnarronappraisals.com
CB NARRON APPRAISALS, LLC	cbnarronappraisal.com
NASH APPRAISAL SERVICES, INC.	nashappraisalervices.com
NASH APPRAISAL SERVICES, INC.	nashappraisalservices.com
NASH APPRAISAL SERVICES, INC.	nashappraisal.com
NASH VALUATIONS, INC.	nashvaluations.com
NEEDHAM & ASSOC INC	needhamandassoc.com
NEELY & ASSOCIATES, LLC	neelyand.com
NEELY & ASSOCIATES, LLC	neelyandassociates.com
JOHN B NEESE & CO	johnbneeseand.com
JOHN B NEESE & CO INC	johnbneeseand.com
JOSEPH NELL APPRAISAL REVIEWS	josephnellappraisalsreviews.com
JOSEPH NELL APPRAISAL REVIEWS	josephnellappraisalreviews.com
ELITE APPRAISAL SERVICES	eliteappraisal.com
ELITE APPRAISAL SERVICES	eliteappraisalervices.com
ELITE APPRAISAL SERVICES	eliteappraisalservices.com
NEWMAN RESIDENTIAL APPRAISALS, LLC	newmanresidentialappraisal.com
NEWMAN RESIDENTIAL APPRAISALS, LLC	newmanresidentialappraisals.com
CAROLINA QUALITY APPRAISALS	carolinaqualityappraisal.com
CAROLINA QUALITY APPRAISALS	carolinaqualityappraisals.com
CRIMSON APPRAISAL LLC	crimsonappraisals.com
CRIMSON APPRAISAL LLC	crimsonappraisal.com
AO RESOURCES	aoresources.com
MOUNTAIN MEADOW APPRASIALS, LLC	mountainmeadowapprasials.com
COMMUNITY BANK REAL ESTATE SOLUTIONS	communitybankrealestatesolutions.com
KCN APPRAISAL SERVICE INC	kcnappraisal.com
KCN APPRAISAL SERVICE INC	kcnappraisalservice.com
KCN APPRAISAL SERVICE INC	kcnappraisalervice.com
MCROBERTS APPRAISALS LLC	mcrobertsappraisals.com
MCROBERTS APPRAISALS LLC	mcrobertsappraisal.com
PINNACLE APPRAISAL GROUP LLC	pinnacleappraisal.com
PINNACLE APPRAISAL GROUP LLC	pinnacleappraisalgroup.com
PINNACLE APPRAISAL GROUP LLC	pinnacleappraisalsgroup.com
A+ APPR SRVCS	aapprsrvcs.com
K & C REAL ESTATE, LLC	kandcrealestate.com
THE NORTHCUTT GROUP, INC	thenorthcutt.com
THE NORTHCUTT GROUP, INC	thenorthcuttgroup.com
KEY PROPERTY APPRAISALS, LLC	keypropertyappraisal.com
KEY PROPERTY APPRAISALS, LLC	keypropertyappraisals.com
NORTON APPRAISALS	nortonappraisals.com
NORTON APPRAISALS	nortonappraisal.com
NYE REAL ESTATE, INC	nyerealestate.com
NYE REAL ESTATE, INC.	nyerealestate.com
O'BRIEN APPRAISALS	obrienappraisal.com
O'BRIEN APPRAISALS	obrienappraisals.com
RE APPRAISALS LLC	reappraisals.com
RE APPRAISALS LLC	reappraisal.com
WHITTINGTON APPRAISALS	whittingtonappraisal.com
WHITTINGTON APPRAISALS	whittingtonappraisals.com
HIGH COUNTRY APPRAISALS	highcountryappraisal.com
HIGH COUNTRY APPRAISALS	highcountryappraisals.com
HOME ANALYTICS	homeanalytics.com
BIRCH-OGBURN & CO	birchogburnand.com
PROPERTY VALUATION SERVICES	propertyvaluationservices.com
PROPERTY VALUATION SERVICES	propertyvaluation.com
VALCOR APPRAISAL	valcorappraisal.com
VALCOR APPRAISAL	valcorappraisals.com
PAUL F OLSON	paulfolson.com
HOME APPRAISING, LLC	homeappraising.com
O&G REALTY APPRAISAL CORP	oandgrealtyappraisals.com
O&G REALTY APPRAISAL CORP	oandgrealtyappraisal.com
NORTH TRIAD APPRAISAL SERVICES, LLC	northtriadappraisal.com
NORTH TRIAD APPRAISAL SERVICES, LLC	northtriadappraisalservices.com
NORTH TRIAD APPRAISAL SERVICES, LLC	northtriadappraisalervices.com
VALUELOGIX	valuelogix.com
ELECTRIC APPRAISALS, LLC	electricappraisals.com
ELECTRIC APPRAISALS, LLC	electricappraisal.com
OVERGAARD APPRAISAL	overgaardappraisals.com
OVERGAARD APPRAISAL	overgaardappraisal.com
J & O SERVICES INC	jandoservices.com
J & O SERVICES INC	jando.com
LILY OWENS APPRAISALS	lilyowensappraisals.com
LILY OWENS APPRAISALS	lilyowensappraisal.com
OXFORD HOME VALUATIONS	oxfordhomevaluations.com
DIANE PADERNACHT	dianepadernacht.com
PAGE & ASSOCIATES	pageand.com
PAGE & ASSOCIATES	pageandassociates.com
ALL PRO APPRAISALS	allproappraisal.com
ALL PRO APPRAISALS	allproappraisals.com
JAMES POWELL APPRAISALS	jamespowellappraisals.com
JAMES POWELL APPRAISALS	jamespowellappraisal.com
J TEAM APPRAISERS INC	jteamappraisers.com
PARKER APPRAISALS, LLC	parkerappraisals.com
PARKER APPRAISALS, LLC	parkerappraisal.com
ALBEMARLE APPRAISAL	albemarleappraisal.com
ALBEMARLE APPRAISAL	albemarleappraisals.com
MCLAMB & ASSOC.	mclambandassoc.com
PATE APPRAISAL GROUP	pateappraisal.com
PATE APPRAISAL GROUP	pateappraisalgroup.com
PATE APPRAISAL GROUP	pateappraisalsgroup.com
ALPINE APPRAISALS, LLC	alpineappraisal.com
ALPINE APPRAISALS, LLC	alpineappraisals.com
CARDINAL APPRAISAL & PROPERTY SOLUTIONS	cardinalappraisalsandpropertysolutions.com
CARDINAL APPRAISAL & PROPERTY SOLUTIONS	cardinalappraisalandpropertysolutions.com
PAULK APPRAISAL SERVICES	paulkappraisalservices.com
PAULK APPRAISAL SERVICES	paulkappraisalervices.com
PAULK APPRAISAL SERVICES	paulkappraisal.com
APPRAISAL GROUP OF FREDERICKSBURG	appraisalsgroupoffredericksburg.com
APPRAISAL GROUP OF FREDERICKSBURG	appraisalgroupoffredericksburg.com
PAYNE APPRAISALS	payneappraisals.com
PAYNE APPRAISALS	payneappraisal.com
APPRAISAL, INC.	appraisal.com
APPRAISAL, INC.	appraisals.com
APPRAISAL INCORPORATED	appraisal.com
APPRAISAL INCORPORATED	appraisals.com
PEARL APPRAISAL, INC.	pearlappraisal.com
PEARL APPRAISAL, INC.	pearlappraisals.com
PEARSALL APPRAISAL CO	pearsallappraisals.com
PEARSALL APPRAISAL CO	pearsallappraisal.com
CHRISTINA PEARSON	christinapearson.com
PEARSON & ASSOCIATES	pearsonandassociates.com
PEARSON & ASSOCIATES	pearsonand.com
HARBOURSIDE REALTY SVCS	harboursiderealtysvcs.com
APPRAISAL MASTERS INC	appraisalmasters.com
APPRAISAL MASTERS INC	appraisalsmasters.com
GREEN HORIZONS ENTERPRISE	greenhorizonsenterprise.com
PERKINSON VALUATION SERVICES LLC	perkinsonvaluationservices.com
PERKINSON VALUATION SERVICES LLC	perkinsonvaluation.com
PERKINSON APPRAISALS	perkinsonappraisal.com
PERKINSON APPRAISALS	perkinsonappraisals.com
CHRIS PERRY APPRAISALS, INC.	chrisperryappraisals.com
CHRIS PERRY APPRAISALS, INC.	chrisperryappraisal.com
CMP APPRAISALS	cmpappraisal.com
CMP APPRAISALS	cmpappraisals.com
CHRIS PERRY APPRAISALS	chrisperryappraisals.com
CHRIS PERRY APPRAISALS	chrisperryappraisal.com
ONYX REAL ESTATE APPRAISAL GROUP LLC	onyxrealestateappraisalsgroup.com
ONYX REAL ESTATE APPRAISAL GROUP LLC	onyxrealestateappraisal.com
ONYX REAL ESTATE APPRAISAL GROUP LLC	onyxrealestateappraisalgroup.com
JODY PERRY	jodyperry.com
PERRY APPRAISALS, INC.	perryappraisal.com
PERRY APPRAISALS, INC.	perryappraisals.com
H B PETHEL CO	hbpethel.com
PETTY APPRAISALS	pettyappraisal.com
PETTY APPRAISALS	pettyappraisals.com
CARTERET APPRAISALS, INC.	carteretappraisal.com
CARTERET APPRAISALS, INC.	carteretappraisals.com
PHILLIPS APPRAISALS, INC.	phillipsappraisal.com
PHILLIPS APPRAISALS, INC.	phillipsappraisals.com
SO PHILLIPS & ASSOCIATES	sophillipsandassociates.com
SO PHILLIPS & ASSOCIATES	sophillipsand.com
PINKERTON REALTY	pinkertonrealty.com
PIPPIN APPRAISAL COMPANY INC	pippinappraisal.com
PIPPIN APPRAISAL COMPANY INC	pippinappraisals.com
ALLSTAR APPRAISAL, INC.	allstarappraisals.com
ALLSTAR APPRAISAL, INC.	allstarappraisal.com
CAROLINA RESIDENTIAL VALUATION	carolinaresidentialvaluation.com
FIRST CITIZENS BANK	firstcitizensbank.com
DPA APPRAISALS, INC.	dpaappraisals.com
DPA APPRAISALS, INC.	dpaappraisal.com
TAYLOR & ASSOCIATES APPRAISERS, INC.	taylorandassociatesappraisers.com
MARKET VALUE REALTY & APPRAISAL INC	marketvaluerealtyandappraisal.com
MARKET VALUE REALTY & APPRAISAL INC	marketvaluerealtyandappraisals.com
ACE APPRAISALS, LLC	aceappraisal.com
ACE APPRAISALS, LLC	aceappraisals.com
HUGH POPE REALTY & APPRAISALS	hughpoperealtyandappraisals.com
HUGH POPE REALTY & APPRAISALS	hughpoperealtyandappraisal.com
VELOX VALUATIONS	veloxvaluations.com
JAMES POSTMA	jamespostma.com
EAST CAROLINA APPRAISAL SERVICE, LLC	eastcarolinaappraisalservice.com
EAST CAROLINA APPRAISAL SERVICE, LLC	eastcarolinaappraisal.com
EAST CAROLINA APPRAISAL SERVICE, LLC	eastcarolinaappraisalervice.com
GUARDIAN APPRAISAL ASSOCIATES	guardianappraisal.com
GUARDIAN APPRAISAL ASSOCIATES	guardianappraisalassociates.com
GUARDIAN APPRAISAL ASSOCIATES	guardianappraisalsassociates.com
JAMES POWELL APPRAISALS LLC	jamespowellappraisals.com
JAMES POWELL APPRAISALS LLC	jamespowellappraisal.com
AAPEX APPRAISAL GROUP	aapexappraisal.com
AAPEX APPRAISAL GROUP	aapexappraisalsgroup.com
AAPEX APPRAISAL GROUP	aapexappraisalgroup.com
RJP APPRAISAL SERVICE	rjpappraisal.com
RJP APPRAISAL SERVICE	rjpappraisalservice.com
RJP APPRAISAL SERVICE	rjpappraisalervice.com
APPRAISALWORLD, LLC	appraisalsworld.com
APPRAISALWORLD, LLC	appraisalworld.com
MOUNTAIN TOP APPRAISALS, INC	mountaintopappraisals.com
MOUNTAIN TOP APPRAISALS, INC	mountaintopappraisal.com
PRESSLY APPRAISAL SERVICES, LLC	presslyappraisalervices.com
PRESSLY APPRAISAL SERVICES, LLC	presslyappraisalservices.com
PRESSLY APPRAISAL SERVICES, LLC	presslyappraisal.com
PORT CITY APPRAISAL COMPANY	portcityappraisals.com
PORT CITY APPRAISAL COMPANY	portcityappraisal.com
COREY APPRAISAL SERVICE	coreyappraisalervice.com
COREY APPRAISAL SERVICE	coreyappraisalservice.com
COREY APPRAISAL SERVICE	coreyappraisal.com
PRICE APPRAISAL SERVICES	priceappraisalervices.com
PRICE APPRAISAL SERVICES	priceappraisal.com
PRICE APPRAISAL SERVICES	priceappraisalservices.com
VISION APPRAISAL GROUP LLC	visionappraisalsgroup.com
VISION APPRAISAL GROUP LLC	visionappraisalgroup.com
VISION APPRAISAL GROUP LLC	visionappraisal.com
TRIANGLE EVALUATION SERVICES	triangleevaluation.com
TRIANGLE EVALUATION SERVICES	triangleevaluationservices.com
THE FINAL ESTIMATE	thefinalestimate.com
AMP APPRAISALS LLC	ampappraisals.com
AMP APPRAISALS LLC	ampappraisal.com
QUALLS APPRAISALS	quallsappraisal.com
QUALLS APPRAISALS	quallsappraisals.com
JAY Q APPRAISALS, LLC	jayqappraisals.com
JAY Q APPRAISALS, LLC	jayqappraisal.com
A&K APPRAISALS, INC.	aandkappraisals.com
A&K APPRAISALS, INC.	aandkappraisal.com
JHR APPRAISALS	jhrappraisals.com
JHR APPRAISALS	jhrappraisal.com
NEXT DAY APPRAISAL LLC	nextdayappraisals.com
NEXT DAY APPRAISAL LLC	nextdayappraisal.com
RANDALL APRAISAL SERVICES	randallapraisalservices.com
RANDALL APRAISAL SERVICES	randallapraisal.com
SINNENGREEN & ASSOCIATES	sinnengreenand.com
SINNENGREEN & ASSOCIATES	sinnengreenandassociates.com
CHARLOTTE METRO APPRAISALS	charlottemetroappraisals.com
CHARLOTTE METRO APPRAISALS	charlottemetroappraisal.com
BENCHMARK APPRAISING, L.L.C.	benchmarkappraising.com
AH RAWLS APPRAISALS & REALTY, LLC	ahrawlsappraisalandrealty.com
AH RAWLS APPRAISALS & REALTY, LLC	ahrawlsappraisalsandrealty.com
RAY APPRAISALS, LLC	rayappraisals.com
RAY APPRAISALS, LLC	rayappraisal.com
REAGAN REAL ESTATE, LLC	reaganrealestate.com
PULLIAM APPRAISAL SERVICES INC	pulliamappraisalservices.com
PULLIAM APPRAISAL SERVICES INC	pulliamappraisal.com
PULLIAM APPRAISAL SERVICES INC	pulliamappraisalervices.com
FJR APPRAISALS	fjrappraisal.com
FJR APPRAISALS	fjrappraisals.com
FJR APPRAISAL SERVICE	fjrappraisalervice.com
FJR APPRAISAL SERVICE	fjrappraisal.com
FJR APPRAISAL SERVICE	fjrappraisalservice.com
CAREFREE HOME INSPECTION SERVICES	carefreehomeinspectionservices.com
CAREFREE HOME INSPECTION SERVICES	carefreehomeinspection.com
RESIDENTIAL APPRAISAL SERVICE	residentialappraisalervice.com
RESIDENTIAL APPRAISAL SERVICE	residentialappraisalservice.com
RESIDENTIAL APPRAISAL SERVICE	residentialappraisal.com
JACKSON APPRAISAL SERVICES, LLC	jacksonappraisalservices.com
JACKSON APPRAISAL SERVICES, LLC	jacksonappraisalervices.com
JACKSON APPRAISAL SERVICES, LLC	jacksonappraisal.com
REVELS APPRAISALS	revelsappraisals.com
REVELS APPRAISALS	revelsappraisal.com
JLR SERVICES LLC	jlrservices.com
JLR SERVICES LLC	jlr.com
PLF APPRAISALS INC.	plfappraisal.com
PLF APPRAISALS INC.	plfappraisals.com
REYNOLDS APPRAISALS	reynoldsappraisal.com
REYNOLDS APPRAISALS	reynoldsappraisals.com
RHODES REALTY & APPRAISAL LLC	rhodesrealtyandappraisals.com
RHODES REALTY & APPRAISAL LLC	rhodesrealtyandappraisal.com
MICHAEL RIGGS APPR SRVCS INC	michaelriggsapprsrvcs.com
RIGHTSELL APPR SRVCS INC	rightsellapprsrvcs.com
TARPLEY & RIGSBEE INC	tarpleyandrigsbee.com
RINEHART APPRAISALS	rinehartappraisals.com
RINEHART APPRAISALS	rinehartappraisal.com
CREEKSIDE INC	creekside.com
TOM ROBERSON & ASSOC. LTD	tomrobersonandassoc.com
CRAIG ROBERTS APPRAISAL	craigrobertsappraisal.com
CRAIG ROBERTS APPRAISAL	craigrobertsappraisals.com
ROBERTS AND ASSOC.	robertsandassoc.com
CORNERSTONE APPRAISALS	cornerstoneappraisals.com
CORNERSTONE APPRAISALS	cornerstoneappraisal.com
ACCURATE APPRAISAL SERVICES NC, INC.	accurateappraisalservicesnc.com
ACCURATE APPRAISAL SERVICES NC, INC.	accurateappraisalervicesnc.com
R & R APPRAISAL  SERVICES LLC	randrappraisalservices.com
R & R APPRAISAL  SERVICES LLC	randrappraisal.com
R & R APPRAISAL  SERVICES LLC	randrappraisalervices.com
DAVID R ROBINSON APPRAISALS	davidrrobinsonappraisal.com
DAVID R ROBINSON APPRAISALS	davidrrobinsonappraisals.com
ROGERS APPRAISAL SERVICE	rogersappraisalervice.com
ROGERS APPRAISAL SERVICE	rogersappraisalservice.com
ROGERS APPRAISAL SERVICE	rogersappraisal.com
PREMIER VALUATIONS COMPANY	premiervaluations.com
WELLS FARGO BANK, N/A	wellsfargobankna.com
ROLLINS APPRAISALS LLC	rollinsappraisals.com
ROLLINS APPRAISALS LLC	rollinsappraisal.com
DS MURPHY VALUATIONS, LLC	dsmurphyvaluations.com
ROSE APPRAISALS	roseappraisals.com
ROSE APPRAISALS	roseappraisal.com
ROSS APPRAISAL	rossappraisal.com
ROSS APPRAISAL	rossappraisals.com
WAYNE ROSS APPR SERVICE	waynerossapprservice.com
WAYNE ROSS APPR SERVICE	waynerossappr.com
ROURK APPRAISALS	rourkappraisals.com
ROURK APPRAISALS	rourkappraisal.com
GHR AND ASSOCIATES, LLC	ghrandassociates.com
GHR AND ASSOCIATES, LLC	ghrand.com
A. ROYAL APPRAISALS	aroyalappraisal.com
A. ROYAL APPRAISALS	aroyalappraisals.com
RJR APPRAISALS	rjrappraisal.com
RJR APPRAISALS	rjrappraisals.com
RUFFIN & ASSOCIATES APPRAISAL SRVS	ruffinandassociatesappraisalrvs.com
RUFFIN & ASSOCIATES APPRAISAL SRVS	ruffinandassociatesappraisalsrvs.com
PROPERTIES OF NORTH CAROLINA, INC.	propertiesofnorthcarolina.com
RUMMAGE APPRAISAL	rummageappraisals.com
RUMMAGE APPRAISAL	rummageappraisal.com
1789 LAND CO, INC	1789land.com
CASH CONSULTING, LLC	cashconsulting.com
RALEIGH AREA APPRAISAL CO., LLC	raleighareaappraisals.com
RALEIGH AREA APPRAISAL CO., LLC	raleighareaappraisal.com
EAST COAST APPRAISALS	eastcoastappraisals.com
EAST COAST APPRAISALS	eastcoastappraisal.com
A PRAISER REALTY LLC	apraiserrealty.com
AG SOUTH FARM CREDIT	agsouthfarmcredit.com
JOANNA J SAMPLE	joannajsample.com
SAMPSON REAL ESTATE APPRAISAL SERVICES	sampsonrealestateappraisal.com
SAMPSON REAL ESTATE APPRAISAL SERVICES	sampsonrealestateappraisalervices.com
SAMPSON REAL ESTATE APPRAISAL SERVICES	sampsonrealestateappraisalservices.com
APPRAISALS EAST	appraisalseast.com
APPRAISALS EAST	appraisaleast.com
CAREY SASSER APPRAISALS, INC.	careysasserappraisals.com
CAREY SASSER APPRAISALS, INC.	careysasserappraisal.com
SASSER REALTY	sasserrealty.com
MKS APPRAISALS LLC	mksappraisals.com
MKS APPRAISALS LLC	mksappraisal.com
APPRAISAL SERVICE COMPANY	appraisalservice.com
APPRAISAL SERVICE COMPANY	appraisalervice.com
APPRAISAL SERVICE COMPANY	appraisal.com
WALTS APPRAISALS, LLC	waltsappraisals.com
WALTS APPRAISALS, LLC	waltsappraisal.com
AMERICAN REAL ESTATE AND APPRAISAL CO.	americanrealestateandappraisal.com
AMERICAN REAL ESTATE AND APPRAISAL CO.	americanrealestateandappraisals.com
WOLF APPRAISAL LLC	wolfappraisals.com
WOLF APPRAISAL LLC	wolfappraisal.com
SCHUSTER	schuster.com
ROBERT J. SCHUSTER	robertjschuster.com
REAL ESTATE APPRAISAL PRO, INC.	realestateappraisalspro.com
REAL ESTATE APPRAISAL PRO, INC.	realestateappraisalpro.com
KARIS MANAGEMENT GROUP	karismanagement.com
KARIS MANAGEMENT GROUP	karismanagementgroup.com
BLUE HERON APPRAISAL SERVICES	blueheronappraisalervices.com
BLUE HERON APPRAISAL SERVICES	blueheronappraisal.com
BLUE HERON APPRAISAL SERVICES	blueheronappraisalservices.com
BLUE HERON APPRAISAL SERVICES-RALEIGH	blueheronappraisalservicesraleigh.com
BLUE HERON APPRAISAL SERVICES-RALEIGH	blueheronappraisalervicesraleigh.com
STEVEN SCULLEY, INC.	stevensculley.com
METROPLEX APPRAISALS	metroplexappraisals.com
METROPLEX APPRAISALS	metroplexappraisal.com
SELF APPRAISAL SERVICES	selfappraisalervices.com
SELF APPRAISAL SERVICES	selfappraisalservices.com
SELF APPRAISAL SERVICES	selfappraisal.com
VINCENT SELIG APPRAISAL SERVICE, INC	vincentseligappraisalervice.com
VINCENT SELIG APPRAISAL SERVICE, INC	vincentseligappraisalservice.com
VINCENT SELIG APPRAISAL SERVICE, INC	vincentseligappraisal.com
AGCAROLINA FARM CREDIT	agcarolinafarmcredit.com
DAVID J SESSOMS	davidjsessoms.com
SEXTON ASSOCIATES APPRAISALS	sextonassociatesappraisal.com
SEXTON ASSOCIATES APPRAISALS	sextonassociatesappraisals.com
SHAMROCK APPRAISALS, INC.	shamrockappraisal.com
SHAMROCK APPRAISALS, INC.	shamrockappraisals.com
ACCELERATED APPRAISAL GROUP	acceleratedappraisal.com
ACCELERATED APPRAISAL GROUP	acceleratedappraisalgroup.com
ACCELERATED APPRAISAL GROUP	acceleratedappraisalsgroup.com
ATLANTIC APPRAISALS, INC	atlanticappraisals.com
ATLANTIC APPRAISALS, INC	atlanticappraisal.com
SHAW RE APPRAISAL SERVICE INC	shawreappraisalservice.com
SHAW RE APPRAISAL SERVICE INC	shawreappraisalervice.com
SHAW RE APPRAISAL SERVICE INC	shawreappraisal.com
SHELLEY APPRAISAL COMPANY	shelleyappraisal.com
SHELLEY APPRAISAL COMPANY	shelleyappraisals.com
ACCURATE VALUATION SERVICES	accuratevaluationservices.com
ACCURATE VALUATION SERVICES	accuratevaluation.com
L & S APPRASISALS	landsapprasisals.com
ACCURITY CONSOLIDATED	accurityconsolidated.com
MELISSA SHEPHERD DBA ALLIED APPRAISALS	melissashepherddbaalliedappraisal.com
MELISSA SHEPHERD DBA ALLIED APPRAISALS	melissashepherddbaalliedappraisals.com
APPLE COUNTRY APPRAISAL GROUP, L.L.C.	applecountryappraisalgroup.com
APPLE COUNTRY APPRAISAL GROUP, L.L.C.	applecountryappraisalsgroup.com
APPLE COUNTRY APPRAISAL GROUP, L.L.C.	applecountryappraisal.com
JAMES G. SHOPE	jamesgshope.com
SHOWALTER VALUATION	showaltervaluation.com
MURRAY APPRAISAL SERVICES	murrayappraisalervices.com
MURRAY APPRAISAL SERVICES	murrayappraisalservices.com
MURRAY APPRAISAL SERVICES	murrayappraisal.com
INGRAM & COMPANY	ingramand.com
SHUFFLER APPRAISAL SERVICE, INC.	shufflerappraisal.com
SHUFFLER APPRAISAL SERVICE, INC.	shufflerappraisalervice.com
SHUFFLER APPRAISAL SERVICE, INC.	shufflerappraisalservice.com
SHULTZ APPRAISAL COMPANY	shultzappraisals.com
SHULTZ APPRAISAL COMPANY	shultzappraisal.com
SHUMATE'S APPRAISAL SERVICE	shumatesappraisalervice.com
SHUMATE'S APPRAISAL SERVICE	shumatesappraisal.com
SHUMATE'S APPRAISAL SERVICE	shumatesappraisalservice.com
PROFESSIONAL REAL ESTATE ADVISORS, LLC	professionalrealestateadvisors.com
ERIK R SIMES	erikrsimes.com
SIMMONS REAL ESTATE APPRAISAL	simmonsrealestateappraisals.com
SIMMONS REAL ESTATE APPRAISAL	simmonsrealestateappraisal.com
EBS APPRAISALS	ebsappraisal.com
EBS APPRAISALS	ebsappraisals.com
SIMPSON & HOLLAND APPRAISAL SERVICES	simpsonandhollandappraisalservices.com
SIMPSON & HOLLAND APPRAISAL SERVICES	simpsonandhollandappraisalervices.com
SIMPSON & HOLLAND APPRAISAL SERVICES	simpsonandhollandappraisal.com
SIMPSON REAL ESTATE APPRAISALS LLC.,	simpsonrealestateappraisals.com
SIMPSON REAL ESTATE APPRAISALS LLC.,	simpsonrealestateappraisal.com
ALLPOINTS APPRAISAL	allpointsappraisal.com
ALLPOINTS APPRAISAL	allpointsappraisals.com
ROBERTS & ASSOCIATES	robertsandassociates.com
ROBERTS & ASSOCIATES	robertsand.com
ROAM APPRAISALS	roamappraisal.com
ROAM APPRAISALS	roamappraisals.com
CP APPRAISAL COMPANY	cpappraisals.com
CP APPRAISAL COMPANY	cpappraisal.com
REAL ESTATE ADVISORY SERVICES INC	realestateadvisoryservices.com
REAL ESTATE ADVISORY SERVICES INC	realestateadvisory.com
HIGHLANDS APPR CO LLC	highlandsappr.com
SMATHERS APPRAISALS INC	smathersappraisals.com
SMATHERS APPRAISALS INC	smathersappraisal.com
HAMMONDS APPRAISAL SERVICE, LLC	hammondsappraisalservice.com
HAMMONDS APPRAISAL SERVICE, LLC	hammondsappraisalervice.com
HAMMONDS APPRAISAL SERVICE, LLC	hammondsappraisal.com
DRY RIDGE APPRAISAL SERVICE LLC	dryridgeappraisal.com
DRY RIDGE APPRAISAL SERVICE LLC	dryridgeappraisalservice.com
DRY RIDGE APPRAISAL SERVICE LLC	dryridgeappraisalervice.com
SMITH BRYANT, INC.	smithbryant.com
SMITH REAL ESTATE	smithrealestate.com
DOMINION APPRAISAL SERVICES	dominionappraisalservices.com
DOMINION APPRAISAL SERVICES	dominionappraisal.com
DOMINION APPRAISAL SERVICES	dominionappraisalervices.com
HOMESIGHT APPRAISALS	homesightappraisals.com
HOMESIGHT APPRAISALS	homesightappraisal.com
LEGARE SMITH APPRAISALS, LLC	legaresmithappraisal.com
LEGARE SMITH APPRAISALS, LLC	legaresmithappraisals.com
SMITH/SCOTT APPRAISAL SERVICE	smithscottappraisalservice.com
SMITH/SCOTT APPRAISAL SERVICE	smithscottappraisal.com
SMITH/SCOTT APPRAISAL SERVICE	smithscottappraisalervice.com
MCCARTHY & SMITH REAL ESTATE SERVICES LLC	mccarthyandsmithrealestateservices.com
MCCARTHY & SMITH REAL ESTATE SERVICES LLC	mccarthyandsmithrealestate.com
MOUNT VALLEY APPRAISAL, LLC	mountvalleyappraisals.com
MOUNT VALLEY APPRAISAL, LLC	mountvalleyappraisal.com
P T SMITH APPRAISALS	ptsmithappraisal.com
P T SMITH APPRAISALS	ptsmithappraisals.com
RANDALL SMITH APPRAISALS	randallsmithappraisals.com
RANDALL SMITH APPRAISALS	randallsmithappraisal.com
SOUTHERN ACCENTS APPRAISALS, LLC	southernaccentsappraisal.com
SOUTHERN ACCENTS APPRAISALS, LLC	southernaccentsappraisals.com
EXPRESS APPRAISAL SERVICES	expressappraisalservices.com
EXPRESS APPRAISAL SERVICES	expressappraisal.com
EXPRESS APPRAISAL SERVICES	expressappraisalervices.com
WILLIAM C. SMITH	williamcsmith.com
SMYTH APPRAISAL SERVICES	smythappraisalervices.com
SMYTH APPRAISAL SERVICES	smythappraisalservices.com
SMYTH APPRAISAL SERVICES	smythappraisal.com
TITUS REAL ESTATE SERVICES, LLC	titusrealestateservices.com
TITUS REAL ESTATE SERVICES, LLC	titusrealestate.com
SOFFERA REALTY AND APPRAISAL SERVICES, INC.	sofferarealtyandappraisalervices.com
SOFFERA REALTY AND APPRAISAL SERVICES, INC.	sofferarealtyandappraisalservices.com
SOFFERA REALTY AND APPRAISAL SERVICES, INC.	sofferarealtyandappraisal.com
APPRAISALS BY SOLOMON	appraisalsbysolomon.com
APPRAISALS BY SOLOMON	appraisalbysolomon.com
RALEIGH APPRAISAL GROUP	raleighappraisalgroup.com
RALEIGH APPRAISAL GROUP	raleighappraisal.com
RALEIGH APPRAISAL GROUP	raleighappraisalsgroup.com
RALEIGH APPRAISAL GROUP, INC.	raleighappraisalgroup.com
RALEIGH APPRAISAL GROUP, INC.	raleighappraisal.com
RALEIGH APPRAISAL GROUP, INC.	raleighappraisalsgroup.com
REAL ESTATE VALUATION ASSOCIATES	realestatevaluationassociates.com
REAL ESTATE VALUATION ASSOCIATES	realestatevaluation.com
SONNER APPRAISALS	sonnerappraisals.com
SONNER APPRAISALS	sonnerappraisal.com
DANIELLE M SOROKA INC	daniellemsoroka.com
SOUTHERN APPRAISAL GROUP, INC.	southernappraisalgroup.com
SOUTHERN APPRAISAL GROUP, INC.	southernappraisalsgroup.com
SOUTHERN APPRAISAL GROUP, INC.	southernappraisal.com
ACCORD APPRAISALS	accordappraisals.com
ACCORD APPRAISALS	accordappraisal.com
ABSOLUTE REAL ESTATE APPRAISERS, LLC	absoluterealestateappraisers.com
CARTER VALUATION SERVICES, INC.	cartervaluation.com
CARTER VALUATION SERVICES, INC.	cartervaluationservices.com
SPELL'S PROPERTY APPRAISALS	spellspropertyappraisals.com
SPELL'S PROPERTY APPRAISALS	spellspropertyappraisal.com
FIRST CHOICE APPRAISALS LLC	firstchoiceappraisal.com
FIRST CHOICE APPRAISALS LLC	firstchoiceappraisals.com
SHINING ROCK APPRAISAL COMPANY, LLC	shiningrockappraisal.com
SHINING ROCK APPRAISAL COMPANY, LLC	shiningrockappraisals.com
TRIAD APPRAISALS, INC.	triadappraisal.com
TRIAD APPRAISALS, INC.	triadappraisals.com
STAINBACK & ASSOCIATES	stainbackand.com
STAINBACK & ASSOCIATES	stainbackandassociates.com
APPRAISAL SOLUTIONS OF WNC/NEGA INC.	appraisalolutionsofwncnega.com
APPRAISAL SOLUTIONS OF WNC/NEGA INC.	appraisalsolutionsofwncnega.com
PREFERRED APPRAISAL SERVICES	preferredappraisalservices.com
PREFERRED APPRAISAL SERVICES	preferredappraisalervices.com
PREFERRED APPRAISAL SERVICES	preferredappraisal.com
STANLEY APPRAISAL SERVICES, LLC	stanleyappraisalervices.com
STANLEY APPRAISAL SERVICES, LLC	stanleyappraisal.com
STANLEY APPRAISAL SERVICES, LLC	stanleyappraisalservices.com
BILL STARNES APPRAISAL SERVICE	billstarnesappraisalervice.com
BILL STARNES APPRAISAL SERVICE	billstarnesappraisal.com
BILL STARNES APPRAISAL SERVICE	billstarnesappraisalservice.com
STARRITT APPRAISAL GROUP	starrittappraisalgroup.com
STARRITT APPRAISAL GROUP	starrittappraisalsgroup.com
STARRITT APPRAISAL GROUP	starrittappraisal.com
STATON & ASSOCIATES	statonand.com
STATON & ASSOCIATES	statonandassociates.com
STEGALL APPRAISAL CO., INC.	stegallappraisals.com
STEGALL APPRAISAL CO., INC.	stegallappraisal.com
STEINER APPRAISALS	steinerappraisal.com
STEINER APPRAISALS	steinerappraisals.com
KHS ENTERPRISES INC	khsenterprises.com
MS APPRAISAL, INC.	msappraisal.com
MS APPRAISAL, INC.	msappraisals.com
STEPHENSON APPRAISAL SERVICES	stephensonappraisalervices.com
STEPHENSON APPRAISAL SERVICES	stephensonappraisalservices.com
STEPHENSON APPRAISAL SERVICES	stephensonappraisal.com
CAROLINA APPRAISAL GROUP	carolinaappraisalsgroup.com
CAROLINA APPRAISAL GROUP	carolinaappraisal.com
CAROLINA APPRAISAL GROUP	carolinaappraisalgroup.com
SOUTHERN APPRAISAL ASSOCIATES, LLC	southernappraisalsassociates.com
SOUTHERN APPRAISAL ASSOCIATES, LLC	southernappraisal.com
SOUTHERN APPRAISAL ASSOCIATES, LLC	southernappraisalassociates.com
CATAWBA VALLEY APPRAISAL	catawbavalleyappraisal.com
CATAWBA VALLEY APPRAISAL	catawbavalleyappraisals.com
THEE APPRAISAL SHOPPE LLC	theeappraisalshoppe.com
THEE APPRAISAL SHOPPE LLC	theeappraisalhoppe.com
SOUTHERN CAROLINA APPRAISALS, INC.	southerncarolinaappraisals.com
SOUTHERN CAROLINA APPRAISALS, INC.	southerncarolinaappraisal.com
ADI APPRAISALS	adiappraisal.com
ADI APPRAISALS	adiappraisals.com
VALUATION EXPERTS, INC	valuationexperts.com
MECKLENBURG COUNTY ASSESSOR'S OFFICE	mecklenburgcountyassessorsoffice.com
TRUIST BANK	truistbank.com
APPRAISAL RESOURCE GROUP, INC	appraisalresource.com
APPRAISAL RESOURCE GROUP, INC	appraisalsresourcegroup.com
APPRAISAL RESOURCE GROUP, INC	appraisalresourcegroup.com
MARK STRICKLAND & ASSOCIATES, INC.	markstricklandand.com
MARK STRICKLAND & ASSOCIATES, INC.	markstricklandandassociates.com
TL STRICKLAND INC	tlstrickland.com
ATLAS APPRAISING, LLC	atlasappraising.com
VALUNC LLC	valunc.com
ALAN SULLIVAN & ASSOC	alansullivanandassoc.com
J-TEAM APPRAISERS INC	jteamappraisers.com
SULLIVAN APPRAISALS, LLC	sullivanappraisals.com
SULLIVAN APPRAISALS, LLC	sullivanappraisal.com
SULLIVAN & SULLIVAN	sullivanandsullivan.com
SUMMERLIN APPRAISALS	summerlinappraisals.com
SUMMERLIN APPRAISALS	summerlinappraisal.com
CR&S APPRAISAL SERVICES/APPRAISERS NC	crandsappraisalervicesappraisersnc.com
CR&S APPRAISAL SERVICES/APPRAISERS NC	crandsappraisalservicesappraisersnc.com
SUTHERLAND APPRAISALS	sutherlandappraisal.com
SUTHERLAND APPRAISALS	sutherlandappraisals.com
SUTTLES & ASSOCAITES	suttlesandassocaites.com
SUTTON APPRAISAL	suttonappraisals.com
SUTTON APPRAISAL	suttonappraisal.com
SVIENTY RE LLC	svientyre.com
WJ SWAIN AND COMPANY, INC.	wjswainand.com
ASHEVILLE REAL ESTATE SERVICE	ashevillerealestate.com
ASHEVILLE REAL ESTATE SERVICE	ashevillerealestateservice.com
MOSAIC APPRAISAL ASSOCIATES	mosaicappraisal.com
MOSAIC APPRAISAL ASSOCIATES	mosaicappraisalassociates.com
MOSAIC APPRAISAL ASSOCIATES	mosaicappraisalsassociates.com
REAL ESTATE APPRAISAL SERVICES OF NC, INC	realestateappraisalervicesofnc.com
REAL ESTATE APPRAISAL SERVICES OF NC, INC	realestateappraisalservicesofnc.com
EASTERN NC APPRAISAL SERVICES	easternncappraisalservices.com
EASTERN NC APPRAISAL SERVICES	easternncappraisalervices.com
EASTERN NC APPRAISAL SERVICES	easternncappraisal.com
HOMECHEK APPRAISALS	homechekappraisal.com
HOMECHEK APPRAISALS	homechekappraisals.com
FREEMAN APPRAISAL SERVICES LLC	freemanappraisalervices.com
FREEMAN APPRAISAL SERVICES LLC	freemanappraisalservices.com
FREEMAN APPRAISAL SERVICES LLC	freemanappraisal.com
SWICEGOOD PROPERTIES	swicegoodproperties.com
SWICEGOOD APPRAISERS	swicegoodappraisers.com
INDIGO VALUATION	indigovaluation.com
KEN TACKETT ASSOCIATES	kentackettassociates.com
KEN TACKETT ASSOCIATES	kentackett.com
TALLENT APPRAISALS	tallentappraisals.com
TALLENT APPRAISALS	tallentappraisal.com
TALLY APPRAISAL SERVICES, LLC	tallyappraisal.com
TALLY APPRAISAL SERVICES, LLC	tallyappraisalservices.com
TALLY APPRAISAL SERVICES, LLC	tallyappraisalervices.com
FTA APPRAISAL SERVICES, INC.	ftaappraisal.com
FTA APPRAISAL SERVICES, INC.	ftaappraisalervices.com
FTA APPRAISAL SERVICES, INC.	ftaappraisalservices.com
TRIANGLE PARK APPRAISAL, LLC	triangleparkappraisal.com
TRIANGLE PARK APPRAISAL, LLC	triangleparkappraisals.com
TART APPRAISAL SERVICES	tartappraisal.com
TART APPRAISAL SERVICES	tartappraisalservices.com
TART APPRAISAL SERVICES	tartappraisalervices.com
BRICK CITY APPRAISALS, INC	brickcityappraisals.com
BRICK CITY APPRAISALS, INC	brickcityappraisal.com
TATE & COMPANY, INC.	tateand.com
TATE REAL ESTATE SERVICES	taterealestate.com
TATE REAL ESTATE SERVICES	taterealestateservices.com
TATE APPRAISAL & CONSULTATION, INC.	tateappraisalandconsultation.com
TATE APPRAISAL & CONSULTATION, INC.	tateappraisalsandconsultation.com
RIVES VALUATION SERVICES, INC. DBA APPRAISAL SHOP	rivesvaluationservicesdbaappraisalshop.com
RIVES VALUATION SERVICES, INC. DBA APPRAISAL SHOP	rivesvaluationservicesdbaappraisalhop.com
THINK ASAP LLC	thinkasap.com
TAYLOR APPRAISAL	taylorappraisal.com
TAYLOR APPRAISAL	taylorappraisals.com
LEONARD TAYLOR APPRAISALS INC	leonardtaylorappraisals.com
LEONARD TAYLOR APPRAISALS INC	leonardtaylorappraisal.com
MAREADY ASSOCIATES, INC	maready.com
MAREADY ASSOCIATES, INC	mareadyassociates.com
RESIDENTIAL APPRAISERS, INC.	residentialappraisers.com
RESIDENTIAL APPRAISERS INC	residentialappraisers.com
ACCURATE APPRAISAL SERVICES, INC.	accurateappraisal.com
ACCURATE APPRAISAL SERVICES, INC.	accurateappraisalservices.com
ACCURATE APPRAISAL SERVICES, INC.	accurateappraisalervices.com
BOB TERRY REALTY COMPANY, INC.	bobterryrealty.com
THARRINGTON APPRAISALS	tharringtonappraisals.com
THARRINGTON APPRAISALS	tharringtonappraisal.com
MARKET APPRAISALS, LLC	marketappraisal.com
MARKET APPRAISALS, LLC	marketappraisals.com
PROFESSIONAL APPRAISAL CO	professionalappraisals.com
PROFESSIONAL APPRAISAL CO	professionalappraisal.com
J T APPRAISAL COMPANY, LLC	jtappraisals.com
J T APPRAISAL COMPANY, LLC	jtappraisal.com
THOMAS & ASSOCIATES	thomasand.com
THOMAS & ASSOCIATES	thomasandassociates.com
THOMAS REAL ESTATE APPRAISALS, INC.	thomasrealestateappraisals.com
THOMAS REAL ESTATE APPRAISALS, INC.	thomasrealestateappraisal.com
THOMAS APPRAISAL COMPANY, INC.	thomasappraisal.com
THOMAS APPRAISAL COMPANY, INC.	thomasappraisals.com
JRT APPRAISAL	jrtappraisal.com
JRT APPRAISAL	jrtappraisals.com
MCNAMARA AND COMPANY	mcnamaraand.com
TARHEEL REAL ESTATE SERVICES	tarheelrealestate.com
TARHEEL REAL ESTATE SERVICES	tarheelrealestateservices.com
JAMES R. TODD III REAL ESTATE APPRAISALS	jamesrtoddiiirealestateappraisals.com
JAMES R. TODD III REAL ESTATE APPRAISALS	jamesrtoddiiirealestateappraisal.com
BLUE RIDGE APPRAISAL & CONSULTING	blueridgeappraisalsandconsulting.com
BLUE RIDGE APPRAISAL & CONSULTING	blueridgeappraisalandconsulting.com
WESLEY FREDERICK TODD	wesleyfredericktodd.com
TONIELLI-HAMMETT APPRAISAL SERVICES	toniellihammettappraisalservices.com
TONIELLI-HAMMETT APPRAISAL SERVICES	toniellihammettappraisal.com
TONIELLI-HAMMETT APPRAISAL SERVICES	toniellihammettappraisalervices.com
TONIELLI-HAMMETT APPR SRVCS	toniellihammettapprsrvcs.com
TREVATHAN APPRAISAL, INC.	trevathanappraisal.com
TREVATHAN APPRAISAL, INC.	trevathanappraisals.com
TREVATHAN VALUATION GROUP, LLC	trevathanvaluationgroup.com
TREVATHAN VALUATION GROUP, LLC	trevathanvaluation.com
CAROL TRICE LLC	caroltrice.com
TRIFOSO APPRAISAL SERVICES, LLC	trifosoappraisal.com
TRIFOSO APPRAISAL SERVICES, LLC	trifosoappraisalervices.com
TRIFOSO APPRAISAL SERVICES, LLC	trifosoappraisalservices.com
TAR HEEL APPRAISAL SERVICES	tarheelappraisalservices.com
TAR HEEL APPRAISAL SERVICES	tarheelappraisal.com
TAR HEEL APPRAISAL SERVICES	tarheelappraisalervices.com
TERESA A TUERS APPRAISALS, INC	teresaatuersappraisals.com
TERESA A TUERS APPRAISALS, INC	teresaatuersappraisal.com
R E TURNER & ASSOC	returnerandassoc.com
THE TURNER GROUP	theturnergroup.com
THE TURNER GROUP	theturner.com
PRESCOTT RESIDENTIAL APPRAISALS, LLC	prescottresidentialappraisals.com
PRESCOTT RESIDENTIAL APPRAISALS, LLC	prescottresidentialappraisal.com
TA&R, LLC.	taandr.com
APPRAISALSTAT, LLC	appraisaltat.com
APPRAISALSTAT, LLC	appraisalstat.com
BLUE BEAR APPRAISALS, LLC	bluebearappraisal.com
BLUE BEAR APPRAISALS, LLC	bluebearappraisals.com
FIRST HORIZON BANK	firsthorizonbank.com
LEONARD APPRAISAL GROUP 2 LLC	leonardappraisalsgroup2.com
LEONARD APPRAISAL GROUP 2 LLC	leonardappraisalgroup2.com
EARNHARDT & ASSOCIATES	earnhardtandassociates.com
EARNHARDT & ASSOCIATES	earnhardtand.com
THE ADAERO GROUP LLC	theadaero.com
THE ADAERO GROUP LLC	theadaerogroup.com
VALUATION RISK SOLUTIONS, LLC	valuationrisksolutions.com
VESTAL, INC DBA VESTAL APPRAISAL SERVICE	vestaldbavestalappraisalervice.com
VESTAL, INC DBA VESTAL APPRAISAL SERVICE	vestaldbavestalappraisalservice.com
VESTAL, INC DBA VESTAL APPRAISAL SERVICE	vestaldbavestalappraisal.com
WALKER & ASSOCIATES	walkerandassociates.com
WALKER & ASSOCIATES	walkerand.com
JOSEPH A ROBB & ASSOCIATES	josepharobbandassociates.com
JOSEPH A ROBB & ASSOCIATES	josepharobband.com
WALKUP APPRAISALS	walkupappraisal.com
WALKUP APPRAISALS	walkupappraisals.com
FORD & ASSOC APPRAISERS	fordandassocappraisers.com
WALLACE CONTRACTING INC/DBA WALLACE APPRAISAL	wallacecontractingincdbawallaceappraisals.com
WALLACE CONTRACTING INC/DBA WALLACE APPRAISAL	wallacecontractingincdbawallaceappraisal.com
ATLANTIC APPRAISAL GROUP	atlanticappraisal.com
ATLANTIC APPRAISAL GROUP	atlanticappraisalsgroup.com
ATLANTIC APPRAISAL GROUP	atlanticappraisalgroup.com
ASPEN APPRAISAL COMPANY	aspenappraisals.com
ASPEN APPRAISAL COMPANY	aspenappraisal.com
PEAK APPRAISING, LLC	peakappraising.com
MICHAEL WALTER APPRAISALS	michaelwalterappraisals.com
MICHAEL WALTER APPRAISALS	michaelwalterappraisal.com
WALTERS PROPERTY APPRAISAL	walterspropertyappraisal.com
WALTERS PROPERTY APPRAISAL	walterspropertyappraisals.com
STOKES APPRAISAL SERVICE-RESIDENTIAL CORP	stokesappraisalserviceresidential.com
STOKES APPRAISAL SERVICE-RESIDENTIAL CORP	stokesappraisalerviceresidential.com
WARD APPRAISALS	wardappraisals.com
WARD APPRAISALS	wardappraisal.com
JAMES D. WARD APPRAISALS, INC.	jamesdwardappraisal.com
JAMES D. WARD APPRAISALS, INC.	jamesdwardappraisals.com
MIKE WARREN APPRAISAL SERVICES, LLC	mikewarrenappraisal.com
MIKE WARREN APPRAISAL SERVICES, LLC	mikewarrenappraisalervices.com
MIKE WARREN APPRAISAL SERVICES, LLC	mikewarrenappraisalservices.com
TAG OF CHARLOTTE	tagofcharlotte.com
A L WATKINS INC	alwatkins.com
WATKINS APPRAISAL SERVICE	watkinsappraisal.com
WATKINS APPRAISAL SERVICE	watkinsappraisalervice.com
WATKINS APPRAISAL SERVICE	watkinsappraisalservice.com
WATSON REAL ESTATE APPRAISALS	watsonrealestateappraisal.com
WATSON REAL ESTATE APPRAISALS	watsonrealestateappraisals.com
WATSON APPRAISAL SERVICES, INC	watsonappraisalervices.com
WATSON APPRAISAL SERVICES, INC	watsonappraisal.com
WATSON APPRAISAL SERVICES, INC	watsonappraisalservices.com
RIVER TO SEA APPRAISALS, LLC	rivertoseaappraisals.com
RIVER TO SEA APPRAISALS, LLC	rivertoseaappraisal.com
BROOKS APPRAISERS II	brooksappraisersii.com
WEASE APPRAISALS	weaseappraisal.com
WEASE APPRAISALS	weaseappraisals.com
WEAVER APPRAISAL GROUP	weaverappraisalsgroup.com
WEAVER APPRAISAL GROUP	weaverappraisal.com
WEAVER APPRAISAL GROUP	weaverappraisalgroup.com
WEAVER APPRAISAL	weaverappraisal.com
WEAVER APPRAISAL	weaverappraisals.com
WEAVER APPRAISAL SERVICE	weaverappraisalservice.com
WEAVER APPRAISAL SERVICE	weaverappraisal.com
WEAVER APPRAISAL SERVICE	weaverappraisalervice.com
JOHNSTON COUNTY TAX ADMINISTRATION	johnstoncountytaxadministration.com
WEBSTER GROUP (THE)	webstergroupthe.com
BLUE BIRD APPRAISALS, LLC	bluebirdappraisals.com
BLUE BIRD APPRAISALS, LLC	bluebirdappraisal.com
TDI APPRAISALS, LLC	tdiappraisal.com
TDI APPRAISALS, LLC	tdiappraisals.com
PRECISION REALTY GROUP, INC.	precisionrealty.com
PRECISION REALTY GROUP, INC.	precisionrealtygroup.com
AC APPRAISALS	acappraisals.com
AC APPRAISALS	acappraisal.com
WETHERILLS APPRAISAL SERVICE	wetherillsappraisalservice.com
WETHERILLS APPRAISAL SERVICE	wetherillsappraisal.com
WETHERILLS APPRAISAL SERVICE	wetherillsappraisalervice.com
REW APPRAISALS LLC	rewappraisal.com
REW APPRAISALS LLC	rewappraisals.com
REAL ESTATE SHOP (THE)	realestateshopthe.com
KYLE WHITE APPRAISALS	kylewhiteappraisal.com
KYLE WHITE APPRAISALS	kylewhiteappraisals.com
HUNTER WHITE APPRAISALS	hunterwhiteappraisal.com
HUNTER WHITE APPRAISALS	hunterwhiteappraisals.com
WHITESELL APPRAISAL SERVICES	whitesellappraisalervices.com
WHITESELL APPRAISAL SERVICES	whitesellappraisal.com
WHITESELL APPRAISAL SERVICES	whitesellappraisalservices.com
WAKE COUNTY	wakecounty.com
JW APPRAISAL SERVICES, LLC	jwappraisalervices.com
JW APPRAISAL SERVICES, LLC	jwappraisalservices.com
JW APPRAISAL SERVICES, LLC	jwappraisal.com
ROBINSON REAL EST APPRAISALS	robinsonrealestappraisal.com
ROBINSON REAL EST APPRAISALS	robinsonrealestappraisals.com
FLOYD W WICKER & ASSOC	floydwwickerandassoc.com
CW APPRAISALS, INC.	cwappraisal.com
CW APPRAISALS, INC.	cwappraisals.com
WILCOX APPRAISALS, LLC	wilcoxappraisals.com
WILCOX APPRAISALS, LLC	wilcoxappraisal.com
WILCOX APPRAISAL SERVICE, LLC	wilcoxappraisalservice.com
WILCOX APPRAISAL SERVICE, LLC	wilcoxappraisal.com
WILCOX APPRAISAL SERVICE, LLC	wilcoxappraisalervice.com
WILDER APPRAISAL SEVICE, LLC	wilderappraisalevice.com
WILDER APPRAISAL SEVICE, LLC	wilderappraisalsevice.com
AJW APPRAISALS	ajwappraisal.com
AJW APPRAISALS	ajwappraisals.com
WILLIAMS & WILLIAMS ASSOCIATES INC.	williamsandwilliamsassociates.com
WILLIAMS & WILLIAMS ASSOCIATES INC.	williamsandwilliams.com
DBW APPRAISAL GROUP, LLC.	dbwappraisal.com
DBW APPRAISAL GROUP, LLC.	dbwappraisalgroup.com
DBW APPRAISAL GROUP, LLC.	dbwappraisalsgroup.com
PINNACLE FINANCIAL PARTNERS	pinnaclefinancialpartners.com
WILLIAMS & WILLIAMS ASSOCIATES LLC	williamsandwilliamsassociates.com
WILLIAMS & WILLIAMS ASSOCIATES LLC	williamsandwilliams.com
STEPKEN REALTY SERVICES LLC	stepkenrealtyservices.com
STEPKEN REALTY SERVICES LLC	stepkenrealty.com
AG WILLIAMS REAL ESTATE APPRAISAL GROUP	agwilliamsrealestateappraisalgroup.com
AG WILLIAMS REAL ESTATE APPRAISAL GROUP	agwilliamsrealestateappraisalsgroup.com
AG WILLIAMS REAL ESTATE APPRAISAL GROUP	agwilliamsrealestateappraisal.com
PREMIER HOME APPRAISALS-RHR INC	premierhomeappraisalsrhr.com
PREMIER HOME APPRAISALS-RHR INC	premierhomeappraisalrhr.com
MATTHEW R. WILLIAMS APPRAISALS	matthewrwilliamsappraisals.com
MATTHEW R. WILLIAMS APPRAISALS	matthewrwilliamsappraisal.com
RHONDA C WILLIAMS HALL	rhondacwilliamshall.com
INLET APPRAISAL	inletappraisal.com
INLET APPRAISAL	inletappraisals.com
WILLIAMS APPRAISAL SERVICE, INC	williamsappraisalservice.com
WILLIAMS APPRAISAL SERVICE, INC	williamsappraisalervice.com
WILLIAMS APPRAISAL SERVICE, INC	williamsappraisal.com
WILLIE APPRAISAL, LTD	willieappraisal.com
WILLIE APPRAISAL, LTD	willieappraisals.com
A D WILLIS III	adwillisiii.com
MALACHI WILLIS APPRAISALS	malachiwillisappraisal.com
MALACHI WILLIS APPRAISALS	malachiwillisappraisals.com
WILSON VALUATIONS	wilsonvaluations.com
SOUNDSIDE APPRAISAL GROUP	soundsideappraisal.com
SOUNDSIDE APPRAISAL GROUP	soundsideappraisalgroup.com
SOUNDSIDE APPRAISAL GROUP	soundsideappraisalsgroup.com
WILSON APPRAISAL SERVICES	wilsonappraisal.com
WILSON APPRAISAL SERVICES	wilsonappraisalervices.com
WILSON APPRAISAL SERVICES	wilsonappraisalservices.com
APPRAISAL PROS, INC.	appraisalspros.com
APPRAISAL PROS, INC.	appraisalpros.com
JOSEPH WAYNE WINBORNE	josephwaynewinborne.com
ACTIVE APPRAISAL COMPANY	activeappraisal.com
ACTIVE APPRAISAL COMPANY	activeappraisals.com
ATW APPRAISAL SERVICE	atwappraisalervice.com
ATW APPRAISAL SERVICE	atwappraisalservice.com
ATW APPRAISAL SERVICE	atwappraisal.com
WOODARD APPRAISALS	woodardappraisal.com
WOODARD APPRAISALS	woodardappraisals.com
E G WOODLIFF CO	egwoodliff.com
D3 APPRAISALS	d3appraisals.com
D3 APPRAISALS	d3appraisal.com
NANCY A WOODSON APPRAISER	nancyawoodsonappraiser.com
ODR APPRAISAL, LLC	odrappraisal.com
ODR APPRAISAL, LLC	odrappraisals.com
DAVID B WRIGHT	davidbwright.com
JACOB WRIGHT APPRAISALS	jacobwrightappraisals.com
JACOB WRIGHT APPRAISALS	jacobwrightappraisal.com
JAMES H WRIGHT	jameshwright.com
A WRIGHT APPRAISAL COMPANY	awrightappraisal.com
A WRIGHT APPRAISAL COMPANY	awrightappraisals.com
PREMIER HOME APPRAISALS - RHR, INC.	premierhomeappraisalsrhr.com
PREMIER HOME APPRAISALS - RHR, INC.	premierhomeappraisalrhr.com
ATLANTIC APPRAISALS	atlanticappraisals.com
ATLANTIC APPRAISALS	atlanticappraisal.com
WNC.RE.SOURCE, INC	wncresource.com
YORKE APPRAISALS,  INC.	yorkeappraisals.com
YORKE APPRAISALS,  INC.	yorkeappraisal.com
DANALLY APPRAISAL GROUP	danallyappraisalgroup.com
DANALLY APPRAISAL GROUP	danallyappraisalsgroup.com
DANALLY APPRAISAL GROUP	danallyappraisal.com
YOUNG APPRAISAL SERVICE INC.	youngappraisal.com
YOUNG APPRAISAL SERVICE INC.	youngappraisalervice.com
YOUNG APPRAISAL SERVICE INC.	youngappraisalservice.com
NANCY YOUNG & ASSOCIATES INC	nancyyoungand.com
NANCY YOUNG & ASSOCIATES INC	nancyyoungandassociates.com
APPALACHIAN APPRAISAL SERV	appalachianappraisalerv.com
APPALACHIAN APPRAISAL SERV	appalachianappraisalserv.com
YORK APPRAISAL SERVICES	yorkappraisalservices.com
YORK APPRAISAL SERVICES	yorkappraisalervices.com
YORK APPRAISAL SERVICES	yorkappraisal.com
ZAF APPRAISALS, INC.	zafappraisal.com
ZAF APPRAISALS, INC.	zafappraisals.com
SERVICE APPRAISAL	serviceappraisal.com
SERVICE APPRAISAL	serviceappraisals.com
ZELEZNIK APPRAISAL CO	zeleznikappraisal.com
ZELEZNIK APPRAISAL CO	zeleznikappraisals.com
ELEVATION APPRAISAL	elevationappraisal.com
ELEVATION APPRAISAL	elevationappraisals.com
ZINK APPRAISALS, INC.	zinkappraisal.com
ZINK APPRAISALS, INC.	zinkappraisals.com
OSCAR MIKE APPRAISAL GROUP	oscarmikeappraisalgroup.com
OSCAR MIKE APPRAISAL GROUP	oscarmikeappraisal.com
OSCAR MIKE APPRAISAL GROUP	oscarmikeappraisalsgroup.com
AA APPRAISALS, INC.	aaappraisals.com
AA APPRAISALS, INC.	aaappraisal.com
A&A Appraisers	aandaappraisers.com
Chris Basler Appraisals, Inc.	chrisbaslerappraisals.com
Chris Basler Appraisals, Inc.	chrisbaslerappraisal.com
Dakota Appraisal & Consulting, Ltd	dakotaappraisalandconsulting.com
Dakota Appraisal & Consulting, Ltd	dakotaappraisalsandconsulting.com
BIRKELAND APPRAISALS	birkelandappraisal.com
BIRKELAND APPRAISALS	birkelandappraisals.com
ANDERSON APPRAISAL SERVICE, INC.	andersonappraisalservice.com
ANDERSON APPRAISAL SERVICE, INC.	andersonappraisal.com
ANDERSON APPRAISAL SERVICE, INC.	andersonappraisalervice.com
Day Enterprises, LLC	dayenterprises.com
Gate City Bank	gatecitybank.com
RDI Appraisals	rdiappraisal.com
RDI Appraisals	rdiappraisals.com
BORDER APPRAISALS	borderappraisals.com
BORDER APPRAISALS	borderappraisal.com
Duchscher Appraisal Company, LLC	duchscherappraisal.com
Duchscher Appraisal Company, LLC	duchscherappraisals.com
Essential Appraisal Services, LLC	essentialappraisalservices.com
Essential Appraisal Services, LLC	essentialappraisal.com
Essential Appraisal Services, LLC	essentialappraisalervices.com
EVERETT APPRAISALS	everettappraisal.com
EVERETT APPRAISALS	everettappraisals.com
Mountain Plains Appraisals	mountainplainsappraisal.com
Mountain Plains Appraisals	mountainplainsappraisals.com
Broadway Appraisals	broadwayappraisal.com
Broadway Appraisals	broadwayappraisals.com
Gietzen Appraisals	gietzenappraisals.com
Gietzen Appraisals	gietzenappraisal.com
North Pointe Appraisals	northpointeappraisal.com
North Pointe Appraisals	northpointeappraisals.com
Brent M. Haaland	brentmhaaland.com
Bank of America (Landsafe)	bankofamericalandsafe.com
ND Value	ndvalue.com
Hennessey Appraisals	hennesseyappraisal.com
Hennessey Appraisals	hennesseyappraisals.com
U.S. Appraisal Serviice of North Dakota, LLC	usappraisalserviiceofnorthdakota.com
U.S. Appraisal Serviice of North Dakota, LLC	usappraisalerviiceofnorthdakota.com
Horizon Appraisal Services, LLC	horizonappraisalervices.com
Horizon Appraisal Services, LLC	horizonappraisalservices.com
Horizon Appraisal Services, LLC	horizonappraisal.com
THE APPRAISAL OFFICE	theappraisaloffice.com
THE APPRAISAL OFFICE	theappraisalsoffice.com
EMH Appraisals	emhappraisal.com
EMH Appraisals	emhappraisals.com
KNEWTSON APPRAISALS	knewtsonappraisal.com
KNEWTSON APPRAISALS	knewtsonappraisals.com
Velocity Appraisals	velocityappraisals.com
Velocity Appraisals	velocityappraisal.com
Koziol Appraisal, Inc.	koziolappraisal.com
Koziol Appraisal, Inc.	koziolappraisals.com
Kunick Appraisal Services	kunickappraisalervices.com
Kunick Appraisal Services	kunickappraisalservices.com
Kunick Appraisal Services	kunickappraisal.com
Lang Appraisals	langappraisal.com
Lang Appraisals	langappraisals.com
City of Grand Forks Assessing Dept	cityofgrandforksassessingdept.com
RTM Group	rtm.com
RTM Group	rtmgroup.com
DAKOTA APPRAISAL & CONSULTING	dakotaappraisalandconsulting.com
DAKOTA APPRAISAL & CONSULTING	dakotaappraisalsandconsulting.com
Mendez Appraisals	mendezappraisal.com
Mendez Appraisals	mendezappraisals.com
VELOCITY APPRAISALS	velocityappraisals.com
VELOCITY APPRAISALS	velocityappraisal.com
Legendary Appraisal	legendaryappraisals.com
Legendary Appraisal	legendaryappraisal.com
D.L. Mohr Appraisals	dlmohrappraisal.com
D.L. Mohr Appraisals	dlmohrappraisals.com
Anderson Appraisal Service, Inc.	andersonappraisalservice.com
Anderson Appraisal Service, Inc.	andersonappraisal.com
Anderson Appraisal Service, Inc.	andersonappraisalervice.com
Oberg Appraisals, Inc.	obergappraisal.com
Oberg Appraisals, Inc.	obergappraisals.com
Red River Appraisal LLC	redriverappraisal.com
Red River Appraisal LLC	redriverappraisals.com
Andrews Appraisals & Management LLC	andrewsappraisalsandmanagement.com
Andrews Appraisals & Management LLC	andrewsappraisalandmanagement.com
Perry Appraisals, Inc.	perryappraisal.com
Perry Appraisals, Inc.	perryappraisals.com
Quern Appraisals LLC	quernappraisal.com
Quern Appraisals LLC	quernappraisals.com
Anne Quirk Appraisals	annequirkappraisal.com
Anne Quirk Appraisals	annequirkappraisals.com
Appraisals & Real Estate Research	appraisalandrealestateresearch.com
Appraisals & Real Estate Research	appraisalsandrealestateresearch.com
Reynolds Valuations, LLC	reynoldsvaluations.com
Red River Valuations	redrivervaluations.com
PRAIRIE APPRAISAL SERVICE, LLC	prairieappraisal.com
PRAIRIE APPRAISAL SERVICE, LLC	prairieappraisalervice.com
PRAIRIE APPRAISAL SERVICE, LLC	prairieappraisalservice.com
Appraisal Group of North Dakota	appraisalsgroupofnorthdakota.com
Appraisal Group of North Dakota	appraisalgroupofnorthdakota.com
Schau Appraisals, Inc.	schauappraisals.com
Schau Appraisals, Inc.	schauappraisal.com
Precision Appraisals LLC	precisionappraisal.com
Precision Appraisals LLC	precisionappraisals.com
Gate City Bank- Appraisal & Evaluation Department	gatecitybankappraisalsandevaluationdepartment.com
LAKELAND APPRAISAL SERVICES	lakelandappraisalservices.com
LAKELAND APPRAISAL SERVICES	lakelandappraisal.com
LAKELAND APPRAISAL SERVICES	lakelandappraisalervices.com
Atlas Appraisals LLC	atlasappraisals.com
Atlas Appraisals LLC	atlasappraisal.com
Premier Appraisals and Realty Service, Inc.	premierappraisalsandrealtyservice.com
Premier Appraisals and Realty Service, Inc.	premierappraisalandrealtyservice.com
Premier Appraisals and Realty Service, Inc.	premierappraisalsandrealty.com
SCHWARZ  APPRAISAL	schwarzappraisals.com
SCHWARZ  APPRAISAL	schwarzappraisal.com
Sund Appraisal	sundappraisal.com
Sund Appraisal	sundappraisals.com
Cheryl Swanson	cherylswanson.com
Absolute Real Estate Services, LLC	absoluterealestate.com
Absolute Real Estate Services, LLC	absoluterealestateservices.com
Tinjum Appraisal Company, Inc.	tinjumappraisal.com
Tinjum Appraisal Company, Inc.	tinjumappraisals.com
ACTION APPRAISALS, INC.	actionappraisals.com
ACTION APPRAISALS, INC.	actionappraisal.com
Cass-Clay Appraisals, Inc.	cassclayappraisal.com
Cass-Clay Appraisals, Inc.	cassclayappraisals.com
WYNN APPRAISALS, INC.	wynnappraisal.com
WYNN APPRAISALS, INC.	wynnappraisals.com
AA Appraisal	aaappraisals.com
AA Appraisal	aaappraisal.com
MOUNTAINSEED APPRAISAL MANAGEMENT	mountainseedappraisalmanagement.com
MOUNTAINSEED APPRAISAL MANAGEMENT	mountainseedappraisalsmanagement.com
MITCHELL & ASSOCIATES INC	mitchellandassociates.com
MITCHELL & ASSOCIATES INC	mitchelland.com
REALCORP INC	realcorp.com
BABER MANAGEMENT INC	babermanagement.com
JIM BAIN APPRAISAL ASSOCIATES INC	jimbainappraisal.com
JIM BAIN APPRAISAL ASSOCIATES INC	jimbainappraisalsassociates.com
JIM BAIN APPRAISAL ASSOCIATES INC	jimbainappraisalassociates.com
YVONNE BARNA	yvonnebarna.com
TRI-STATE VALUATION & CONSULTING	tristatevaluationandconsulting.com
STONECREEK APPRAISAL	stonecreekappraisals.com
STONECREEK APPRAISAL	stonecreekappraisal.com
LA APPRAISALS SERVICES LLC	laappraisalsservices.com
LA APPRAISALS SERVICES LLC	laappraisalservices.com
LA APPRAISALS SERVICES LLC	laappraisals.com
VALUED APPRAISALS	valuedappraisal.com
VALUED APPRAISALS	valuedappraisals.com
LINCOLN APPRAISAL GROUP	lincolnappraisalgroup.com
LINCOLN APPRAISAL GROUP	lincolnappraisal.com
LINCOLN APPRAISAL GROUP	lincolnappraisalsgroup.com
BLANK APPRAISAL COMPANY	blankappraisal.com
BLANK APPRAISAL COMPANY	blankappraisals.com
REAL PROPERTY GROUP	realproperty.com
REAL PROPERTY GROUP	realpropertygroup.com
BOLDT APPRAISALS	boldtappraisal.com
BOLDT APPRAISALS	boldtappraisals.com
BROCK APPRAISAL COMPANY INC	brockappraisal.com
BROCK APPRAISAL COMPANY INC	brockappraisals.com
CDR REALTY INC	cdrrealty.com
MOOK APPRAISAL SERVICE	mookappraisal.com
MOOK APPRAISAL SERVICE	mookappraisalservice.com
MOOK APPRAISAL SERVICE	mookappraisalervice.com
HOMESTEAD LAND COMPANY	homesteadland.com
BURNHAM APPRAISAL CO	burnhamappraisals.com
BURNHAM APPRAISAL CO	burnhamappraisal.com
SARPY COUNTY ASSESSOR'S OFFICE	sarpycountyassessorsoffice.com
AKSARBEN APPRAISALS	aksarbenappraisals.com
AKSARBEN APPRAISALS	aksarbenappraisal.com
CITYWIDE APPRAISALS	citywideappraisals.com
CITYWIDE APPRAISALS	citywideappraisal.com
CDM APPRAISALS	cdmappraisals.com
CDM APPRAISALS	cdmappraisal.com
GUTWEIN APPRAISAL SERVICES	gutweinappraisalervices.com
GUTWEIN APPRAISAL SERVICES	gutweinappraisalservices.com
GUTWEIN APPRAISAL SERVICES	gutweinappraisal.com
BXB APPRAISALS LLC	bxbappraisal.com
BXB APPRAISALS LLC	bxbappraisals.com
RALLY APPRAISAL	rallyappraisals.com
RALLY APPRAISAL	rallyappraisal.com
COUGHLIN APPRAISAL SERVICE	coughlinappraisal.com
COUGHLIN APPRAISAL SERVICE	coughlinappraisalervice.com
COUGHLIN APPRAISAL SERVICE	coughlinappraisalservice.com
PATRICIA COX APPRAISAL SERVICES	patriciacoxappraisalservices.com
PATRICIA COX APPRAISAL SERVICES	patriciacoxappraisal.com
PATRICIA COX APPRAISAL SERVICES	patriciacoxappraisalervices.com
APPRAISAL SOLUTIONS LLC	appraisalsolutions.com
APPRAISAL SOLUTIONS LLC	appraisalolutions.com
APPRAISAL SOLUTIONS, LLC	appraisalsolutions.com
APPRAISAL SOLUTIONS, LLC	appraisalolutions.com
VALUATION SERVICES	valuation.com
VALUATION SERVICES	valuationservices.com
MID PLAINS APPRAISAL	midplainsappraisal.com
MID PLAINS APPRAISAL	midplainsappraisals.com
CALIBER APPRAISAL FIRM, LLC	caliberappraisalfirm.com
CALIBER APPRAISAL FIRM, LLC	caliberappraisalsfirm.com
FADEN APPRAISAL	fadenappraisals.com
FADEN APPRAISAL	fadenappraisal.com
FELDKAMP APPRAISALS	feldkampappraisals.com
FELDKAMP APPRAISALS	feldkampappraisal.com
INNOVATIVE APPRAISAL SERVICE INC	innovativeappraisal.com
INNOVATIVE APPRAISAL SERVICE INC	innovativeappraisalervice.com
INNOVATIVE APPRAISAL SERVICE INC	innovativeappraisalservice.com
STANFORD & FEUERBORN	stanfordandfeuerborn.com
GREAT PLAINS APPRAISAL INC	greatplainsappraisals.com
GREAT PLAINS APPRAISAL INC	greatplainsappraisal.com
STEVE FOLMER APPRAISAL, LLC	stevefolmerappraisal.com
STEVE FOLMER APPRAISAL, LLC	stevefolmerappraisals.com
JF APPRAISALS CO	jfappraisals.com
JF APPRAISALS CO	jfappraisal.com
MORRISSEY APPRAISAL SERVICES	morrisseyappraisal.com
MORRISSEY APPRAISAL SERVICES	morrisseyappraisalervices.com
MORRISSEY APPRAISAL SERVICES	morrisseyappraisalservices.com
FNBO	fnbo.com
NORTHBOUND APPRAISALS LLC	northboundappraisal.com
NORTHBOUND APPRAISALS LLC	northboundappraisals.com
COLLEEN GIVENS BRAY, APPRAISER	colleengivensbrayappraiser.com
RTD APPRAISALS LLC	rtdappraisals.com
RTD APPRAISALS LLC	rtdappraisal.com
ALLSTATE APPRAISAL GROUP LLC	allstateappraisalsgroup.com
ALLSTATE APPRAISAL GROUP LLC	allstateappraisalgroup.com
ALLSTATE APPRAISAL GROUP LLC	allstateappraisal.com
CRAMTON APPRAISAL	cramtonappraisals.com
CRAMTON APPRAISAL	cramtonappraisal.com
SARPY COUNTY ASSESSORS OFFICE	sarpycountyassessorsoffice.com
VALUATION CONSULTANTS	valuationconsultants.com
STRATEGIC PROPERTY PARTNERS LLC	strategicpropertypartners.com
UNITED MANAGEMENT AND VALUATION	unitedmanagementandvaluation.com
LINCOLN FEDERAL SAVINGS	lincolnfederalsavings.com
PRAIRIE HOME APPRAISALS	prairiehomeappraisals.com
PRAIRIE HOME APPRAISALS	prairiehomeappraisal.com
SCOTT HANKINS	scotthankins.com
MIDWEST HOME VALUES INC	midwesthomevalues.com
HARNESS LLC	harness.com
APPRAISAL SOLUTIONS	appraisalsolutions.com
APPRAISAL SOLUTIONS	appraisalolutions.com
HATCH APPRAISAL LLC	hatchappraisal.com
HATCH APPRAISAL LLC	hatchappraisals.com
HAWKINS APPRAISAL LLC	hawkinsappraisals.com
HAWKINS APPRAISAL LLC	hawkinsappraisal.com
TJ HEARTY APPRAISER	tjheartyappraiser.com
THE APPRAISAL ADVANTAGE INC	theappraisaladvantage.com
THE APPRAISAL ADVANTAGE INC	theappraisalsadvantage.com
BJH APPRAISAL SERVICES	bjhappraisalservices.com
BJH APPRAISAL SERVICES	bjhappraisal.com
BJH APPRAISAL SERVICES	bjhappraisalervices.com
JENNIFER N HESKIN	jennifernheskin.com
LAKE MAC APPRAISAL	lakemacappraisals.com
LAKE MAC APPRAISAL	lakemacappraisal.com
CAROLYN HINKEY GARNETT, APPRAISER	carolynhinkeygarnettappraiser.com
CLIFF HODGES	cliffhodges.com
HOEFS APPRAISAL SERVICES LLC	hoefsappraisalservices.com
HOEFS APPRAISAL SERVICES LLC	hoefsappraisal.com
HOEFS APPRAISAL SERVICES LLC	hoefsappraisalervices.com
MBH APPRAISAL SERVICES INC	mbhappraisalervices.com
MBH APPRAISAL SERVICES INC	mbhappraisal.com
MBH APPRAISAL SERVICES INC	mbhappraisalservices.com
HOLCOMB APPRAISAL FIRM INC	holcombappraisalfirm.com
HOLCOMB APPRAISAL FIRM INC	holcombappraisalsfirm.com
SARPY COUNTY ASSESSOR	sarpycountyassessor.com
HYDE APPRAISAL	hydeappraisal.com
HYDE APPRAISAL	hydeappraisals.com
VALUATION CONSULTANTS PC	valuationconsultants.com
KRAMER APPRAISAL LLC	kramerappraisal.com
KRAMER APPRAISAL LLC	kramerappraisals.com
JANOUSEK APPRAISAL	janousekappraisals.com
JANOUSEK APPRAISAL	janousekappraisal.com
CORNERSTONE AGENCY LLC	cornerstoneagency.com
BJ JUSTICE	bjjustice.com
TOM POSEY REAL ESTATE & APPRAISAL	tomposeyrealestateandappraisals.com
TOM POSEY REAL ESTATE & APPRAISAL	tomposeyrealestateandappraisal.com
DARCY KEALY ROBISON	darcykealyrobison.com
KEN KEARLEY	kenkearley.com
KENZY APPRAISAL LLC	kenzyappraisals.com
KENZY APPRAISAL LLC	kenzyappraisal.com
ARROWHEAD REALTY & APPRAISAL	arrowheadrealtyandappraisal.com
ARROWHEAD REALTY & APPRAISAL	arrowheadrealtyandappraisals.com
WPK LLC	wpk.com
KIRBY APPRAISALS	kirbyappraisal.com
KIRBY APPRAISALS	kirbyappraisals.com
KIRSCH APPRAISALS	kirschappraisal.com
KIRSCH APPRAISALS	kirschappraisals.com
VALFINITY LLC	valfinity.com
KOEPKE APPRAISAL LLC	koepkeappraisals.com
KOEPKE APPRAISAL LLC	koepkeappraisal.com
JOEL KIRBY APPRAISALS	joelkirbyappraisals.com
JOEL KIRBY APPRAISALS	joelkirbyappraisal.com
NWIA APRAISAL LLC/ELEVATE APPRAISAL LLC	nwiaapraisalllcelevateappraisals.com
NWIA APRAISAL LLC/ELEVATE APPRAISAL LLC	nwiaapraisalllcelevateappraisal.com
KRAMBECK & ASSOCIATES	krambeckand.com
KRAMBECK & ASSOCIATES	krambeckandassociates.com
AMBER KUHN	amberkuhn.com
METRO VALUATIONS	metrovaluations.com
LEGGOTT APPRAISAL SERVICES	leggottappraisal.com
LEGGOTT APPRAISAL SERVICES	leggottappraisalservices.com
LEGGOTT APPRAISAL SERVICES	leggottappraisalervices.com
LEGROS & ASSOCIATES INC	legrosandassociates.com
LEGROS & ASSOCIATES INC	legrosand.com
BRIAN LENS	brianlens.com
NEBRASKA DEPARTMENT OF TRANSPORTATION	nebraskadepartmentoftransportation.com
METRO APPRAISERS & CONSULTANTS INC	metroappraisersandconsultants.com
KATHERINE LOEWENS	katherineloewens.com
MID AMERICA RES APPR SERV	midamericaresapprserv.com
MAHNKE APPRAISAL COMPANY	mahnkeappraisal.com
MAHNKE APPRAISAL COMPANY	mahnkeappraisals.com
TAKUSKI APPRAISALS INC	takuskiappraisals.com
TAKUSKI APPRAISALS INC	takuskiappraisal.com
MASON APPRAISAL SERVICES	masonappraisalervices.com
MASON APPRAISAL SERVICES	masonappraisalservices.com
MASON APPRAISAL SERVICES	masonappraisal.com
MASSANET APPRAISALS	massanetappraisals.com
MASSANET APPRAISALS	massanetappraisal.com
PRO APPRAISAL SERVICES LLC	proappraisalervices.com
PRO APPRAISAL SERVICES LLC	proappraisal.com
PRO APPRAISAL SERVICES LLC	proappraisalservices.com
BETTER LIVING APPRAISAL SERVICES LLC	betterlivingappraisalservices.com
BETTER LIVING APPRAISAL SERVICES LLC	betterlivingappraisal.com
BETTER LIVING APPRAISAL SERVICES LLC	betterlivingappraisalervices.com
JAMES LEE MINIKUS APPRAISER	jamesleeminikusappraiser.com
MELISSA A MOORE	melissaamoore.com
AVID APPRAISAL LLC	avidappraisals.com
AVID APPRAISAL LLC	avidappraisal.com
MORRIS APPRAISAL SERVICES	morrisappraisal.com
MORRIS APPRAISAL SERVICES	morrisappraisalservices.com
MORRIS APPRAISAL SERVICES	morrisappraisalervices.com
HATCH APPRAISALS LLC	hatchappraisal.com
HATCH APPRAISALS LLC	hatchappraisals.com
RIDGELINE APPRAISAL, INC.	ridgelineappraisal.com
RIDGELINE APPRAISAL, INC.	ridgelineappraisals.com
NELSEN APPRAISAL VALUATIONS LLC	nelsenappraisalsvaluations.com
NELSEN APPRAISAL VALUATIONS LLC	nelsenappraisalvaluations.com
NELSEN APPRAISAL SERVICE INC	nelsenappraisal.com
NELSEN APPRAISAL SERVICE INC	nelsenappraisalervice.com
NELSEN APPRAISAL SERVICE INC	nelsenappraisalservice.com
NEPPL APPRAISAL SERVICE	nepplappraisal.com
NEPPL APPRAISAL SERVICE	nepplappraisalervice.com
NEPPL APPRAISAL SERVICE	nepplappraisalservice.com
NORDEEN APPRAISAL SERVICE	nordeenappraisalervice.com
NORDEEN APPRAISAL SERVICE	nordeenappraisalservice.com
NORDEEN APPRAISAL SERVICE	nordeenappraisal.com
NUTTER APPRAISAL	nutterappraisals.com
NUTTER APPRAISAL	nutterappraisal.com
OCENA APPRAISALS LLC	ocenaappraisals.com
OCENA APPRAISALS LLC	ocenaappraisal.com
OSWALD REAL ESTATE APPRAISAL INC	oswaldrealestateappraisal.com
OSWALD REAL ESTATE APPRAISAL INC	oswaldrealestateappraisals.com
OSWALD REAL ESTATE APPRAISAL	oswaldrealestateappraisal.com
OSWALD REAL ESTATE APPRAISAL	oswaldrealestateappraisals.com
TED PANAS APPRAISALS	tedpanasappraisal.com
TED PANAS APPRAISALS	tedpanasappraisals.com
RED DOOR APPRAISAL	reddoorappraisals.com
RED DOOR APPRAISAL	reddoorappraisal.com
PAWOL APPRAISAL SERVICES	pawolappraisal.com
PAWOL APPRAISAL SERVICES	pawolappraisalervices.com
PAWOL APPRAISAL SERVICES	pawolappraisalservices.com
RAI OF NEBRASKA	raiofnebraska.com
ERIKA PETERSEN APPRAISAL	erikapetersenappraisals.com
ERIKA PETERSEN APPRAISAL	erikapetersenappraisal.com
HALES & ASSOCIATES	halesandassociates.com
HALES & ASSOCIATES	halesand.com
PIERCE APPRAISAL	pierceappraisal.com
PIERCE APPRAISAL	pierceappraisals.com
HOLCOMB APPRAISAL FIRM	holcombappraisalfirm.com
HOLCOMB APPRAISAL FIRM	holcombappraisalsfirm.com
APPRAISAL CONSULTANTS INC	appraisalconsultants.com
APPRAISAL CONSULTANTS INC	appraisalsconsultants.com
ELITE APPRAISAL NETWORK	eliteappraisalsnetwork.com
ELITE APPRAISAL NETWORK	eliteappraisalnetwork.com
RANDEL APPRAISAL SERVICE	randelappraisal.com
RANDEL APPRAISAL SERVICE	randelappraisalservice.com
RANDEL APPRAISAL SERVICE	randelappraisalervice.com
REMER REALTY AND APPRAISAL LLC	remerrealtyandappraisals.com
REMER REALTY AND APPRAISAL LLC	remerrealtyandappraisal.com
JODY BUICK RENNER	jodybuickrenner.com
RENNER APPRAISAL SERVICE	rennerappraisal.com
RENNER APPRAISAL SERVICE	rennerappraisalservice.com
RENNER APPRAISAL SERVICE	rennerappraisalervice.com
SKY APPRAISALS LLC	skyappraisals.com
SKY APPRAISALS LLC	skyappraisal.com
JR APPRAISAL SERVICE	jrappraisalervice.com
JR APPRAISAL SERVICE	jrappraisal.com
JR APPRAISAL SERVICE	jrappraisalservice.com
ROBB & ASSOCIATES, LLC	robband.com
ROBB & ASSOCIATES, LLC	robbandassociates.com
ELTY APPRAISALS, LLC	eltyappraisals.com
ELTY APPRAISALS, LLC	eltyappraisal.com
DOUBLE K APPRAISALS	doublekappraisal.com
DOUBLE K APPRAISALS	doublekappraisals.com
BR APPRAISALS	brappraisal.com
BR APPRAISALS	brappraisals.com
RUFFCORN APPRAISAL SERVICES	ruffcornappraisalervices.com
RUFFCORN APPRAISAL SERVICES	ruffcornappraisalservices.com
RUFFCORN APPRAISAL SERVICES	ruffcornappraisal.com
RUNYAN APPRAISALS LLC	runyanappraisals.com
RUNYAN APPRAISALS LLC	runyanappraisal.com
MITCHELL & ASSOCIATES	mitchellandassociates.com
MITCHELL & ASSOCIATES	mitchelland.com
TRISTATE VALUATION AND CONSULTING	tristatevaluationandconsulting.com
SCHANOU APPRAISAL SERVICES INC.	schanouappraisal.com
SCHANOU APPRAISAL SERVICES INC.	schanouappraisalervices.com
SCHANOU APPRAISAL SERVICES INC.	schanouappraisalservices.com
JULIE SCHROER APPRAISALS LLC	julieschroerappraisal.com
JULIE SCHROER APPRAISALS LLC	julieschroerappraisals.com
BELTZER & SCHULTZ APPRAISAL CO	beltzerandschultzappraisals.com
BELTZER & SCHULTZ APPRAISAL CO	beltzerandschultzappraisal.com
SCHWARZ APPRAISAL COMPANY	schwarzappraisals.com
SCHWARZ APPRAISAL COMPANY	schwarzappraisal.com
ASHLER PROPERTIES INC	ashlerproperties.com
SCOTT REAL ESTATE APPRAISALS	scottrealestateappraisals.com
SCOTT REAL ESTATE APPRAISALS	scottrealestateappraisal.com
SIMON APPRAISAL SERVICES INC	simonappraisalervices.com
SIMON APPRAISAL SERVICES INC	simonappraisal.com
SIMON APPRAISAL SERVICES INC	simonappraisalservices.com
APEX APPRAISAL SERVICES LLC	apexappraisalervices.com
APEX APPRAISAL SERVICES LLC	apexappraisalservices.com
APEX APPRAISAL SERVICES LLC	apexappraisal.com
GIVENS-BRAY APPRAISAL CENTER	givensbrayappraisalcenter.com
GIVENS-BRAY APPRAISAL CENTER	givensbrayappraisalscenter.com
MIDWEST APPRAISAL ASSOCIATES INC	midwestappraisalassociates.com
MIDWEST APPRAISAL ASSOCIATES INC	midwestappraisalsassociates.com
MIDWEST APPRAISAL ASSOCIATES INC	midwestappraisal.com
STAHLA APPRAISAL INC	stahlaappraisals.com
STAHLA APPRAISAL INC	stahlaappraisal.com
SUBURBAN APPRAISALS INC	suburbanappraisal.com
SUBURBAN APPRAISALS INC	suburbanappraisals.com
PLATTE VALLEY APPRAISAL LLC	plattevalleyappraisal.com
PLATTE VALLEY APPRAISAL LLC	plattevalleyappraisals.com
STELLING APPRAISALS LLC	stellingappraisals.com
STELLING APPRAISALS LLC	stellingappraisal.com
DISCOVER APPRAISAL SERVICES	discoverappraisal.com
DISCOVER APPRAISAL SERVICES	discoverappraisalservices.com
DISCOVER APPRAISAL SERVICES	discoverappraisalervices.com
JPS REAL ESTATE SERVICES	jpsrealestate.com
JPS REAL ESTATE SERVICES	jpsrealestateservices.com
CAMASS APPRAISAL INC	camassappraisal.com
CAMASS APPRAISAL INC	camassappraisals.com
GREATER OMAHA APPRAISAL COMPANY	greateromahaappraisal.com
GREATER OMAHA APPRAISAL COMPANY	greateromahaappraisals.com
FIRST NATIONAL BANK OF OMAHA	firstnationalbankofomaha.com
HARNESS APPRAISALS	harnessappraisals.com
HARNESS APPRAISALS	harnessappraisal.com
TOP APPRAISAL COMPANY	topappraisal.com
TOP APPRAISAL COMPANY	topappraisals.com
WILSON APPRAISAL COMPANY	wilsonappraisal.com
WILSON APPRAISAL COMPANY	wilsonappraisals.com
VAN WINKLE RESIDENTIAL APPRAISALS LLC	vanwinkleresidentialappraisal.com
VAN WINKLE RESIDENTIAL APPRAISALS LLC	vanwinkleresidentialappraisals.com
WENDT APPRAISAL SERVICES	wendtappraisalervices.com
WENDT APPRAISAL SERVICES	wendtappraisal.com
WENDT APPRAISAL SERVICES	wendtappraisalservices.com
WESTMAN & ASSOCIATES	westmanandassociates.com
WESTMAN & ASSOCIATES	westmanand.com
VALLEY APPRAISAL ASSOCIATES	valleyappraisalassociates.com
VALLEY APPRAISAL ASSOCIATES	valleyappraisalsassociates.com
VALLEY APPRAISAL ASSOCIATES	valleyappraisal.com
HUSKER APPRAISAL	huskerappraisals.com
HUSKER APPRAISAL	huskerappraisal.com
CAMASS APPRAISAL	camassappraisal.com
CAMASS APPRAISAL	camassappraisals.com
SHARON L WHITE APPRAISAL SERVICES LLC	sharonlwhiteappraisalervices.com
SHARON L WHITE APPRAISAL SERVICES LLC	sharonlwhiteappraisalservices.com
SHARON L WHITE APPRAISAL SERVICES LLC	sharonlwhiteappraisal.com
WHITEHEAD COMPANY	whitehead.com
APEX APPRAISAL OF NEBRASKA	apexappraisalsofnebraska.com
APEX APPRAISAL OF NEBRASKA	apexappraisalofnebraska.com
WILDER & ASSOCIATES	wilderand.com
WILDER & ASSOCIATES	wilderandassociates.com
WILSON APPRAISAL SERVICE	wilsonappraisal.com
WILSON APPRAISAL SERVICE	wilsonappraisalservice.com
WILSON APPRAISAL SERVICE	wilsonappraisalervice.com
VALUED APPRAISALS LLC	valuedappraisal.com
VALUED APPRAISALS LLC	valuedappraisals.com
WOHLENHAUS APPRAISAL SERVICE	wohlenhausappraisal.com
WOHLENHAUS APPRAISAL SERVICE	wohlenhausappraisalervice.com
WOHLENHAUS APPRAISAL SERVICE	wohlenhausappraisalservice.com
WOLFF APPRAISAL SERVICE	wolffappraisal.com
WOLFF APPRAISAL SERVICE	wolffappraisalervice.com
WOLFF APPRAISAL SERVICE	wolffappraisalservice.com
LEGACY APPRAISAL COMPANY	legacyappraisal.com
LEGACY APPRAISAL COMPANY	legacyappraisals.com
MIDLANDS APPRAISAL GROUP	midlandsappraisal.com
MIDLANDS APPRAISAL GROUP	midlandsappraisalsgroup.com
MIDLANDS APPRAISAL GROUP	midlandsappraisalgroup.com
JUSTIFIED APPRAISALS	justifiedappraisal.com
JUSTIFIED APPRAISALS	justifiedappraisals.com
NORTHEAST NEBRASKA APPRAISAL	northeastnebraskaappraisals.com
NORTHEAST NEBRASKA APPRAISAL	northeastnebraskaappraisal.com
AMOSKEAG APPRAISAL CO	amoskeagappraisals.com
AMOSKEAG APPRAISAL CO	amoskeagappraisal.com
APPRAISALS UNLIMITED  INC.	appraisalunlimited.com
APPRAISALS UNLIMITED  INC.	appraisalsunlimited.com
JENMOR APPRAISAL	jenmorappraisals.com
JENMOR APPRAISAL	jenmorappraisal.com
ASCANI & ASSOCIATES	ascaniand.com
ASCANI & ASSOCIATES	ascaniandassociates.com
COLLATERAL ANALYTICS	collateralanalytics.com
BPB APPRAISAL SERVICES	bpbappraisalervices.com
BPB APPRAISAL SERVICES	bpbappraisal.com
BPB APPRAISAL SERVICES	bpbappraisalservices.com
MB APPRAISAL SERVICES	mbappraisalervices.com
MB APPRAISAL SERVICES	mbappraisalservices.com
MB APPRAISAL SERVICES	mbappraisal.com
BERTHIAUME APPRAISAL SERVICES	berthiaumeappraisalervices.com
BERTHIAUME APPRAISAL SERVICES	berthiaumeappraisal.com
BERTHIAUME APPRAISAL SERVICES	berthiaumeappraisalservices.com
BIRMINGHAM APPRAISAL SERVICES	birminghamappraisalervices.com
BIRMINGHAM APPRAISAL SERVICES	birminghamappraisalservices.com
BIRMINGHAM APPRAISAL SERVICES	birminghamappraisal.com
BLANCHET RE SERV INC	blanchetreserv.com
PAQUETTE APPRAISAL	paquetteappraisals.com
PAQUETTE APPRAISAL	paquetteappraisal.com
NLB APPRAISAL, LLC	nlbappraisal.com
NLB APPRAISAL, LLC	nlbappraisals.com
BRIGGS APPRAISAL SERVICES	briggsappraisal.com
BRIGGS APPRAISAL SERVICES	briggsappraisalervices.com
BRIGGS APPRAISAL SERVICES	briggsappraisalservices.com
CLASSIC APPRAISAL SERVICES	classicappraisal.com
CLASSIC APPRAISAL SERVICES	classicappraisalervices.com
CLASSIC APPRAISAL SERVICES	classicappraisalservices.com
BURBANK APPRAISAL SERVICE	burbankappraisalervice.com
BURBANK APPRAISAL SERVICE	burbankappraisal.com
BURBANK APPRAISAL SERVICE	burbankappraisalservice.com
ANCHORAGE APPRAISAL	anchorageappraisal.com
ANCHORAGE APPRAISAL	anchorageappraisals.com
N.C. APPRAISERS	ncappraisers.com
BC APPRAISALS	bcappraisals.com
BC APPRAISALS	bcappraisal.com
COFFEY APPRAISALS	coffeyappraisal.com
COFFEY APPRAISALS	coffeyappraisals.com
B. COLE APPRAISALS	bcoleappraisals.com
B. COLE APPRAISALS	bcoleappraisal.com
JOHN J CONCANNON APPRAISALS	johnjconcannonappraisal.com
JOHN J CONCANNON APPRAISALS	johnjconcannonappraisals.com
TITLE SOURCE  QUICKEN LOANS	titlesourcequickenloans.com
J. A. COTE APPRAISALS LLC	jacoteappraisals.com
J. A. COTE APPRAISALS LLC	jacoteappraisal.com
BOUTIN APPRAISALS INC	boutinappraisals.com
BOUTIN APPRAISALS INC	boutinappraisal.com
YANCO APPRAISAL SERVICE LLC	yancoappraisalervice.com
YANCO APPRAISAL SERVICE LLC	yancoappraisalservice.com
YANCO APPRAISAL SERVICE LLC	yancoappraisal.com
EDI  APPRAISAL SERVICES	ediappraisal.com
EDI  APPRAISAL SERVICES	ediappraisalervices.com
EDI  APPRAISAL SERVICES	ediappraisalservices.com
MCKEON APPRAISAL SERVICES	mckeonappraisal.com
MCKEON APPRAISAL SERVICES	mckeonappraisalervices.com
MCKEON APPRAISAL SERVICES	mckeonappraisalservices.com
M&G APPRAISALS	mandgappraisal.com
M&G APPRAISALS	mandgappraisals.com
POINT APPRAISALS	pointappraisal.com
POINT APPRAISALS	pointappraisals.com
DAYSTAR APPRAISAL SERVICES	daystarappraisalservices.com
DAYSTAR APPRAISAL SERVICES	daystarappraisalervices.com
DAYSTAR APPRAISAL SERVICES	daystarappraisal.com
LINCOLN APPRAISAL & SETTLEMENT SERVICES	lincolnappraisalsandsettlementservices.com
LINCOLN APPRAISAL & SETTLEMENT SERVICES	lincolnappraisalandsettlement.com
LINCOLN APPRAISAL & SETTLEMENT SERVICES	lincolnappraisalandsettlementservices.com
FIRST FIDELITY APP SERV OF NE	firstfidelityappservofne.com
DONOVON APPRAISAL	donovonappraisal.com
DONOVON APPRAISAL	donovonappraisals.com
GREGORY L. DOYLE	gregoryldoyle.com
GARY DRISCOLL APPR. SERV.	garydriscollapprserv.com
Dunne Appraisal Group	dunneappraisalgroup.com
Dunne Appraisal Group	dunneappraisal.com
Dunne Appraisal Group	dunneappraisalsgroup.com
MOULTON APPRAISAL GROUP	moultonappraisalgroup.com
MOULTON APPRAISAL GROUP	moultonappraisalsgroup.com
MOULTON APPRAISAL GROUP	moultonappraisal.com
KRISTEN ELDRIDGE APPRAISALS	kristeneldridgeappraisal.com
KRISTEN ELDRIDGE APPRAISALS	kristeneldridgeappraisals.com
TORELLI APPRAISAL SERVICE	torelliappraisalservice.com
TORELLI APPRAISAL SERVICE	torelliappraisal.com
TORELLI APPRAISAL SERVICE	torelliappraisalervice.com
FOX ASSOCIATES	fox.com
FOX ASSOCIATES	foxassociates.com
FRIGOLETTO & ASSOCIATES	frigolettoandassociates.com
FRIGOLETTO & ASSOCIATES	frigolettoand.com
IN-EAST APPRAISAL GROUP INC	ineastappraisal.com
IN-EAST APPRAISAL GROUP INC	ineastappraisalgroup.com
IN-EAST APPRAISAL GROUP INC	ineastappraisalsgroup.com
RAY FURGAL REAL ESTATE APPRAISAL SERVICES LLC	rayfurgalrealestateappraisalervices.com
RAY FURGAL REAL ESTATE APPRAISAL SERVICES LLC	rayfurgalrealestateappraisal.com
RAY FURGAL REAL ESTATE APPRAISAL SERVICES LLC	rayfurgalrealestateappraisalservices.com
LG APPRAISALS	lgappraisal.com
LG APPRAISALS	lgappraisals.com
MODEL APPRAISAL SERVICES	modelappraisalervices.com
MODEL APPRAISAL SERVICES	modelappraisalservices.com
MODEL APPRAISAL SERVICES	modelappraisal.com
ACORN HILL APPRAISAL LLC	acornhillappraisal.com
ACORN HILL APPRAISAL LLC	acornhillappraisals.com
ENH APPRAISAL	enhappraisals.com
ENH APPRAISAL	enhappraisal.com
CAPITAL K & COMPANY LLC	capitalkand.com
CASTLE VIEW APPRAISAL	castleviewappraisals.com
CASTLE VIEW APPRAISAL	castleviewappraisal.com
K & R APPRAISAL SERVICES	kandrappraisalservices.com
K & R APPRAISAL SERVICES	kandrappraisal.com
K & R APPRAISAL SERVICES	kandrappraisalervices.com
R. GINGRAS & ASSOCIATES	rgingrasand.com
R. GINGRAS & ASSOCIATES	rgingrasandassociates.com
Rockwood Appraisal Service	rockwoodappraisalervice.com
Rockwood Appraisal Service	rockwoodappraisalservice.com
Rockwood Appraisal Service	rockwoodappraisal.com
LAP APPRAISAL LLC	lapappraisals.com
LAP APPRAISAL LLC	lapappraisal.com
GODDARD & ASSOCIATES	goddardand.com
GODDARD & ASSOCIATES	goddardandassociates.com
ELITE APPRAISALS LLC	eliteappraisals.com
ELITE APPRAISALS LLC	eliteappraisal.com
LKG  APPRAISAL SERVICES	lkgappraisalservices.com
LKG  APPRAISAL SERVICES	lkgappraisal.com
LKG  APPRAISAL SERVICES	lkgappraisalervices.com
WILLIAM R GREEN	williamrgreen.com
AVID APPRAISAL GROUP	avidappraisalgroup.com
AVID APPRAISAL GROUP	avidappraisalsgroup.com
AVID APPRAISAL GROUP	avidappraisal.com
APPRAISAL SOURCE, LLC	appraisalource.com
APPRAISAL SOURCE, LLC	appraisalsource.com
HAMER APPRAISAL ASSOCIATES	hamerappraisalassociates.com
HAMER APPRAISAL ASSOCIATES	hamerappraisalsassociates.com
HAMER APPRAISAL ASSOCIATES	hamerappraisal.com
CITY OF TREES APPRAISALS	cityoftreesappraisal.com
CITY OF TREES APPRAISALS	cityoftreesappraisals.com
BASELINE APPRAISAL SERVICES	baselineappraisal.com
BASELINE APPRAISAL SERVICES	baselineappraisalervices.com
BASELINE APPRAISAL SERVICES	baselineappraisalservices.com
HARRINGTON LEVASSEUR & ASSOC	harringtonlevasseurandassoc.com
RUO & HASCHIG REALTY INC	ruoandhaschigrealty.com
RHR APPRAISALS	rhrappraisals.com
RHR APPRAISALS	rhrappraisal.com
PRESIDENTIAL APPRAISAL SERVICES	presidentialappraisal.com
PRESIDENTIAL APPRAISAL SERVICES	presidentialappraisalservices.com
PRESIDENTIAL APPRAISAL SERVICES	presidentialappraisalervices.com
L. HOWARD APPRAISAL SERVICES LLC	lhowardappraisalervices.com
L. HOWARD APPRAISAL SERVICES LLC	lhowardappraisal.com
L. HOWARD APPRAISAL SERVICES LLC	lhowardappraisalservices.com
HOYE REAL ESTATE APPRAISALS	hoyerealestateappraisals.com
HOYE REAL ESTATE APPRAISALS	hoyerealestateappraisal.com
JDH APPRAISAL SERVICES	jdhappraisalervices.com
JDH APPRAISAL SERVICES	jdhappraisalservices.com
JDH APPRAISAL SERVICES	jdhappraisal.com
WENTWORTH RE APP SERVICES	wentworthreapp.com
WENTWORTH RE APP SERVICES	wentworthreappservices.com
STONE BROOK APPRAISALS LLC	stonebrookappraisal.com
STONE BROOK APPRAISALS LLC	stonebrookappraisals.com
HARVEST OF HOMES, INC.	harvestofhomes.com
Laprise Appraisal, LLC	lapriseappraisals.com
Laprise Appraisal, LLC	lapriseappraisal.com
THE STANHOPE GROUP LLC	thestanhope.com
THE STANHOPE GROUP LLC	thestanhopegroup.com
STONE BROOK APPRAISALS	stonebrookappraisal.com
STONE BROOK APPRAISALS	stonebrookappraisals.com
Chester Appraisal Associates LLC	chesterappraisalassociates.com
Chester Appraisal Associates LLC	chesterappraisal.com
Chester Appraisal Associates LLC	chesterappraisalsassociates.com
LORANGER INTEGRATED PROPERTY SOLUTIONS INC	lorangerintegratedpropertysolutions.com
LOUISIGNAU APPRAISAL SERVICE	louisignauappraisalervice.com
LOUISIGNAU APPRAISAL SERVICE	louisignauappraisalservice.com
LOUISIGNAU APPRAISAL SERVICE	louisignauappraisal.com
LYONS APPRAISAL SERVICES	lyonsappraisal.com
LYONS APPRAISAL SERVICES	lyonsappraisalservices.com
LYONS APPRAISAL SERVICES	lyonsappraisalervices.com
MCKEON APPRAISAL SERVICES INC	mckeonappraisal.com
MCKEON APPRAISAL SERVICES INC	mckeonappraisalervices.com
MCKEON APPRAISAL SERVICES INC	mckeonappraisalservices.com
ATLAS APPRAISALS CORP	atlasappraisals.com
ATLAS APPRAISALS CORP	atlasappraisal.com
DAVID J. MICHAUD	davidjmichaud.com
QUEEN CITY APPRAISAL LLC	queencityappraisals.com
QUEEN CITY APPRAISAL LLC	queencityappraisal.com
PINNACLE APPRAISALS	pinnacleappraisal.com
PINNACLE APPRAISALS	pinnacleappraisals.com
MORAN APPRAISAL SERVICES	moranappraisalervices.com
MORAN APPRAISAL SERVICES	moranappraisal.com
MORAN APPRAISAL SERVICES	moranappraisalservices.com
DND APPRAISAL SERVICES INC	dndappraisal.com
DND APPRAISAL SERVICES INC	dndappraisalservices.com
DND APPRAISAL SERVICES INC	dndappraisalervices.com
AMROCK INC	amrock.com
JONATHAN NASH APPRAISALS LLC	jonathannashappraisal.com
JONATHAN NASH APPRAISALS LLC	jonathannashappraisals.com
NOEL APPRAISAL SERVICES LLC	noelappraisalservices.com
NOEL APPRAISAL SERVICES LLC	noelappraisal.com
NOEL APPRAISAL SERVICES LLC	noelappraisalervices.com
RIVERSTONE APPRAISALS	riverstoneappraisal.com
RIVERSTONE APPRAISALS	riverstoneappraisals.com
UPPER VALLEY APPRAISAL SERVICES	uppervalleyappraisalervices.com
UPPER VALLEY APPRAISAL SERVICES	uppervalleyappraisal.com
UPPER VALLEY APPRAISAL SERVICES	uppervalleyappraisalservices.com
PROPERTY NORTH APPRAISALS, INC	propertynorthappraisal.com
PROPERTY NORTH APPRAISALS, INC	propertynorthappraisals.com
COLONIAL APPRAISAL	colonialappraisal.com
COLONIAL APPRAISAL	colonialappraisals.com
PERRY APPRAISAL SERVICES	perryappraisal.com
PERRY APPRAISAL SERVICES	perryappraisalservices.com
PERRY APPRAISAL SERVICES	perryappraisalervices.com
LA APPRAISALS	laappraisal.com
LA APPRAISALS	laappraisals.com
FAIRMARKET ADVISORS	fairmarketadvisors.com
LAWRENCE E. DUBOIS ASSOCIATES	lawrenceeduboisassociates.com
LAWRENCE E. DUBOIS ASSOCIATES	lawrenceedubois.com
POLLECK APPRAISAL SERVICES	polleckappraisalervices.com
POLLECK APPRAISAL SERVICES	polleckappraisalservices.com
POLLECK APPRAISAL SERVICES	polleckappraisal.com
APPRAISAL SOLUTIONS OF N E	appraisalsolutionsofne.com
APPRAISAL SOLUTIONS OF N E	appraisalolutionsofne.com
KEP  APPRAISAL, LLC	kepappraisals.com
KEP  APPRAISAL, LLC	kepappraisal.com
MPA APPRAISALS	mpaappraisals.com
MPA APPRAISALS	mpaappraisal.com
ROBERTSON APPRAISAL, LLC	robertsonappraisals.com
ROBERTSON APPRAISAL, LLC	robertsonappraisal.com
ROCKWOOD APPRAISAL SERVICE	rockwoodappraisalervice.com
ROCKWOOD APPRAISAL SERVICE	rockwoodappraisalservice.com
ROCKWOOD APPRAISAL SERVICE	rockwoodappraisal.com
MCLEAN ASSOCIATES	mcleanassociates.com
MCLEAN ASSOCIATES	mclean.com
Valucentric LLC	valucentric.com
S & S APPRAISAL ASSOCIATES INC	sandsappraisal.com
S & S APPRAISAL ASSOCIATES INC	sandsappraisalsassociates.com
S & S APPRAISAL ASSOCIATES INC	sandsappraisalassociates.com
S & S APPRAISAL ASSOCIATES	sandsappraisal.com
S & S APPRAISAL ASSOCIATES	sandsappraisalsassociates.com
S & S APPRAISAL ASSOCIATES	sandsappraisalassociates.com
APPRAISALS BY STEPHEN M. SCANLAN	appraisalbystephenmscanlan.com
APPRAISALS BY STEPHEN M. SCANLAN	appraisalsbystephenmscanlan.com
RANJEWEL APPRAISALS	ranjewelappraisals.com
RANJEWEL APPRAISALS	ranjewelappraisal.com
OCEAN APPRAISALS	oceanappraisal.com
OCEAN APPRAISALS	oceanappraisals.com
BARRY SHEA AND ASSOCIATES	barrysheaandassociates.com
BARRY SHEA AND ASSOCIATES	barrysheaand.com
SHEEHAN APPRAISAL ASSOCIATES	sheehanappraisal.com
SHEEHAN APPRAISAL ASSOCIATES	sheehanappraisalsassociates.com
SHEEHAN APPRAISAL ASSOCIATES	sheehanappraisalassociates.com
DIVERSIFIED APPRAISAL SERVICES	diversifiedappraisalservices.com
DIVERSIFIED APPRAISAL SERVICES	diversifiedappraisal.com
DIVERSIFIED APPRAISAL SERVICES	diversifiedappraisalervices.com
COMMONWEALTH REALTY ADVISORS	commonwealthrealtyadvisors.com
GRASSO APPRAISAL SERVICES, INC	grassoappraisal.com
GRASSO APPRAISAL SERVICES, INC	grassoappraisalservices.com
GRASSO APPRAISAL SERVICES, INC	grassoappraisalervices.com
APPLE APPRAISAL ASSOCIATES	appleappraisal.com
APPLE APPRAISAL ASSOCIATES	appleappraisalsassociates.com
APPLE APPRAISAL ASSOCIATES	appleappraisalassociates.com
EDWARD F. SMITH	edwardfsmith.com
SPANOS APPRAISAL SERVICES LLC	spanosappraisalervices.com
SPANOS APPRAISAL SERVICES LLC	spanosappraisalservices.com
SPANOS APPRAISAL SERVICES LLC	spanosappraisal.com
STRAIGHT LINE APPRAISAL, INC.	straightlineappraisals.com
STRAIGHT LINE APPRAISAL, INC.	straightlineappraisal.com
CAFCO REAL ESTATE APPRAISALS	cafcorealestateappraisal.com
CAFCO REAL ESTATE APPRAISALS	cafcorealestateappraisals.com
BAY STATE APPRAISALS  INC.	baystateappraisals.com
BAY STATE APPRAISALS  INC.	baystateappraisal.com
TERRA APPRAISAL SERVICES LLC	terraappraisalservices.com
TERRA APPRAISAL SERVICES LLC	terraappraisalervices.com
TERRA APPRAISAL SERVICES LLC	terraappraisal.com
VADALA REAL ESTATE APPRAISALS, INC.	vadalarealestateappraisal.com
VADALA REAL ESTATE APPRAISALS, INC.	vadalarealestateappraisals.com
TORREY APPRAISALS INC	torreyappraisals.com
TORREY APPRAISALS INC	torreyappraisal.com
VIKTOR APPRAISALS	viktorappraisals.com
VIKTOR APPRAISALS	viktorappraisal.com
VISCO APPRAISAL SERVICES	viscoappraisal.com
VISCO APPRAISAL SERVICES	viscoappraisalservices.com
VISCO APPRAISAL SERVICES	viscoappraisalervices.com
VITULLI APPRAISALS	vitulliappraisals.com
VITULLI APPRAISALS	vitulliappraisal.com
WHITCHER APPRAISAL SERVICE	whitcherappraisalservice.com
WHITCHER APPRAISAL SERVICE	whitcherappraisalervice.com
WHITCHER APPRAISAL SERVICE	whitcherappraisal.com
IMAGE APPRAISALS	imageappraisals.com
IMAGE APPRAISALS	imageappraisal.com
ACCUPRAISE RE APPRAISAL GROUP	accupraisereappraisal.com
ACCUPRAISE RE APPRAISAL GROUP	accupraisereappraisalsgroup.com
ACCUPRAISE RE APPRAISAL GROUP	accupraisereappraisalgroup.com
Shurtleff Appraisal Associates, Inc.	shurtleffappraisalsassociates.com
Shurtleff Appraisal Associates, Inc.	shurtleffappraisalassociates.com
Shurtleff Appraisal Associates, Inc.	shurtleffappraisal.com
RECORD APPRAISAL SERVICE	recordappraisal.com
RECORD APPRAISAL SERVICE	recordappraisalervice.com
RECORD APPRAISAL SERVICE	recordappraisalservice.com
GRANITE NORTHLAND ASSOCIATES	granitenorthlandassociates.com
GRANITE NORTHLAND ASSOCIATES	granitenorthland.com
DANIEL ZAWACKI JR - APPRAISER	danielzawackijrappraiser.com
HARBOR APPRAISAL GROUP LLC	harborappraisalgroup.com
HARBOR APPRAISAL GROUP LLC	harborappraisal.com
HARBOR APPRAISAL GROUP LLC	harborappraisalsgroup.com
STEPHANIE ADAMS, INC.	stephanieadams.com
ADAMSON APPRAISAL COMPANY INC	adamsonappraisals.com
ADAMSON APPRAISAL COMPANY INC	adamsonappraisal.com
Amon Appraisals, LLC	amonappraisals.com
Amon Appraisals, LLC	amonappraisal.com
Appraisals Incorporated	appraisal.com
Appraisals Incorporated	appraisals.com
LYLE J. CAMPBELL, II	lylejcampbellii.com
Twin Dawn's Appraisal Services, LLC	twindawnsappraisalservices.com
Twin Dawn's Appraisal Services, LLC	twindawnsappraisal.com
Twin Dawn's Appraisal Services, LLC	twindawnsappraisalervices.com
Charles Eckert Appraisals Services, LLC	charleseckertappraisalservices.com
Charles Eckert Appraisals Services, LLC	charleseckertappraisals.com
Charles Eckert Appraisals Services, LLC	charleseckertappraisalsservices.com
ALGA APPRAISAL GROUP	algaappraisalgroup.com
ALGA APPRAISAL GROUP	algaappraisal.com
ALGA APPRAISAL GROUP	algaappraisalsgroup.com
DON HALL & ASSOCIATES	donhalland.com
DON HALL & ASSOCIATES	donhallandassociates.com
JILL F. HENDERSON, APPR.	jillfhendersonappr.com
Premier Appraisals	premierappraisals.com
Premier Appraisals	premierappraisal.com
SANTA FE APPRAISAL GROUP	santafeappraisal.com
SANTA FE APPRAISAL GROUP	santafeappraisalsgroup.com
SANTA FE APPRAISAL GROUP	santafeappraisalgroup.com
Afinity Group, LLC	afinitygroup.com
Afinity Group, LLC	afinity.com
MARTINEZ & ASSOCIATES	martinezandassociates.com
MARTINEZ & ASSOCIATES	martinezand.com
Aspen Appraisal Company	aspenappraisals.com
Aspen Appraisal Company	aspenappraisal.com
MAILI M. MYERS	mailimmyers.com
ERNIE NAEGELE & ASSOC., INC.	ernienaegeleandassoc.com
ORTIZ APPRAISAL GROUP, LLC	ortizappraisalsgroup.com
ORTIZ APPRAISAL GROUP, LLC	ortizappraisalgroup.com
ORTIZ APPRAISAL GROUP, LLC	ortizappraisal.com
WARREN PAYNE & ASSOCIATES	warrenpayneand.com
WARREN PAYNE & ASSOCIATES	warrenpayneandassociates.com
RIO REAL ESTATE SERVICES	riorealestate.com
RIO REAL ESTATE SERVICES	riorealestateservices.com
Sander Rue Appraisal Services	sanderrueappraisalervices.com
Sander Rue Appraisal Services	sanderrueappraisal.com
Sander Rue Appraisal Services	sanderrueappraisalservices.com
SMITH APPRAISAL SERVICE	smithappraisalervice.com
SMITH APPRAISAL SERVICE	smithappraisalservice.com
SMITH APPRAISAL SERVICE	smithappraisal.com
JAMES A. SWANN, APPRAISER	jamesaswannappraiser.com
DIANE TANNY APPRAISER	dianetannyappraiser.com
TRUSTY & COMPANY, P.A.	trustyandpa.com
Kenneally Appraisal Service	kenneallyappraisal.com
Kenneally Appraisal Service	kenneallyappraisalservice.com
Kenneally Appraisal Service	kenneallyappraisalervice.com
SMITH APPRAISAL SERVICES	smithappraisalervices.com
SMITH APPRAISAL SERVICES	smithappraisalservices.com
SMITH APPRAISAL SERVICES	smithappraisal.com
VALLEY APPRAISAL SERVICES INC	valleyappraisalervices.com
VALLEY APPRAISAL SERVICES INC	valleyappraisalservices.com
VALLEY APPRAISAL SERVICES INC	valleyappraisal.com
DIAMOND APPRAISALS LLC	diamondappraisal.com
DIAMOND APPRAISALS LLC	diamondappraisals.com
JENNIFER DILLAN-ALBERT	jenniferdillanalbert.com
APPRAISEVEGAS LLC	appraisevegas.com
APPRAISAL4VEGAS, LLC	appraisals4vegas.com
APPRAISAL4VEGAS, LLC	appraisal4vegas.com
ALLEN INVESTMENTS, INC	alleninvestments.com
APPRAISAL AID	appraisalsaid.com
APPRAISAL AID	appraisalaid.com
THE ALLWEIN GROUP, LLC	theallweingroup.com
THE ALLWEIN GROUP, LLC	theallwein.com
VALUE ABLE LLC	valueable.com
NORTHSIDE REAL ESTATE SERVICES	northsiderealestateservices.com
NORTHSIDE REAL ESTATE SERVICES	northsiderealestate.com
THE APPRAISAL HOUSE, LLC	theappraisalhouse.com
THE APPRAISAL HOUSE, LLC	theappraisalshouse.com
FASTAPP INC	fastapp.com
CHAPARRAL APPRAISALS	chaparralappraisals.com
CHAPARRAL APPRAISALS	chaparralappraisal.com
CLARK COUNTY APPRAISALS LLC	clarkcountyappraisal.com
CLARK COUNTY APPRAISALS LLC	clarkcountyappraisals.com
ADVANCED AGENCY APPRAISAL INC	advancedagencyappraisals.com
ADVANCED AGENCY APPRAISAL INC	advancedagencyappraisal.com
GALEN W ATCHISON	galenwatchison.com
AUSTIN APPRAISALS	austinappraisal.com
AUSTIN APPRAISALS	austinappraisals.com
ALLIED APPRAISERS LLC	alliedappraisers.com
TNT APPRAISAL GROUP, LLC	tntappraisalsgroup.com
TNT APPRAISAL GROUP, LLC	tntappraisal.com
TNT APPRAISAL GROUP, LLC	tntappraisalgroup.com
JAMES BAILEY & ASSOCIATES	jamesbaileyandassociates.com
JAMES BAILEY & ASSOCIATES	jamesbaileyand.com
ADVANCED APPRAISAL SERVICES	advancedappraisalservices.com
ADVANCED APPRAISAL SERVICES	advancedappraisal.com
ADVANCED APPRAISAL SERVICES	advancedappraisalervices.com
BENCHMARK APPRAISAL SERVICES I	benchmarkappraisalservicesi.com
BENCHMARK APPRAISAL SERVICES I	benchmarkappraisalervicesi.com
AMC DIRECT CORPORATION	amcdirect.com
BARTLEY APPRAISAL SERVICES LLC	bartleyappraisalervices.com
BARTLEY APPRAISAL SERVICES LLC	bartleyappraisalservices.com
BARTLEY APPRAISAL SERVICES LLC	bartleyappraisal.com
AMY N BASNER	amynbasner.com
BASTIN APPRAISAL SERVICES	bastinappraisal.com
BASTIN APPRAISAL SERVICES	bastinappraisalervices.com
BASTIN APPRAISAL SERVICES	bastinappraisalservices.com
IAN BAYNE	ianbayne.com
FIRST AMERICAN STAFF APPRAISAL	firstamericanstaffappraisal.com
FIRST AMERICAN STAFF APPRAISAL	firstamericanstaffappraisals.com
SAGEBRUSH APPRAISAL	sagebrushappraisal.com
SAGEBRUSH APPRAISAL	sagebrushappraisals.com
BETTENCOURT APPRAISAL	bettencourtappraisals.com
BETTENCOURT APPRAISAL	bettencourtappraisal.com
ACCURITY CONSOLIDATED LLC	accurityconsolidated.com
LANCE BINGHAM	lancebingham.com
BLAIR APPRAISALS	blairappraisals.com
BLAIR APPRAISALS	blairappraisal.com
INTEGRITY APPRAISERS	integrityappraisers.com
CARLAUR VALUATIONS LLC	carlaurvaluations.com
BRENDA BOREN APPRAISALS INC	brendaborenappraisal.com
BRENDA BOREN APPRAISALS INC	brendaborenappraisals.com
BOWERS APPRAISAL SERVICES LLC	bowersappraisal.com
BOWERS APPRAISAL SERVICES LLC	bowersappraisalservices.com
BOWERS APPRAISAL SERVICES LLC	bowersappraisalervices.com
DANIEL R. BRAUNING, INC	danielrbrauning.com
ALLAN E BREDICE	allanebredice.com
J BRESEE INC	jbresee.com
BROWN & GROUP APPRAISAL SERVIC	brownandgroupappraisalservic.com
BROWN & GROUP APPRAISAL SERVIC	brownandgroupappraisalervic.com
MAATA BROWN APPRAISAL	maatabrownappraisal.com
MAATA BROWN APPRAISAL	maatabrownappraisals.com
PACIFIC APPRAISAL,LLC	pacificappraisalllc.com
PACIFIC APPRAISAL,LLC	pacificappraisalsllc.com
HIGH SIERRA APPRAISAL	highsierraappraisals.com
HIGH SIERRA APPRAISAL	highsierraappraisal.com
BURKE'S APPRAISALS	burkesappraisal.com
BURKE'S APPRAISALS	burkesappraisals.com
TRACEY BURKE	traceyburke.com
LAS VEGAS HOME APPRAISERS LLC	lasvegashomeappraisers.com
DANIEL BYRNE	danielbyrne.com
JEANNE M CALIGIURI	jeannemcaligiuri.com
CATHERINE COWAN CAMP INC	catherinecowancamp.com
CARLSON APPRAISAL SERVICE	carlsonappraisalservice.com
CARLSON APPRAISAL SERVICE	carlsonappraisalervice.com
CARLSON APPRAISAL SERVICE	carlsonappraisal.com
CARNES APPRAISALS LLC	carnesappraisals.com
CARNES APPRAISALS LLC	carnesappraisal.com
HI TECH REALTY APPRAISALS INC	hitechrealtyappraisal.com
HI TECH REALTY APPRAISALS INC	hitechrealtyappraisals.com
CHANEY APPRAISAL SERVICES	chaneyappraisalservices.com
CHANEY APPRAISAL SERVICES	chaneyappraisalervices.com
CHANEY APPRAISAL SERVICES	chaneyappraisal.com
ZACHERY CHAPMAN	zacherychapman.com
JEFFREY GEE APPRAISAL SERVICE	jeffreygeeappraisalservice.com
JEFFREY GEE APPRAISAL SERVICE	jeffreygeeappraisal.com
JEFFREY GEE APPRAISAL SERVICE	jeffreygeeappraisalervice.com
VALU8VEGAS INC	valu8vegas.com
XPERTVALUATION, LLC	xpertvaluation.com
CHARLES CHRISTIANSEN	charleschristiansen.com
DANIEL T CHRISTIANSEN	danieltchristiansen.com
BJC APPRAISAL SERVICE	bjcappraisal.com
BJC APPRAISAL SERVICE	bjcappraisalervice.com
BJC APPRAISAL SERVICE	bjcappraisalservice.com
MARVIN L. COLE APPRAISAL LLC	marvinlcoleappraisals.com
MARVIN L. COLE APPRAISAL LLC	marvinlcoleappraisal.com
RONALD COLEMAN	ronaldcoleman.com
COLLINS APPRAISAL	collinsappraisal.com
COLLINS APPRAISAL	collinsappraisals.com
TYRA COOKSEY	tyracooksey.com
R1 APPRAISAL GROUP LLC	r1appraisalgroup.com
R1 APPRAISAL GROUP LLC	r1appraisalsgroup.com
R1 APPRAISAL GROUP LLC	r1appraisal.com
KENNETH CORDOVA	kennethcordova.com
CORTHELL & ASSOCIATES LLC	corthellandassociates.com
CORTHELL & ASSOCIATES LLC	corthelland.com
ALPINE APPRAISAL COMPANY CORP	alpineappraisal.com
ALPINE APPRAISAL COMPANY CORP	alpineappraisals.com
MARK D COVINGTON	markdcovington.com
CRANDALL APPRAISAL SERVICES	crandallappraisal.com
CRANDALL APPRAISAL SERVICES	crandallappraisalservices.com
CRANDALL APPRAISAL SERVICES	crandallappraisalervices.com
WESTERN APPRAISAL SERVICES INC	westernappraisal.com
WESTERN APPRAISAL SERVICES INC	westernappraisalervices.com
WESTERN APPRAISAL SERVICES INC	westernappraisalservices.com
APPRAISAL GROUP OF NORTHERN NE	appraisalgroupofnorthernne.com
APPRAISAL GROUP OF NORTHERN NE	appraisalsgroupofnorthernne.com
CROSKERY APPRAISALS LLC	croskeryappraisal.com
CROSKERY APPRAISALS LLC	croskeryappraisals.com
FRIENDLY APPRAISAL SERVICES,	friendlyappraisal.com
FRIENDLY APPRAISAL SERVICES,	friendlyappraisalervices.com
FRIENDLY APPRAISAL SERVICES,	friendlyappraisalservices.com
STEVE CUDE APPRAISAL SERVICES	stevecudeappraisalervices.com
STEVE CUDE APPRAISAL SERVICES	stevecudeappraisalservices.com
STEVE CUDE APPRAISAL SERVICES	stevecudeappraisal.com
3 DAY EXPRESS APPRAISALS	3dayexpressappraisal.com
3 DAY EXPRESS APPRAISALS	3dayexpressappraisals.com
NORTHSTAR APPRAISING	northstarappraising.com
LAS VEGAS APPRAISAL SERVICE IN	lasvegasappraisalervicein.com
LAS VEGAS APPRAISAL SERVICE IN	lasvegasappraisalservicein.com
ACCURATE REAL ESTATE APPRAISAL	accuraterealestateappraisals.com
ACCURATE REAL ESTATE APPRAISAL	accuraterealestateappraisal.com
RD APPRAISAL LLC	rdappraisals.com
RD APPRAISAL LLC	rdappraisal.com
QUEST APPRAISAL SERVICES	questappraisalservices.com
QUEST APPRAISAL SERVICES	questappraisal.com
QUEST APPRAISAL SERVICES	questappraisalervices.com
MICHAEL DESUNO	michaeldesuno.com
PRO-TECK SERVICES LTD	proteck.com
PRO-TECK SERVICES LTD	proteckservices.com
JILL DIEDERICH	jilldiederich.com
DESERT DOG APPRAISAL LLC	desertdogappraisals.com
DESERT DOG APPRAISAL LLC	desertdogappraisal.com
JOHN T DINGEMAN	johntdingeman.com
DORY APPRAISAL	doryappraisals.com
DORY APPRAISAL	doryappraisal.com
DUVALL APPRAISAL SERVICES	duvallappraisalservices.com
DUVALL APPRAISAL SERVICES	duvallappraisal.com
DUVALL APPRAISAL SERVICES	duvallappraisalervices.com
CREST APPRAISAL MANAGEMENT CO	crestappraisalsmanagement.com
CREST APPRAISAL MANAGEMENT CO	crestappraisalmanagement.com
DEBORAH EPPELHEIMER	deboraheppelheimer.com
GRETCHEN L ETZOLD	gretchenletzold.com
JOHN EVANS	johnevans.com
LAS VEGAS APPRAISALS	lasvegasappraisals.com
LAS VEGAS APPRAISALS	lasvegasappraisal.com
TODD EWERT	toddewert.com
FAGELS APPRAISALS	fagelsappraisal.com
FAGELS APPRAISALS	fagelsappraisals.com
ACCELLERATED APPRAISAL SERVICE	accelleratedappraisal.com
ACCELLERATED APPRAISAL SERVICE	accelleratedappraisalervice.com
ACCELLERATED APPRAISAL SERVICE	accelleratedappraisalservice.com
APPRAISALS 2U LLC	appraisal2u.com
APPRAISALS 2U LLC	appraisals2u.com
SILVER STATE APPRAISERS	silverstateappraisers.com
TAHOE APPRAISAL SERVICES	tahoeappraisal.com
TAHOE APPRAISAL SERVICES	tahoeappraisalervices.com
TAHOE APPRAISAL SERVICES	tahoeappraisalservices.com
SERVICELINK	servicelink.com
RICHARD L FOSTER	richardlfoster.com
AMANDA J FOWLER	amandajfowler.com
FIRST CLASS APPRAISALS INC	firstclassappraisal.com
FIRST CLASS APPRAISALS INC	firstclassappraisals.com
THE APPRAISAL DEPARTMENT LLC	theappraisalsdepartment.com
THE APPRAISAL DEPARTMENT LLC	theappraisaldepartment.com
PAUL FROST	paulfrost.com
ANDY GAMBOA	andygamboa.com
LAS VEGAS ANALYTICS INC	lasvegasanalytics.com
GARDNER APPRAISALS	gardnerappraisal.com
GARDNER APPRAISALS	gardnerappraisals.com
APPRAISAL SOLUTIONS OF NEVADA	appraisalolutionsofnevada.com
APPRAISAL SOLUTIONS OF NEVADA	appraisalsolutionsofnevada.com
SIERRA SHADOWS APPRAISAL SERVI	sierrashadowsappraisalservi.com
SIERRA SHADOWS APPRAISAL SERVI	sierrashadowsappraisalervi.com
NEVADA APPRAISAL INC	nevadaappraisal.com
NEVADA APPRAISAL INC	nevadaappraisals.com
APPRAISAL SHORES	appraisalshores.com
APPRAISAL SHORES	appraisalhores.com
DRAKE APPRAISAL SERVICE	drakeappraisalservice.com
DRAKE APPRAISAL SERVICE	drakeappraisalervice.com
DRAKE APPRAISAL SERVICE	drakeappraisal.com
JESSE GILMORE INTERNATIONAL,	jessegilmoreinternational.com
DESERT APPRAISALS LLC	desertappraisal.com
DESERT APPRAISALS LLC	desertappraisals.com
PATRICIA L GORMAN	patricialgorman.com
ANTHONY J HABOUSH	anthonyjhaboush.com
JPMORGAN CHASE	jpmorganchase.com
MOUNTAINSEED, LLC	mountainseed.com
ABBY APPRAISALS	abbyappraisals.com
ABBY APPRAISALS	abbyappraisal.com
PEAK VALUE APPRAISALS	peakvalueappraisal.com
PEAK VALUE APPRAISALS	peakvalueappraisals.com
NEVADA REAL ESTATE VALUATIONS	nevadarealestatevaluations.com
A & A APPRAISALS	aandaappraisal.com
A & A APPRAISALS	aandaappraisals.com
PINNACLE APPRAISAL SERVICES	pinnacleappraisal.com
PINNACLE APPRAISAL SERVICES	pinnacleappraisalervices.com
PINNACLE APPRAISAL SERVICES	pinnacleappraisalservices.com
DARRIN C HENRY, INC	darrinchenry.com
DESERT VALLEY APPRAISALS SERVI	desertvalleyappraisalsservi.com
DESERT VALLEY APPRAISALS SERVI	desertvalleyappraisalservi.com
ALL IN APPRAISAL	allinappraisals.com
ALL IN APPRAISAL	allinappraisal.com
JAMES E HILL RESIDENTIAL APPRA	jamesehillresidentialappra.com
CAROLYN E HINKEY GARNETT, APP	carolynehinkeygarnettapp.com
JEDIDIAH HOEFER	jedidiahhoefer.com
MBH APPRAISAL SERVICES	mbhappraisalervices.com
MBH APPRAISAL SERVICES	mbhappraisal.com
MBH APPRAISAL SERVICES	mbhappraisalservices.com
SOUTHWEST APPRAISAL SERVICE IN	southwestappraisalservicein.com
SOUTHWEST APPRAISAL SERVICE IN	southwestappraisalervicein.com
HOLLIDAY INC	holliday.com
INFINITY HOME APPRAISAL LLC	infinityhomeappraisal.com
INFINITY HOME APPRAISAL LLC	infinityhomeappraisals.com
REAL ESTATE VALUATION SERVICES	realestatevaluation.com
REAL ESTATE VALUATION SERVICES	realestatevaluationservices.com
INDEPENDENT APPRAISERS	independentappraisers.com
LEGACY APPRAISAL GROUP, LLC	legacyappraisalgroup.com
LEGACY APPRAISAL GROUP, LLC	legacyappraisalsgroup.com
LEGACY APPRAISAL GROUP, LLC	legacyappraisal.com
J MARK HUNT, CERTIFIED RESIDE	jmarkhuntcertifiedreside.com
ALISON ISOM	alisonisom.com
P2E, LLC	p2e.com
DWAYNE B JECHART	dwaynebjechart.com
SOUTHERN NEVADA APPRAISAL	southernnevadaappraisals.com
SOUTHERN NEVADA APPRAISAL	southernnevadaappraisal.com
CITYWIDE APPRAISAL	citywideappraisals.com
CITYWIDE APPRAISAL	citywideappraisal.com
VALUATION ASSOCIATES	valuation.com
VALUATION ASSOCIATES	valuationassociates.com
JEFF JOHNSON	jeffjohnson.com
K JOHNSON APPRAISAL, INC	kjohnsonappraisals.com
K JOHNSON APPRAISAL, INC	kjohnsonappraisal.com
LA CINDA APPRAISALS	lacindaappraisals.com
LA CINDA APPRAISALS	lacindaappraisal.com
RJ APPRAISAL	rjappraisals.com
RJ APPRAISAL	rjappraisal.com
HANSEN BEAU JOHNSTON	hansenbeaujohnston.com
KIMBERLY A JOHNSTON	kimberlyajohnston.com
ALAN C JONES LLC	alancjones.com
K J RESIDENTIAL APPRAISAL	kjresidentialappraisals.com
K J RESIDENTIAL APPRAISAL	kjresidentialappraisal.com
LARRY D JONES	larrydjones.com
NEVADA RESIDENTIAL APPRAISAL	nevadaresidentialappraisal.com
NEVADA RESIDENTIAL APPRAISAL	nevadaresidentialappraisals.com
RED ROCK APPRAISALS	redrockappraisals.com
RED ROCK APPRAISALS	redrockappraisal.com
JOSLIN APPRAISAL SERVICES	joslinappraisalervices.com
JOSLIN APPRAISAL SERVICES	joslinappraisalservices.com
JOSLIN APPRAISAL SERVICES	joslinappraisal.com
TRUE FOOTAGE APPRAISAL	truefootageappraisals.com
TRUE FOOTAGE APPRAISAL	truefootageappraisal.com
ASAP APPRAISALS	asapappraisals.com
ASAP APPRAISALS	asapappraisal.com
MJK APPRAISAL SERVICES	mjkappraisalervices.com
MJK APPRAISAL SERVICES	mjkappraisal.com
MJK APPRAISAL SERVICES	mjkappraisalservices.com
KANE APPRAISALS	kaneappraisal.com
KANE APPRAISALS	kaneappraisals.com
APPRAISAL SERVICES UNLIMITED L	appraisalervicesunlimitedl.com
APPRAISAL SERVICES UNLIMITED L	appraisalservicesunlimitedl.com
OASIS APPRAISALS	oasisappraisals.com
OASIS APPRAISALS	oasisappraisal.com
KEANE REAL ESTATE INC	keanerealestate.com
SAGE CANYON APPRAISALS	sagecanyonappraisal.com
SAGE CANYON APPRAISALS	sagecanyonappraisals.com
MOUNTAIN VIEW APPRAISAL	mountainviewappraisal.com
MOUNTAIN VIEW APPRAISAL	mountainviewappraisals.com
DESERT ACREAGE APPRAISAL SERVI	desertacreageappraisalervi.com
DESERT ACREAGE APPRAISAL SERVI	desertacreageappraisalservi.com
STEVEN KERVICK	stevenkervick.com
JAMES KHOUBYAR	jameskhoubyar.com
AIDAN ARON APPRAISAL	aidanaronappraisal.com
AIDAN ARON APPRAISAL	aidanaronappraisals.com
EARLY BIRD APPRAISALS	earlybirdappraisals.com
EARLY BIRD APPRAISALS	earlybirdappraisal.com
MID CITY PROPERTY	midcityproperty.com
RENO TAHOE APPRAISAL GROUP, L	renotahoeappraisalsgroupl.com
RENO TAHOE APPRAISAL GROUP, L	renotahoeappraisalgroupl.com
THE APPRAISAL DOCTOR	theappraisaldoctor.com
THE APPRAISAL DOCTOR	theappraisalsdoctor.com
APPRAISERS FIRST INC	appraisersfirst.com
KORKEILA APPRAISAL SERVICES	korkeilaappraisal.com
KORKEILA APPRAISAL SERVICES	korkeilaappraisalervices.com
KORKEILA APPRAISAL SERVICES	korkeilaappraisalservices.com
COLETTE KRAEMER APPRAISAL SERV	colettekraemerappraisalserv.com
COLETTE KRAEMER APPRAISAL SERV	colettekraemerappraisalerv.com
KROLL APPRAISAL LLC	krollappraisals.com
KROLL APPRAISAL LLC	krollappraisal.com
LKAPPRAISE, LLC	lkappraise.com
TSENG WEN KUNG	tsengwenkung.com
ALEXIS M. LABRECQUE	alexismlabrecque.com
ADAM LACE APPRAISAL	adamlaceappraisals.com
ADAM LACE APPRAISAL	adamlaceappraisal.com
LACE APPRAISALS, LLC	laceappraisals.com
LACE APPRAISALS, LLC	laceappraisal.com
BENCHMARK APPRAISAL SERVICES,	benchmarkappraisal.com
BENCHMARK APPRAISAL SERVICES,	benchmarkappraisalservices.com
BENCHMARK APPRAISAL SERVICES,	benchmarkappraisalervices.com
WAIV VAULATION INC	waivvaulation.com
LAPADU APPRAISAL, INC	lapaduappraisals.com
LAPADU APPRAISAL, INC	lapaduappraisal.com
EVELYN LARSEN	evelynlarsen.com
JAY RANDELL LARSEN AND EVELYN	jayrandelllarsenandevelyn.com
FIRST CLASS APPRAISALS, INC.	firstclassappraisal.com
FIRST CLASS APPRAISALS, INC.	firstclassappraisals.com
DENISE M LEATHERS	denisemleathers.com
MICHAEL L LEAVITT	michaellleavitt.com
APPRAISAL TECH	appraisaltech.com
APPRAISAL TECH	appraisalstech.com
MOMS APPRAISAL COMPANY	momsappraisals.com
MOMS APPRAISAL COMPANY	momsappraisal.com
ML APPRAISALS	mlappraisal.com
ML APPRAISALS	mlappraisals.com
PREFERRED APPRAISAL SERVICE	preferredappraisalervice.com
PREFERRED APPRAISAL SERVICE	preferredappraisalservice.com
PREFERRED APPRAISAL SERVICE	preferredappraisal.com
KL APPRAISAL SERVICES, INC	klappraisalervices.com
KL APPRAISAL SERVICES, INC	klappraisalservices.com
KL APPRAISAL SERVICES, INC	klappraisal.com
DDL & SEJL ENTERPRISES INC.	ddlandsejlenterprises.com
MAGEE APPRAISAL SERVICES INC	mageeappraisalservices.com
MAGEE APPRAISAL SERVICES INC	mageeappraisal.com
MAGEE APPRAISAL SERVICES INC	mageeappraisalervices.com
C SAM MANESS APPRAISALS	csammanessappraisals.com
C SAM MANESS APPRAISALS	csammanessappraisal.com
SDL CORNERSTONE ENTERPRISES LL	sdlcornerstoneenterprisesll.com
ADVANTAGE APPRAISAL SERVICES L	advantageappraisalservicesl.com
ADVANTAGE APPRAISAL SERVICES L	advantageappraisalervicesl.com
FOUR CORNER APPRAISAL & REAL E	fourcornerappraisalsandreale.com
FOUR CORNER APPRAISAL & REAL E	fourcornerappraisalandreale.com
JAMES L MARTIN	jameslmartin.com
KIMBERLY A MATARAZZO	kimberlyamatarazzo.com
MATHEWS APPRAISAL COMPANY	mathewsappraisals.com
MATHEWS APPRAISAL COMPANY	mathewsappraisal.com
GDS INC	gds.com
FREMONT BANK	fremontbank.com
ADVANCED APPRAISAL SERVICES IN	advancedappraisalervicesin.com
ADVANCED APPRAISAL SERVICES IN	advancedappraisalservicesin.com
MCMAKEN APPRAISAL SERVICES	mcmakenappraisalervices.com
MCMAKEN APPRAISAL SERVICES	mcmakenappraisal.com
MCMAKEN APPRAISAL SERVICES	mcmakenappraisalservices.com
ALLISON M MCNEELY	allisonmmcneely.com
ASCENT APPRAISAL SERVICES	ascentappraisalservices.com
ASCENT APPRAISAL SERVICES	ascentappraisal.com
ASCENT APPRAISAL SERVICES	ascentappraisalervices.com
AARON K MEEKS AND ASSOCIATES	aaronkmeeksand.com
AARON K MEEKS AND ASSOCIATES	aaronkmeeksandassociates.com
MD APPRAISALS	mdappraisals.com
MD APPRAISALS	mdappraisal.com
ALPINE APPRAISERS	alpineappraisers.com
J.W. MICHAEL	jwmichael.com
NANCY W MILLIGAN APPRAISAL SER	nancywmilliganappraisaler.com
NANCY W MILLIGAN APPRAISAL SER	nancywmilliganappraisalser.com
MIRACLE APPRAISALS, LLC	miracleappraisal.com
MIRACLE APPRAISALS, LLC	miracleappraisals.com
L & M APPRAISAL SERVICES	landmappraisalervices.com
L & M APPRAISAL SERVICES	landmappraisalservices.com
L & M APPRAISAL SERVICES	landmappraisal.com
MS MITCHELL & ASSOCIATES, INC	msmitchellandassociates.com
MS MITCHELL & ASSOCIATES, INC	msmitchelland.com
STEVEN G MLYNARCZYK	stevengmlynarczyk.com
DESERT WEST APPRAISAL SERVICES	desertwestappraisal.com
DESERT WEST APPRAISAL SERVICES	desertwestappraisalservices.com
DESERT WEST APPRAISAL SERVICES	desertwestappraisalervices.com
ANGELA MONTOYA APPRAISAL	angelamontoyaappraisal.com
ANGELA MONTOYA APPRAISAL	angelamontoyaappraisals.com
D MONTOYA ENTERPRISES INC	dmontoyaenterprises.com
MARKET VALUATION SERVICES, LL	marketvaluationservicesll.com
ANGELINA'S APPRAISALS	angelinasappraisal.com
ANGELINA'S APPRAISALS	angelinasappraisals.com
IRIS APPRAISAL	irisappraisal.com
IRIS APPRAISAL	irisappraisals.com
IRIS APPRAISAL LLC	irisappraisal.com
IRIS APPRAISAL LLC	irisappraisals.com
AA ALLIANCE APPRAISAL SERVICE	aaallianceappraisalservice.com
AA ALLIANCE APPRAISAL SERVICE	aaallianceappraisalervice.com
AA ALLIANCE APPRAISAL SERVICE	aaallianceappraisal.com
BENCHMARK APPRAISAL SERVICES	benchmarkappraisal.com
BENCHMARK APPRAISAL SERVICES	benchmarkappraisalservices.com
BENCHMARK APPRAISAL SERVICES	benchmarkappraisalervices.com
CHRISTOPHER NELSON	christophernelson.com
DENISE ROBERTSON	deniserobertson.com
GREATER VALLEY APPRAISAL	greatervalleyappraisals.com
GREATER VALLEY APPRAISAL	greatervalleyappraisal.com
MOUNTAIN SEED APPRAISAL MANAGE	mountainseedappraisalmanage.com
MOUNTAIN SEED APPRAISAL MANAGE	mountainseedappraisalsmanage.com
ARC DOME LLC	arcdome.com
NIELSON APPRAISAL	nielsonappraisal.com
NIELSON APPRAISAL	nielsonappraisals.com
DART APPRAISAL	dartappraisal.com
DART APPRAISAL	dartappraisals.com
TAHOE APPRAISAL & CONSULTING	tahoeappraisalandconsulting.com
TAHOE APPRAISAL & CONSULTING	tahoeappraisalsandconsulting.com
AGINCOURT APPRAISAL SERVICE	agincourtappraisalservice.com
AGINCOURT APPRAISAL SERVICE	agincourtappraisalervice.com
AGINCOURT APPRAISAL SERVICE	agincourtappraisal.com
APPRAISAL PROFESSIONALS	appraisalprofessionals.com
APPRAISAL PROFESSIONALS	appraisalsprofessionals.com
MARK M ORGILL	markmorgill.com
ORTEGA APPRAISALS & ASSOCIATES	ortegaappraisalsandassociates.com
ORTEGA APPRAISALS & ASSOCIATES	ortegaappraisalandassociates.com
ORTEGA APPRAISALS & ASSOCIATES	ortegaappraisalsand.com
BOULDER DAM ANALYTICS	boulderdamanalytics.com
POLISHED APPRAISALS	polishedappraisal.com
POLISHED APPRAISALS	polishedappraisals.com
GEORGE PAOLUCCI	georgepaolucci.com
FIDELITY APPRAISAL	fidelityappraisal.com
FIDELITY APPRAISAL	fidelityappraisals.com
PARRISH APPRAISAL SERVICE	parrishappraisalservice.com
PARRISH APPRAISAL SERVICE	parrishappraisalervice.com
PARRISH APPRAISAL SERVICE	parrishappraisal.com
CLEAR VALUATION, INC	clearvaluation.com
APPIA APPRAISAL GROUP LLC	appiaappraisalsgroup.com
APPIA APPRAISAL GROUP LLC	appiaappraisal.com
APPIA APPRAISAL GROUP LLC	appiaappraisalgroup.com
RICHARD ALLEN PECK	richardallenpeck.com
R & R APPRAISALS	randrappraisal.com
R & R APPRAISALS	randrappraisals.com
LANDMARK APPRAISAL SERVICES,	landmarkappraisal.com
LANDMARK APPRAISAL SERVICES,	landmarkappraisalservices.com
LANDMARK APPRAISAL SERVICES,	landmarkappraisalervices.com
RSDS VALUATIONS LLC	rsdsvaluations.com
PT APPRAISAL	ptappraisal.com
PT APPRAISAL	ptappraisals.com
BRETT PIERCE	brettpierce.com
GAP APPRAISALS	gapappraisal.com
GAP APPRAISALS	gapappraisals.com
LP APPRAISALS LLC	lpappraisal.com
LP APPRAISALS LLC	lpappraisals.com
JOSEPH N POHLE	josephnpohle.com
SELECT APPRAISAL SERVICES	selectappraisal.com
SELECT APPRAISAL SERVICES	selectappraisalervices.com
SELECT APPRAISAL SERVICES	selectappraisalservices.com
RAM APPRAISAL	ramappraisals.com
RAM APPRAISAL	ramappraisal.com
JOSEPH M PRAVETTONE APPRAISAL	josephmpravettoneappraisals.com
JOSEPH M PRAVETTONE APPRAISAL	josephmpravettoneappraisal.com
HOWARD PRINGLE	howardpringle.com
MARK PROTIVA APPRAISALS	markprotivaappraisals.com
MARK PROTIVA APPRAISALS	markprotivaappraisal.com
HEARTLAND VALUATION SERVICES	heartlandvaluation.com
HEARTLAND VALUATION SERVICES	heartlandvaluationservices.com
RABIN APPRAISAL SERVICES	rabinappraisalervices.com
RABIN APPRAISAL SERVICES	rabinappraisal.com
RABIN APPRAISAL SERVICES	rabinappraisalservices.com
SCOTT H RABIN	scotthrabin.com
APPRAISELV	appraiselv.com
APPRAISELV LLC	appraiselv.com
RAPHEL AND ASSOCIATES INC	rapheland.com
RAPHEL AND ASSOCIATES INC	raphelandassociates.com
R1 APPRAISALS PLLC	r1appraisals.com
R1 APPRAISALS PLLC	r1appraisal.com
SIERRA VALUATION	sierravaluation.com
34 RED APPRAISAL, LLC	34redappraisals.com
34 RED APPRAISAL, LLC	34redappraisal.com
TODD REVELEY	toddreveley.com
BRITTANY RICE	brittanyrice.com
CORTHELL & ASSOCIATES	corthellandassociates.com
CORTHELL & ASSOCIATES	corthelland.com
RISHARD APPRAISAL	rishardappraisals.com
RISHARD APPRAISAL	rishardappraisal.com
AMADO R RIVERA JR	amadorriverajr.com
ASAP APPRAISAL	asapappraisals.com
ASAP APPRAISAL	asapappraisal.com
WENDY ROBERTS	wendyroberts.com
DESERT SKY APPRAISALS LLC	desertskyappraisal.com
DESERT SKY APPRAISALS LLC	desertskyappraisals.com
YOUR APPRAISAL GROUP	yourappraisalsgroup.com
YOUR APPRAISAL GROUP	yourappraisal.com
YOUR APPRAISAL GROUP	yourappraisalgroup.com
INFINITY APPRAISAL SERVICES	infinityappraisal.com
INFINITY APPRAISAL SERVICES	infinityappraisalservices.com
INFINITY APPRAISAL SERVICES	infinityappraisalervices.com
TIC APPRAISAL LLC	ticappraisals.com
TIC APPRAISAL LLC	ticappraisal.com
DEBORAH A RUTHERFORD	deboraharutherford.com
MONIKA B SAGE	monikabsage.com
NEW ERA APPRAISAL LLC	neweraappraisals.com
NEW ERA APPRAISAL LLC	neweraappraisal.com
DSF APPRAISAL AND MANAGEMENT S	dsfappraisalandmanagements.com
DSF APPRAISAL AND MANAGEMENT S	dsfappraisalsandmanagements.com
SAPOSNEK APPRAISAL SERVICES	saposnekappraisal.com
SAPOSNEK APPRAISAL SERVICES	saposnekappraisalervices.com
SAPOSNEK APPRAISAL SERVICES	saposnekappraisalservices.com
EVALUATE APPRAISAL SERVICES LL	evaluateappraisalservicesll.com
EVALUATE APPRAISAL SERVICES LL	evaluateappraisalervicesll.com
THE RESIDENTIAL EYE	theresidentialeye.com
QUICKSILVER APPRAISAL SERVICE	quicksilverappraisalervice.com
QUICKSILVER APPRAISAL SERVICE	quicksilverappraisalservice.com
QUICKSILVER APPRAISAL SERVICE	quicksilverappraisal.com
SILVER RUSH APPRAISAL	silverrushappraisals.com
SILVER RUSH APPRAISAL	silverrushappraisal.com
NICHOLE SCHEUERLEIN	nicholescheuerlein.com
VEGAS VALUATION	vegasvaluation.com
SIGNATURE APPRAISALS L.L.C.	signatureappraisal.com
SIGNATURE APPRAISALS L.L.C.	signatureappraisals.com
SECURE APPRAISALS	secureappraisals.com
SECURE APPRAISALS	secureappraisal.com
WOODS APPRAISAL, LLC	woodsappraisal.com
WOODS APPRAISAL, LLC	woodsappraisals.com
SCOTT PRICE APPRAISALS	scottpriceappraisal.com
SCOTT PRICE APPRAISALS	scottpriceappraisals.com
PURPLE MOUNTAIN HOME APPRAISAL	purplemountainhomeappraisal.com
PURPLE MOUNTAIN HOME APPRAISAL	purplemountainhomeappraisals.com
PEGGY E SCOTT	peggyescott.com
JET RESIDENTIAL APPRAISAL	jetresidentialappraisals.com
JET RESIDENTIAL APPRAISAL	jetresidentialappraisal.com
ACCELERATED APPRAISAL GROUP,	acceleratedappraisal.com
ACCELERATED APPRAISAL GROUP,	acceleratedappraisalgroup.com
ACCELERATED APPRAISAL GROUP,	acceleratedappraisalsgroup.com
TES APPRAISAL SERVICES, LLC	tesappraisalervices.com
TES APPRAISAL SERVICES, LLC	tesappraisalservices.com
TES APPRAISAL SERVICES, LLC	tesappraisal.com
MORLEY AND MCCONKIE APPRAISERS	morleyandmcconkieappraisers.com
AMC ENCORE LLC	amcencore.com
ANDREI SIMILIE	andreisimilie.com
GARY SKIBINSKI	garyskibinski.com
ALL VALLEY APPRAISAL LLC	allvalleyappraisals.com
ALL VALLEY APPRAISAL LLC	allvalleyappraisal.com
NATHAN SLAMAN	nathanslaman.com
GBM APPRAISALS	gbmappraisal.com
GBM APPRAISALS	gbmappraisals.com
NATALIE SMITH APPRAISAL	nataliesmithappraisal.com
NATALIE SMITH APPRAISAL	nataliesmithappraisals.com
PENNY SMITH APPRAISALS	pennysmithappraisal.com
PENNY SMITH APPRAISALS	pennysmithappraisals.com
ROGER SMITH APPRAISER	rogersmithappraiser.com
SOLIDIFI, INC	solidifi.com
TIMOTHY M SMITH	timothymsmith.com
WENDELL M SNOW	wendellmsnow.com
TRADEWINDS APPRAISALS	tradewindsappraisal.com
TRADEWINDS APPRAISALS	tradewindsappraisals.com
STEPHEN F SOMERS	stephenfsomers.com
NATIONWIDE PROPERTY & APPRAISA	nationwidepropertyandappraisa.com
ALBERT SORRENTINO	albertsorrentino.com
COD REAL ESTATE APPRAISAL & CO	codrealestateappraisalsand.com
COD REAL ESTATE APPRAISAL & CO	codrealestateappraisaland.com
SHELBY SPRAGNO	shelbyspragno.com
ASSETVAL APPRAISAL, LLC	assetvalappraisal.com
ASSETVAL APPRAISAL, LLC	assetvalappraisals.com
RELS VALUATION	relsvaluation.com
ACCURITY MORLEY & MCCONKIE, L	accuritymorleyandmcconkiel.com
MCBRIDE-STAVIS APPRAISERS	mcbridestavisappraisers.com
HIGH DESERT APPRAISAL SERVICE	highdesertappraisal.com
HIGH DESERT APPRAISAL SERVICE	highdesertappraisalervice.com
HIGH DESERT APPRAISAL SERVICE	highdesertappraisalservice.com
TABITHA STEPHENS	tabithastephens.com
LIBRA APPRAISALS, LLC	libraappraisal.com
LIBRA APPRAISALS, LLC	libraappraisals.com
PRIMETIME APPRAISALS	primetimeappraisals.com
PRIMETIME APPRAISALS	primetimeappraisal.com
GREENLIGHT VALUATION SERVICES	greenlightvaluationservices.com
GREENLIGHT VALUATION SERVICES	greenlightvaluation.com
STUHMER APPRAISALS	stuhmerappraisal.com
STUHMER APPRAISALS	stuhmerappraisals.com
SOUTH POINT APPRAISAL LLC	southpointappraisals.com
SOUTH POINT APPRAISAL LLC	southpointappraisal.com
ANDREA SUMMA	andreasumma.com
AVALON APPRAISAL INC	avalonappraisals.com
AVALON APPRAISAL INC	avalonappraisal.com
AAA APPRAISAL INC	aaaappraisal.com
AAA APPRAISAL INC	aaaappraisals.com
KELLY TEKELIDIS RESIDENTIAL AP	kellytekelidisresidentialap.com
PHENOMENAL APPRAISALS LLC	phenomenalappraisals.com
PHENOMENAL APPRAISALS LLC	phenomenalappraisal.com
FIVE FOOT APPRAISALS	fivefootappraisals.com
FIVE FOOT APPRAISALS	fivefootappraisal.com
BIG RED APPRAISALS	bigredappraisals.com
BIG RED APPRAISALS	bigredappraisal.com
AAA TAHOE/DOUGLAS APPRAISALS	aaatahoedouglasappraisal.com
AAA TAHOE/DOUGLAS APPRAISALS	aaatahoedouglasappraisals.com
MICHAEL A. TOOKER	michaelatooker.com
ABIGAIL TROMBA	abigailtromba.com
BARBARA TWAROWSKA LLC	barbaratwarowska.com
ACCURATE APPRAISAL	accurateappraisal.com
ACCURATE APPRAISAL	accurateappraisals.com
ANTHONY UNGARO	anthonyungaro.com
FRED VANDOVER	fredvandover.com
JOSEPH C VECCHIO JR	josephcvecchiojr.com
DIANE K VERDUGO	dianekverdugo.com
CHESTER VIRATA	chestervirata.com
RICK D VIRTUE & ASSOCIATES	rickdvirtueand.com
RICK D VIRTUE & ASSOCIATES	rickdvirtueandassociates.com
JESSICA VITTEK	jessicavittek.com
APPRAISAL RESEARCH AND DEVELOP	appraisalsresearchanddevelop.com
APPRAISAL RESEARCH AND DEVELOP	appraisalresearchanddevelop.com
WADE VALUATION SERVICES	wadevaluationservices.com
WADE VALUATION SERVICES	wadevaluation.com
WALKER APPRAISAL GROUP	walkerappraisalsgroup.com
WALKER APPRAISAL GROUP	walkerappraisal.com
WALKER APPRAISAL GROUP	walkerappraisalgroup.com
WALKER APPRAISAL SERVICE	walkerappraisal.com
WALKER APPRAISAL SERVICE	walkerappraisalservice.com
WALKER APPRAISAL SERVICE	walkerappraisalervice.com
CONNIE WARD APPRAISAL SERVICES	conniewardappraisal.com
CONNIE WARD APPRAISAL SERVICES	conniewardappraisalservices.com
CONNIE WARD APPRAISAL SERVICES	conniewardappraisalervices.com
THE APPRAISAL GIRLS INC	theappraisalgirls.com
THE APPRAISAL GIRLS INC	theappraisalsgirls.com
NORTHERN NEVADA APPRAISAL SERV	northernnevadaappraisalserv.com
NORTHERN NEVADA APPRAISAL SERV	northernnevadaappraisalerv.com
TW APPRAISALS LIMITED	twappraisalslimited.com
TW APPRAISALS LIMITED	twappraisallimited.com
CONNOR WEST	connorwest.com
WESTMAS HOME APPRAISAL LLC	westmashomeappraisals.com
WESTMAS HOME APPRAISAL LLC	westmashomeappraisal.com
TSW APPRAISALS LLC	tswappraisals.com
TSW APPRAISALS LLC	tswappraisal.com
LAURA A. WHEATLEY	lauraawheatley.com
TERRY WHITE VUKELIC	terrywhitevukelic.com
JENSEN APPRAISAL	jensenappraisals.com
JENSEN APPRAISAL	jensenappraisal.com
CBRE	cbre.com
R1 APPRAISALS	r1appraisals.com
R1 APPRAISALS	r1appraisal.com
MARSHA WILLIAMS LLC	marshawilliams.com
ACCURATE APPRAISAL INC	accurateappraisal.com
ACCURATE APPRAISAL INC	accurateappraisals.com
VANDALAY INDUSTRIES, INC	vandalayindustries.com
MOSCHETTI APPRAISAL,LLC	moschettiappraisalllc.com
MOSCHETTI APPRAISAL,LLC	moschettiappraisalsllc.com
YESKE APPRAISAL SERVICE	yeskeappraisal.com
YESKE APPRAISAL SERVICE	yeskeappraisalservice.com
YESKE APPRAISAL SERVICE	yeskeappraisalervice.com
MARTHA MILLER YORK APPRAISAL S	marthamilleryorkappraisals.com
MARTHA MILLER YORK APPRAISAL S	marthamilleryorkappraisal.com
YOUNG APPRAISALS	youngappraisals.com
YOUNG APPRAISALS	youngappraisal.com
SOUTH RENO REAL ESTATE SERVICE	southrenorealestate.com
SOUTH RENO REAL ESTATE SERVICE	southrenorealestateservice.com
ALAN ZIELINSKI	alanzielinski.com
PHILIP J AARONS	philipjaarons.com
ABATELLI REAL ESTATE APPRAISALS	abatellirealestateappraisal.com
ABATELLI REAL ESTATE APPRAISALS	abatellirealestateappraisals.com
ABBEY APPRAISAL & CONSULTING	abbeyappraisalsandconsulting.com
ABBEY APPRAISAL & CONSULTING	abbeyappraisalandconsulting.com
ELITE HOME APPRAISALS INC	elitehomeappraisal.com
ELITE HOME APPRAISALS INC	elitehomeappraisals.com
ABERCROMBI JOHN	abercrombijohn.com
ACCASCINA VERONIQUE M	accascinaveroniquem.com
ACHEN APPRAISELS	achenappraisels.com
ACOSTA ANTHONY	acostaanthony.com
DEMITRIO ACOT	demitrioacot.com
MARY B ACQUINO	marybacquino.com
ADAMEC APPRAISALS	adamecappraisal.com
ADAMEC APPRAISALS	adamecappraisals.com
RUSSELL ADAMS ENDEAVORS LLC	russelladamsendeavors.com
M & A REALTY CONSULTANTS INC	mandarealtyconsultants.com
ADLER ASSOCIATES REAL ESTATE APPRAISAL SERVICES	adlerassociatesrealestateappraisalervices.com
ADLER ASSOCIATES REAL ESTATE APPRAISAL SERVICES	adlerassociatesrealestateappraisal.com
EUA APPRAISAL SERVICE	euaappraisalervice.com
EUA APPRAISAL SERVICE	euaappraisalservice.com
EUA APPRAISAL SERVICE	euaappraisal.com
LAPIS HOUSE	lapishouse.com
DONALD AJODHIA REAL ESTATE APPRAISERS INC	donaldajodhiarealestateappraisers.com
AKILOV VLADIMIR M	akilovvladimirm.com
HAMPTON REAL ESTATE AND APPRAISAL INC	hamptonrealestateandappraisals.com
HAMPTON REAL ESTATE AND APPRAISAL INC	hamptonrealestateandappraisal.com
METROPOLITAN APPRAISAL CO INC	metropolitanappraisal.com
METROPOLITAN APPRAISAL CO INC	metropolitanappraisals.com
RICHMOND APPRAISAL SERVICES	richmondappraisal.com
RICHMOND APPRAISAL SERVICES	richmondappraisalservices.com
RICHMOND APPRAISAL SERVICES	richmondappraisalervices.com
ALIANO REAL ESTATE	alianorealestate.com
ALIPERTI MICHAEL A	alipertimichaela.com
WAFA ALKRENAWI	wafaalkrenawi.com
ALLEN APPRAISEL SERVICE	allenappraisel.com
ALLEN APPRAISEL SERVICE	allenappraiselservice.com
J MICHAEL ALLEN	jmichaelallen.com
ALLER APRIL R	alleraprilr.com
ALLEY SUSAN E	alleysusane.com
VANDERBILT APPRAISAL COMPANY LLC	vanderbiltappraisals.com
VANDERBILT APPRAISAL COMPANY LLC	vanderbiltappraisal.com
AMROMIN SERGEI	amrominsergei.com
AMROMIN YURI	amrominyuri.com
AA NYC APPRAISALS INC	aanycappraisals.com
AA NYC APPRAISALS INC	aanycappraisal.com
ANGUS APPRAISALS	angusappraisal.com
ANGUS APPRAISALS	angusappraisals.com
ABSOLUTE APPRAISALS OF NY	absoluteappraisalsofny.com
ABSOLUTE APPRAISALS OF NY	absoluteappraisalofny.com
FIVE STAR APPRAISAL	fivestarappraisal.com
FIVE STAR APPRAISAL	fivestarappraisals.com
ANTHONY THOMAS J	anthonythomasj.com
ANTONELLI DOMENICO A	antonellidomenicoa.com
ANZINI ANGELA	anziniangela.com
ANZINI FRANK  III	anzinifrankiii.com
ISLAND WIDE APPRAISAL SERVICE INC	islandwideappraisalervice.com
ISLAND WIDE APPRAISAL SERVICE INC	islandwideappraisalservice.com
ISLAND WIDE APPRAISAL SERVICE INC	islandwideappraisal.com
TRUST APPRAISALS_INC	trustappraisalinc.com
TRUST APPRAISALS_INC	trustappraisalsinc.com
CARMELA C ARMENTI	carmelacarmenti.com
CENTURY 21 PRINCETON PROPERTIES	century21princetonproperties.com
NANCY J ARMSTRONG	nancyjarmstrong.com
GERALD ARNAUD REALTY CONSULTING CORP	geraldarnaudrealtyconsulting.com
T ARRA APPRAISAL COMPANY	tarraappraisal.com
T ARRA APPRAISAL COMPANY	tarraappraisals.com
ARTEMIOU ANDREAS	artemiouandreas.com
ASTAFAN APPRAISAL SERVICE	astafanappraisalervice.com
ASTAFAN APPRAISAL SERVICE	astafanappraisalservice.com
ASTAFAN APPRAISAL SERVICE	astafanappraisal.com
AUGUSTE ANTHONY D	augusteanthonyd.com
CORNERSTONE APPRAISAL SERVICE	cornerstoneappraisalservice.com
CORNERSTONE APPRAISAL SERVICE	cornerstoneappraisal.com
CORNERSTONE APPRAISAL SERVICE	cornerstoneappraisalervice.com
NASSAU APPRAISAL SERVICES INC	nassauappraisalervices.com
NASSAU APPRAISAL SERVICES INC	nassauappraisalservices.com
NASSAU APPRAISAL SERVICES INC	nassauappraisal.com
STUART BAASKE APPRAISALS	stuartbaaskeappraisals.com
STUART BAASKE APPRAISALS	stuartbaaskeappraisal.com
VB APPRAISAL SERVICES	vbappraisalservices.com
VB APPRAISAL SERVICES	vbappraisalervices.com
VB APPRAISAL SERVICES	vbappraisal.com
BADALI MARGUERITE K	badalimargueritek.com
BADOLATO CHRISTOPHER	badolatochristopher.com
HOUSE & HOME APPRAISALS LLC	houseandhomeappraisal.com
HOUSE & HOME APPRAISALS LLC	houseandhomeappraisals.com
BAKER DANIEL P II	bakerdanielpii.com
BALDASSANO LEONARD	baldassanoleonard.com
JOHNSON REALTY & APPRAISAL COMPANY	johnsonrealtyandappraisal.com
JOHNSON REALTY & APPRAISAL COMPANY	johnsonrealtyandappraisals.com
BALDWIN APPRAISALS LLC	baldwinappraisals.com
BALDWIN APPRAISALS LLC	baldwinappraisal.com
BALFOUR SCOTT E	balfourscotte.com
BALK MICHAEL	balkmichael.com
BALKHIYEV MAREM	balkhiyevmarem.com
BALKHIYEV SIMON	balkhiyevsimon.com
MATTHEW J BALLOU	matthewjballou.com
BALZARINI ANDREA M	balzariniandream.com
BARACCA JEREMY D	baraccajeremyd.com
BARDAC GHEORGHE	bardacgheorghe.com
BARDEEN PATRICIA	bardeenpatricia.com
BARMASHIAH RAN	barmashiahran.com
BARNAS CHERYL	barnascheryl.com
PLATINUM APPRAISALS	platinumappraisals.com
PLATINUM APPRAISALS	platinumappraisal.com
BASILE ANTHONY	basileanthony.com
PRIMARY APPRAISALS LTD	primaryappraisal.com
PRIMARY APPRAISALS LTD	primaryappraisals.com
BASIR ADAM J	basiradamj.com
BASIR IBRAHIM I	basiribrahimi.com
REALINS APPRAISALS SERVICE	realinsappraisalsservice.com
REALINS APPRAISALS SERVICE	realinsappraisalservice.com
REALINS APPRAISALS SERVICE	realinsappraisals.com
SOMICH AND ASSOCIATES	somichandassociates.com
SOMICH AND ASSOCIATES	somichand.com
BINGHAMTON APPRAISALS LLC	binghamtonappraisal.com
BINGHAMTON APPRAISALS LLC	binghamtonappraisals.com
JTF REAL ESTATE APPRAISALS	jtfrealestateappraisal.com
JTF REAL ESTATE APPRAISALS	jtfrealestateappraisals.com
CA BECK APPRAISAL	cabeckappraisals.com
CA BECK APPRAISAL	cabeckappraisal.com
JAMES BECKER APPRAISALS	jamesbeckerappraisals.com
JAMES BECKER APPRAISALS	jamesbeckerappraisal.com
BECKER MARY	beckermary.com
BY THE NUMBERS APPRAISAL SERVICE	bythenumbersappraisal.com
BY THE NUMBERS APPRAISAL SERVICE	bythenumbersappraisalervice.com
BY THE NUMBERS APPRAISAL SERVICE	bythenumbersappraisalservice.com
BEDINOTTI ASSOCIATES	bedinottiassociates.com
BEDINOTTI ASSOCIATES	bedinotti.com
MULBERRY STREET ASSOCIATES	mulberrystreet.com
MULBERRY STREET ASSOCIATES	mulberrystreetassociates.com
BEIREICH PROPERTIES LTD	beireichproperties.com
BELFORD DEENA S	belforddeenas.com
RMV APPRAISALS	rmvappraisals.com
RMV APPRAISALS	rmvappraisal.com
BENEDICT HOMEPRO INC	benedicthomepro.com
BENNETT DAVON L	bennettdavonl.com
ADMOR APPRAISALS INC	admorappraisal.com
ADMOR APPRAISALS INC	admorappraisals.com
SBC APPRAISAL AND MANAGEMENT SERVICES	sbcappraisalsandmanagementservices.com
SBC APPRAISAL AND MANAGEMENT SERVICES	sbcappraisalandmanagement.com
SBC APPRAISAL AND MANAGEMENT SERVICES	sbcappraisalandmanagementservices.com
J&S APPRAISALS OF NY INC	jandsappraisalsofny.com
J&S APPRAISALS OF NY INC	jandsappraisalofny.com
M & R APPRAISALS OF NY INC.	mandrappraisalsofny.com
M & R APPRAISALS OF NY INC.	mandrappraisalofny.com
J & S APPRAISALS	jandsappraisals.com
J & S APPRAISALS	jandsappraisal.com
EMPIRE STATE APPRAISALS	empirestateappraisals.com
EMPIRE STATE APPRAISALS	empirestateappraisal.com
MARILYN T BERMAN	marilyntberman.com
HUDSON VALLEY APPRAISAL CORP	hudsonvalleyappraisals.com
HUDSON VALLEY APPRAISAL CORP	hudsonvalleyappraisal.com
BERRIOS RAQUEL	berriosraquel.com
BERRY COLIN P	berrycolinp.com
BERRY DANIEL A	berrydaniela.com
ANTHONY BERTI	anthonyberti.com
BERTOLINI APPRAISALS	bertoliniappraisal.com
BERTOLINI APPRAISALS	bertoliniappraisals.com
BERTONICA  APPRAISAL SERVICES	bertonicaappraisalservices.com
BERTONICA  APPRAISAL SERVICES	bertonicaappraisalervices.com
BERTONICA  APPRAISAL SERVICES	bertonicaappraisal.com
BESHARA MICHAEL A	besharamichaela.com
BIALOSTOK THERESA L	bialostoktheresal.com
NORTHEASTERN HOME VALUATION	northeasternhomevaluation.com
BISCARO APPRAISAL SERVICE	biscaroappraisalservice.com
BISCARO APPRAISAL SERVICE	biscaroappraisal.com
BISCARO APPRAISAL SERVICE	biscaroappraisalervice.com
BISH BENNIE G	bishbennieg.com
BISIGNANO ANTHONY J	bisignanoanthonyj.com
DANIEL BITZ	danielbitz.com
RJB APPRAISERS	rjbappraisers.com
URBAN APPRAISALS NEW YORK, LLC	urbanappraisalsnewyork.com
URBAN APPRAISALS NEW YORK, LLC	urbanappraisalnewyork.com
CJ BLAKE	cjblake.com
URBAN APPRAISALS NEW YORK LLC	urbanappraisalsnewyork.com
URBAN APPRAISALS NEW YORK LLC	urbanappraisalnewyork.com
BLOCK APPRAISALS	blockappraisals.com
BLOCK APPRAISALS	blockappraisal.com
BLOOM CYNTHIA J	bloomcynthiaj.com
RIVER VALLEY APPRAISALS, LLC	rivervalleyappraisal.com
RIVER VALLEY APPRAISALS, LLC	rivervalleyappraisals.com
ZIENTEK APPRAISALS	zientekappraisal.com
ZIENTEK APPRAISALS	zientekappraisals.com
APPRAISAL ONE & COMPANY LLC	appraisalsoneand.com
APPRAISAL ONE & COMPANY LLC	appraisaloneand.com
BOLES JOHN	bolesjohn.com
BOLLINGERS APPRAISAL SERVICES	bollingersappraisalervices.com
BOLLINGERS APPRAISAL SERVICES	bollingersappraisalservices.com
BOLLINGERS APPRAISAL SERVICES	bollingersappraisal.com
BONGIORNO SERVICES INC	bongiornoservices.com
BONGIORNO SERVICES INC	bongiorno.com
BONO KENNETH	bonokenneth.com
BONO REAL ESTATE SERVICES	bonorealestateservices.com
BONO REAL ESTATE SERVICES	bonorealestate.com
PRB APPRAISALS	prbappraisals.com
PRB APPRAISALS	prbappraisal.com
EXPRESS PROPERTIES INC	expressproperties.com
BORNICO RONALD	bornicoronald.com
SCHUYLER VALUATION SERVICES	schuylervaluationservices.com
SCHUYLER VALUATION SERVICES	schuylervaluation.com
BORTLIK MICHELE	bortlikmichele.com
BORUKHOV MICHAEL	borukhovmichael.com
BORUKHOV OLEG	borukhovoleg.com
HUMES REALTY & APPRAISAL SERVICES	humesrealtyandappraisal.com
HUMES REALTY & APPRAISAL SERVICES	humesrealtyandappraisalervices.com
HUMES REALTY & APPRAISAL SERVICES	humesrealtyandappraisalservices.com
HUMES REALTY & APPRAISAL SERVICE LLC	humesrealtyandappraisal.com
HUMES REALTY & APPRAISAL SERVICE LLC	humesrealtyandappraisalservice.com
HUMES REALTY & APPRAISAL SERVICE LLC	humesrealtyandappraisalervice.com
ACCURITY CONSOLIDATED, LLC	accurityconsolidated.com
PAUL J BOYER REALTY	pauljboyerrealty.com
BOZZELLI APPRAISAL	bozzelliappraisal.com
BOZZELLI APPRAISAL	bozzelliappraisals.com
BRADY DENNIS J	bradydennisj.com
NATIONAL REALTY ADVISORS GROUP INC	nationalrealtyadvisorsgroup.com
NATIONAL REALTY ADVISORS GROUP INC	nationalrealtyadvisors.com
BREDICE ALLAN E	brediceallane.com
BREIDENSTEIN JEFFREY W	breidensteinjeffreyw.com
BRENNAN BRAD	brennanbrad.com
WILLIAM PAUL APPRAISAL GROUP	williampaulappraisal.com
WILLIAM PAUL APPRAISAL GROUP	williampaulappraisalgroup.com
WILLIAM PAUL APPRAISAL GROUP	williampaulappraisalsgroup.com
BREUER SHRAGA	breuershraga.com
BREWSTER CYNTHIA S	brewstercynthias.com
BRINSKO RICHARD J	brinskorichardj.com
BROEGE STEPHEN J	broegestephenj.com
ALL PHASE REALTY AND APPRAISAL SERVICE	allphaserealtyandappraisalservice.com
ALL PHASE REALTY AND APPRAISAL SERVICE	allphaserealtyandappraisalervice.com
ALL PHASE REALTY AND APPRAISAL SERVICE	allphaserealtyandappraisal.com
BROWN DENNIS G	browndennisg.com
GEORGE J BRUCKER APPRAISAL SERVICES	georgejbruckerappraisalservices.com
GEORGE J BRUCKER APPRAISAL SERVICES	georgejbruckerappraisalervices.com
GEORGE J BRUCKER APPRAISAL SERVICES	georgejbruckerappraisal.com
JOSEPH BRUNELLE APPRAISALS	josephbrunelleappraisals.com
JOSEPH BRUNELLE APPRAISALS	josephbrunelleappraisal.com
A BRYANT APPRAISALS INC	abryantappraisals.com
A BRYANT APPRAISALS INC	abryantappraisal.com
BRYCE APPRAISAL SERVICE	bryceappraisalervice.com
BRYCE APPRAISAL SERVICE	bryceappraisalservice.com
BRYCE APPRAISAL SERVICE	bryceappraisal.com
BTESH STEVENS SHELLY	bteshstevensshelly.com
EPIC APPRAISALS INC	epicappraisal.com
EPIC APPRAISALS INC	epicappraisals.com
BUCKLEY SCOTT W	buckleyscottw.com
BUDD TRACEY R	buddtraceyr.com
BUMBOLO LEWIS E	bumbololewise.com
LRF APPRAISALS	lrfappraisal.com
LRF APPRAISALS	lrfappraisals.com
DRB APPRAISAL SERVICES LLC	drbappraisalervices.com
DRB APPRAISAL SERVICES LLC	drbappraisalservices.com
DRB APPRAISAL SERVICES LLC	drbappraisal.com
BURGER VALUATION GROUP	burgervaluation.com
BURGER VALUATION GROUP	burgervaluationgroup.com
BURKE REAL ESTATE APPRAISAL SERVICES CORP	burkerealestateappraisal.com
BURKE REAL ESTATE APPRAISAL SERVICES CORP	burkerealestateappraisalervices.com
BURKE REAL ESTATE APPRAISAL SERVICES CORP	burkerealestateappraisalservices.com
BURNS APPRAISAL GROUP	burnsappraisal.com
BURNS APPRAISAL GROUP	burnsappraisalsgroup.com
BURNS APPRAISAL GROUP	burnsappraisalgroup.com
GAR ASSOCIATES LLC	garassociates.com
GAR ASSOCIATES LLC	gar.com
BURREN SUSAN M	burrensusanm.com
FINGERLAKES APPRAISAL COMPANY INC	fingerlakesappraisals.com
FINGERLAKES APPRAISAL COMPANY INC	fingerlakesappraisal.com
BUTLER DEBRA E	butlerdebrae.com
ADVENT APPRAISALS, LLC	adventappraisal.com
ADVENT APPRAISALS, LLC	adventappraisals.com
BYRNE MEGAN	byrnemegan.com
BYRNE RUSSELL T	byrnerussellt.com
BYRNE THOMAS E	byrnethomase.com
CABLE KIRTSEN	cablekirtsen.com
K CADE LAYMON APPRAISALS	kcadelaymonappraisal.com
K CADE LAYMON APPRAISALS	kcadelaymonappraisals.com
CAHALAN RE APPRAISAL	cahalanreappraisal.com
CAHALAN RE APPRAISAL	cahalanreappraisals.com
KELLY CAHILL	kellycahill.com
SHANNON CAHILL APPRAISALS	shannoncahillappraisals.com
SHANNON CAHILL APPRAISALS	shannoncahillappraisal.com
JOSEPH C CAIOLA	josephccaiola.com
ERIC CALDERON	ericcalderon.com
LC APPRAISAL	lcappraisal.com
LC APPRAISAL	lcappraisals.com
MONROE COUNTY APPRAISAL ASSOCIATES	monroecountyappraisalsassociates.com
MONROE COUNTY APPRAISAL ASSOCIATES	monroecountyappraisal.com
MONROE COUNTY APPRAISAL ASSOCIATES	monroecountyappraisalassociates.com
MICHAEL J CALLACI	michaeljcallaci.com
ROBIN T CAMPBELL	robintcampbell.com
ROWE REALTY   APPRAISAL INC	rowerealtyappraisals.com
ROWE REALTY   APPRAISAL INC	rowerealtyappraisal.com
CAN DO APPRAISALS INC	candoappraisal.com
CAN DO APPRAISALS INC	candoappraisals.com
CANDELORA DONALD W	candeloradonaldw.com
C + C APPRAISAL	ccappraisal.com
C + C APPRAISAL	ccappraisals.com
JOEL CANNON	joelcannon.com
CAPONI, AUGUST J.	caponiaugustj.com
SC REAL ESTATE APPRAISAL REPORTS	screalestateappraisalreports.com
SC REAL ESTATE APPRAISAL REPORTS	screalestateappraisalsreports.com
MC APPRAISALS	mcappraisals.com
MC APPRAISALS	mcappraisal.com
CARHART VALUATIONS LLC	carhartvaluations.com
GUIDO J CARLONI	guidojcarloni.com
CRAIG CARLSON INC	craigcarlson.com
R CARLSON APPRAISALS	rcarlsonappraisals.com
R CARLSON APPRAISALS	rcarlsonappraisal.com
CARNELL APPPRAISALS	carnellapppraisals.com
OS VALUATIONS INC	osvaluations.com
STEPHEN CAROLLO & ASSOC	stephencarolloandassoc.com
SHELBY L CARON	shelbylcaron.com
JJC APPRAISALS	jjcappraisal.com
JJC APPRAISALS	jjcappraisals.com
VAL COR APPRAISALS	valcorappraisal.com
VAL COR APPRAISALS	valcorappraisals.com
OTTEAU GROUP INC	otteau.com
OTTEAU GROUP INC	otteaugroup.com
CARROLL ASSOCIATES NY INC	carrollassociatesny.com
CARTELLI VICTORIA	cartellivictoria.com
CARTER ANDREW	carterandrew.com
JACQUELINE CARUSO	jacquelinecaruso.com
CARUSONE CHRISTINA M	carusonechristinam.com
MEREDITH R CARUSONE	meredithrcarusone.com
CASALE ANTHONY F JR.	casaleanthonyfjr.com
JOHN CASCONE ENTERPRISES INCORPORATED	johncasconeenterprises.com
CASHMAN APPRAISAL SERVICES LLC	cashmanappraisalervices.com
CASHMAN APPRAISAL SERVICES LLC	cashmanappraisalservices.com
CASHMAN APPRAISAL SERVICES LLC	cashmanappraisal.com
SUZANN T CASTELLO	suzanntcastello.com
CATALDO JOSEPH A	cataldojosepha.com
REAL VALUE APPRAISALS LLC	realvalueappraisals.com
REAL VALUE APPRAISALS LLC	realvalueappraisal.com
MICHAEL CENATIEMPO APPRAISALS	michaelcenatiempoappraisals.com
MICHAEL CENATIEMPO APPRAISALS	michaelcenatiempoappraisal.com
CENTER JOHN R	centerjohnr.com
CENTONZE JOAN	centonzejoan.com
CHAMBERLAIN DOUGLAS R JR	chamberlaindouglasrjr.com
CHAMBERLAIN APPRAISAL SERVICES	chamberlainappraisal.com
CHAMBERLAIN APPRAISAL SERVICES	chamberlainappraisalervices.com
CHAMBERLAIN APPRAISAL SERVICES	chamberlainappraisalservices.com
CHANG BILLY Y	changbillyy.com
NORTH COUNTRY MANAGEMENT LTD	northcountrymanagement.com
STANDARD VALUATION SERVICES	standardvaluation.com
STANDARD VALUATION SERVICES	standardvaluationservices.com
CHARLES GEORGE	charlesgeorge.com
HOLLY L CHASE	hollylchase.com
CHAWLA SUNDEEP S	chawlasundeeps.com
APPRAISAL NETWORK CORP	appraisalsnetwork.com
APPRAISAL NETWORK CORP	appraisalnetwork.com
STEVEN D CHERMAK APPRAISERS	stevendchermakappraisers.com
CHEUNG TING	cheungting.com
RICHARD HAHN APPRAISAL	richardhahnappraisals.com
RICHARD HAHN APPRAISAL	richardhahnappraisal.com
CHRISTIANA, MATTHEW C	christianamatthewc.com
CHUANG MICHAEL C	chuangmichaelc.com
CINO JEANINE M	cinojeaninem.com
CINQUE JOHN	cinquejohn.com
CIPRIANO APPRAISALS	ciprianoappraisals.com
CIPRIANO APPRAISALS	ciprianoappraisal.com
MARKETVIEW APPRAISALS	marketviewappraisal.com
MARKETVIEW APPRAISALS	marketviewappraisals.com
GEORGE L CLARK INC	georgelclark.com
CLARKE CHRISTOPHER D	clarkechristopherd.com
CLERICI AMANDA B	clericiamandab.com
MORRISON & MILLER INC	morrisonandmiller.com
315 APPRAISAL SERVICES LLC	315appraisal.com
315 APPRAISAL SERVICES LLC	315appraisalservices.com
315 APPRAISAL SERVICES LLC	315appraisalervices.com
COADY LISA M	coadylisam.com
COCO NICHOLAS	coconicholas.com
COFFEY APPRAISAL SERVICE INC	coffeyappraisal.com
COFFEY APPRAISAL SERVICE INC	coffeyappraisalservice.com
COFFEY APPRAISAL SERVICE INC	coffeyappraisalervice.com
COFFIN RICHARD M	coffinrichardm.com
FULL SERVICE APPRAISALS	fullserviceappraisals.com
FULL SERVICE APPRAISALS	fullserviceappraisal.com
A C APPRAISALS SERVICES CO	acappraisals.com
A C APPRAISALS SERVICES CO	acappraisalservices.com
A C APPRAISALS SERVICES CO	acappraisalsservices.com
COLELLA FRANCIS P	colellafrancisp.com
COLINO KIMBERLY A	colinokimberlya.com
DARLENE A COLLINS	darleneacollins.com
COLOMBI DANIEL J JR	colombidanieljjr.com
WILFREDO COLON JR	wilfredocolonjr.com
COMRIE MARK A	comriemarka.com
DEBRA JO CONKLIN	debrajoconklin.com
CONNOLLY DONALD A	connollydonalda.com
DAVCON APPRAISAL SERVICES INC	davconappraisalervices.com
DAVCON APPRAISAL SERVICES INC	davconappraisalservices.com
DAVCON APPRAISAL SERVICES INC	davconappraisal.com
CONNOR MICHAEL A	connormichaela.com
CONSENTINO MARK S	consentinomarks.com
CONSTANTINO BRUCE A	constantinobrucea.com
AFFIRMATIVE APPRAISALS INC	affirmativeappraisals.com
AFFIRMATIVE APPRAISALS INC	affirmativeappraisal.com
CONVERSE ROBIN M	converserobinm.com
MILLER SAMUEL INC	millersamuel.com
ROBINS RESIDENTIAL APPRAISALS LLC	robinsresidentialappraisals.com
ROBINS RESIDENTIAL APPRAISALS LLC	robinsresidentialappraisal.com
COOK VINCENT T	cookvincentt.com
COOLEY HOLLY A	cooleyhollya.com
COPELAND AND COPELAND INC	copelandandcopeland.com
COPERTINO RICHARD	copertinorichard.com
JOHN D COPULOS	johndcopulos.com
COPULOS NICHOLAS	copulosnicholas.com
CORBINE MICHAEL W	corbinemichaelw.com
KRISTINA M CORNBAU	kristinamcornbau.com
COROZZA STEPHEN V	corozzastephenv.com
CORZO VIANEY G	corzovianeyg.com
COSTELLO VICTORIA A	costellovictoriaa.com
CONCRA APPRAISAL ASSOCIATES	concraappraisalsassociates.com
CONCRA APPRAISAL ASSOCIATES	concraappraisalassociates.com
CONCRA APPRAISAL ASSOCIATES	concraappraisal.com
FLAX APPRAISALS	flaxappraisal.com
FLAX APPRAISALS	flaxappraisals.com
COYLE & COYLE INC	coyleandcoyle.com
CRATES APPRAISA SERVICES LLC	cratesappraisa.com
CRATES APPRAISA SERVICES LLC	cratesappraisaservices.com
CREAGH AND ASSOCIATES	creaghandassociates.com
CREAGH AND ASSOCIATES	creaghand.com
CREMER JACOB T	cremerjacobt.com
LAURA A CROMER	lauraacromer.com
CROPPER DAVID	cropperdavid.com
CROWDER HUGHES LORRAINE	crowderhugheslorraine.com
CRUZ ZICKOIYA N	cruzzickoiyan.com
CUIFFO PHILLIP	cuiffophillip.com
GREATER HUDSON VALLEY RE APPRAISALS INC	greaterhudsonvalleyreappraisals.com
GREATER HUDSON VALLEY RE APPRAISALS INC	greaterhudsonvalleyreappraisal.com
CASH REALTY & AUCTIONS LLC	cashrealtyandauctions.com
CUPERNALL LAURA F	cupernalllauraf.com
APPRAISE NEW YORK INC	appraisenewyork.com
ALLIED APPRAISAL	alliedappraisals.com
ALLIED APPRAISAL	alliedappraisal.com
THE CURRERI GROUP, LLC	thecurrerigroup.com
THE CURRERI GROUP, LLC	thecurreri.com
D AGOSTINO AMANDA N	dagostinoamandan.com
D'ANTONIO CHRISTOPHER M	dantoniochristopherm.com
KEUKA APPRAISAL SERVICES INC	keukaappraisalervices.com
KEUKA APPRAISAL SERVICES INC	keukaappraisalservices.com
KEUKA APPRAISAL SERVICES INC	keukaappraisal.com
ROBERT DADAMO C R E A	robertdadamocrea.com
MICHAEL DAIGLER	michaeldaigler.com
JOHN DAILY	johndaily.com
AMERICAN COLONIAL CORP	americancolonial.com
DALY DONALD R	dalydonaldr.com
NASSAU COUNTY OF DEPARTMENT OF ASSESSMENT	nassaucountyofdepartmentofassessment.com
DAMKOHLER STACIE J	damkohlerstaciej.com
DARLING HOME APPRAISALS LLC	darlinghomeappraisals.com
DARLING HOME APPRAISALS LLC	darlinghomeappraisal.com
S & D APPRAISALS	sanddappraisal.com
S & D APPRAISALS	sanddappraisals.com
DASILVA DAVID	dasilvadavid.com
DATTOLI JENNIFER	dattolijennifer.com
RIDGEWOOD SAVINGS BANK	ridgewoodsavingsbank.com
R W DAVIES INC	rwdavies.com
VANDERBILT APPRAISAL COMPANY	vanderbiltappraisals.com
VANDERBILT APPRAISAL COMPANY	vanderbiltappraisal.com
DAVIS DUANE C	davisduanec.com
REALTY RESOURCE	realtyresource.com
JACQUELINE DAZZO	jacquelinedazzo.com
DEANGELIS APPRAISAL SERVICE	deangelisappraisalervice.com
DEANGELIS APPRAISAL SERVICE	deangelisappraisalservice.com
DEANGELIS APPRAISAL SERVICE	deangelisappraisal.com
DEANGELO RANDY J	deangelorandyj.com
TD APPRAISALS INC	tdappraisal.com
TD APPRAISALS INC	tdappraisals.com
DEFINA PAUL F	definapaulf.com
JAN M APPRAISALS INC	janmappraisal.com
JAN M APPRAISALS INC	janmappraisals.com
SALERNO APPRAISAL SERVICES INC	salernoappraisalervices.com
SALERNO APPRAISAL SERVICES INC	salernoappraisal.com
SALERNO APPRAISAL SERVICES INC	salernoappraisalservices.com
MICHAEL L DEGREGORIO REAL ESTATE APPRAISAL	michaelldegregoriorealestateappraisal.com
MICHAEL L DEGREGORIO REAL ESTATE APPRAISAL	michaelldegregoriorealestateappraisals.com
KEVIN T DENDULK	kevintdendulk.com
KDNY APPRAISALS	kdnyappraisals.com
KDNY APPRAISALS	kdnyappraisal.com
DESIO APPRAISAL SERVICE	desioappraisalervice.com
DESIO APPRAISAL SERVICE	desioappraisalservice.com
DESIO APPRAISAL SERVICE	desioappraisal.com
DESIVO ANTHONY D	desivoanthonyd.com
CAROL VERGARA & ASSOC	carolvergaraandassoc.com
SIELKEM DAVIS LLC	sielkemdavis.com
DONNA M DESTRO	donnamdestro.com
WSD APPRAISALS INC	wsdappraisals.com
WSD APPRAISALS INC	wsdappraisal.com
APPRAISED VALUE ASSOCIATES	appraisedvalueassociates.com
APPRAISED VALUE ASSOCIATES	appraisedvalue.com
THOMAS DIBIASI APPRAISALS INC	thomasdibiasiappraisals.com
THOMAS DIBIASI APPRAISALS INC	thomasdibiasiappraisal.com
DICOLANDREA DOMINICK	dicolandreadominick.com
DIGREGORIO LILLY	digregoriolilly.com
DIIORIO JOSEPH	diioriojoseph.com
RP APPRAISAL & VALUATION SERVICE	rpappraisalandvaluationservice.com
RP APPRAISAL & VALUATION SERVICE	rpappraisalandvaluation.com
RP APPRAISAL & VALUATION SERVICE	rpappraisalsandvaluationservice.com
PRECISION RESIDENTIAL APPRAISALS INC	precisionresidentialappraisals.com
PRECISION RESIDENTIAL APPRAISALS INC	precisionresidentialappraisal.com
DIOGNARDI CYNTHIA A	diognardicynthiaa.com
DISANTO APPRAISALS INC	disantoappraisals.com
DISANTO APPRAISALS INC	disantoappraisal.com
PREMIER APPRAISAL GROUP INC	premierappraisal.com
PREMIER APPRAISAL GROUP INC	premierappraisalgroup.com
PREMIER APPRAISAL GROUP INC	premierappraisalsgroup.com
DOHERTY ANDREW	dohertyandrew.com
JOSEPH DOKTOR APPRAISAL SERVICES	josephdoktorappraisalservices.com
JOSEPH DOKTOR APPRAISAL SERVICES	josephdoktorappraisalervices.com
JOSEPH DOKTOR APPRAISAL SERVICES	josephdoktorappraisal.com
TARA MESEROLE APPRAISALS	tarameseroleappraisals.com
TARA MESEROLE APPRAISALS	tarameseroleappraisal.com
EMERALD APPRAISAL SERVICE INC	emeraldappraisalervice.com
EMERALD APPRAISAL SERVICE INC	emeraldappraisal.com
EMERALD APPRAISAL SERVICE INC	emeraldappraisalservice.com
EMERALD APPRAISAL SERVICE	emeraldappraisalervice.com
EMERALD APPRAISAL SERVICE	emeraldappraisal.com
EMERALD APPRAISAL SERVICE	emeraldappraisalservice.com
STEPHEN JAMES APPRAISALS INC	stephenjamesappraisal.com
STEPHEN JAMES APPRAISALS INC	stephenjamesappraisals.com
ALL CITY APPRAISALS	allcityappraisal.com
ALL CITY APPRAISALS	allcityappraisals.com
WD PROPERTIES INC	wdproperties.com
TRUE VALUE APPRAISALS	truevalueappraisals.com
TRUE VALUE APPRAISALS	truevalueappraisal.com
PAULINE DONTINO & ASSOCIATES	paulinedontinoand.com
PAULINE DONTINO & ASSOCIATES	paulinedontinoandassociates.com
TERI DOSCHER APPRAISALS	teridoscherappraisals.com
TERI DOSCHER APPRAISALS	teridoscherappraisal.com
DOULOS & ASSOCIATES	doulosand.com
DOULOS & ASSOCIATES	doulosandassociates.com
BMD REAL ESTATE APPRAISAL SERVICE INC	bmdrealestateappraisalservice.com
BMD REAL ESTATE APPRAISAL SERVICE INC	bmdrealestateappraisalervice.com
BMD REAL ESTATE APPRAISAL SERVICE INC	bmdrealestateappraisal.com
GOLDMAN APPRAISAL SERVICE	goldmanappraisal.com
GOLDMAN APPRAISAL SERVICE	goldmanappraisalservice.com
GOLDMAN APPRAISAL SERVICE	goldmanappraisalervice.com
WHITE WOOD APPRAISALS	whitewoodappraisals.com
WHITE WOOD APPRAISALS	whitewoodappraisal.com
DRINKS XAVIER P	drinksxavierp.com
DRISCOLL DOROTHY	driscolldorothy.com
MGC APPRAISAL SERVICES INC	mgcappraisal.com
MGC APPRAISAL SERVICES INC	mgcappraisalervices.com
MGC APPRAISAL SERVICES INC	mgcappraisalservices.com
DUFRENE DIANE D	dufrenedianed.com
JEFFREY DULUC	jeffreyduluc.com
DUPUY ELIZABETH	dupuyelizabeth.com
JAMES A DWAILEEBE	jamesadwaileebe.com
DWYER PATRICK D	dwyerpatrickd.com
SWEET HOME VALUATIONS LLC	sweethomevaluations.com
EATON DAVID R	eatondavidr.com
BROWN DOG CONSULTING INC	browndogconsulting.com
ALAIN EDISON	alainedison.com
EGAN CHRISTOPHER	eganchristopher.com
GENE EGAN	geneegan.com
EGAN APPRAISALS INC	eganappraisal.com
EGAN APPRAISALS INC	eganappraisals.com
FARM CREDIT EAST, ACA	farmcrediteastaca.com
MCE APPRAISALS	mceappraisals.com
MCE APPRAISALS	mceappraisal.com
ALLSITE APPRAISAL SERVICE INC	allsiteappraisalervice.com
ALLSITE APPRAISAL SERVICE INC	allsiteappraisalservice.com
ALLSITE APPRAISAL SERVICE INC	allsiteappraisal.com
EISENSTADT DANIEL R	eisenstadtdanielr.com
ELMES ANNE	elmesanne.com
I CON APPRAISAL SERVICE INC	iconappraisalservice.com
I CON APPRAISAL SERVICE INC	iconappraisalervice.com
I CON APPRAISAL SERVICE INC	iconappraisal.com
ENNIS PETER J	ennispeterj.com
ENTWISTLE APPRAISALS	entwistleappraisals.com
ENTWISTLE APPRAISALS	entwistleappraisal.com
ERBES APPRAISALS INC	erbesappraisals.com
ERBES APPRAISALS INC	erbesappraisal.com
C1 APPRAISAL INC	c1appraisal.com
C1 APPRAISAL INC	c1appraisals.com
LAWRENCE APPRAISAL SERVICES	lawrenceappraisalervices.com
LAWRENCE APPRAISAL SERVICES	lawrenceappraisalservices.com
LAWRENCE APPRAISAL SERVICES	lawrenceappraisal.com
ESCHMANN DONALD C	eschmanndonaldc.com
FIRST LONG ISLAND REAL ESTATE APPRAISAL	firstlongislandrealestateappraisals.com
FIRST LONG ISLAND REAL ESTATE APPRAISAL	firstlongislandrealestateappraisal.com
EVANS MARIENA L	evansmarienal.com
THE MEISENHOLDER GROUP INC	themeisenholdergroup.com
THE MEISENHOLDER GROUP INC	themeisenholder.com
FABIAN THOMAS	fabianthomas.com
FADALE VINCENT C	fadalevincentc.com
RYNNE MURPHY AND ASSOCIATES INC	rynnemurphyandassociates.com
RYNNE MURPHY AND ASSOCIATES INC	rynnemurphyand.com
AARON APPRAISAL	aaronappraisals.com
AARON APPRAISAL	aaronappraisal.com
BOULEVARD APPRAISALS	boulevardappraisal.com
BOULEVARD APPRAISALS	boulevardappraisals.com
FARRELL APPRAISAL SERVICES	farrellappraisalervices.com
FARRELL APPRAISAL SERVICES	farrellappraisal.com
FARRELL APPRAISAL SERVICES	farrellappraisalservices.com
EQUITY APPRAISALS, LLC	equityappraisal.com
EQUITY APPRAISALS, LLC	equityappraisals.com
FASULLO APPRAISAL SERVICE	fasulloappraisalervice.com
FASULLO APPRAISAL SERVICE	fasulloappraisal.com
FASULLO APPRAISAL SERVICE	fasulloappraisalservice.com
COLONIAL EVALUATION CORP	colonialevaluation.com
M & J APPRAISAL SERVICE	mandjappraisal.com
M & J APPRAISAL SERVICE	mandjappraisalervice.com
M & J APPRAISAL SERVICE	mandjappraisalservice.com
FERGUSON APPRAISALS LTD	fergusonappraisals.com
FERGUSON APPRAISALS LTD	fergusonappraisal.com
FERGUSON JASON W	fergusonjasonw.com
MARK A FERGUSON	markaferguson.com
FERNANDES CYNTHIA J	fernandescynthiaj.com
FERNANDES DONNA E	fernandesdonnae.com
FERNANDEZ JOSEPH	fernandezjoseph.com
FERRARA RALPH A	ferrararalpha.com
MIDLAND APPRAISAL ASSOCIATES INC	midlandappraisalsassociates.com
MIDLAND APPRAISAL ASSOCIATES INC	midlandappraisalassociates.com
MIDLAND APPRAISAL ASSOCIATES INC	midlandappraisal.com
APPRAISAL ON CALL LLC	appraisalsoncall.com
APPRAISAL ON CALL LLC	appraisaloncall.com
FINLAW APPRAISAL SERVICES	finlawappraisal.com
FINLAW APPRAISAL SERVICES	finlawappraisalservices.com
FINLAW APPRAISAL SERVICES	finlawappraisalervices.com
FIRST SOURCE APPRAISAL LLC	firstsourceappraisals.com
FIRST SOURCE APPRAISAL LLC	firstsourceappraisal.com
DPF APPRAISALS	dpfappraisal.com
DPF APPRAISALS	dpfappraisals.com
PREMIER ASSET CONNECTION	premierassetconnection.com
FIORE KEVIN S	fiorekevins.com
APPRAISAL SERVICES OF THE FINGER LAKES	appraisalervicesofthefingerlakes.com
APPRAISAL SERVICES OF THE FINGER LAKES	appraisalservicesofthefingerlakes.com
CAYUGA APPRAISALS LLC	cayugaappraisal.com
CAYUGA APPRAISALS LLC	cayugaappraisals.com
FISHER JEREMY J	fisherjeremyj.com
FISKE TAMMIE	fisketammie.com
WALKER ASSOCIATES REAL ESTATE APPRAISERS	walkerassociatesrealestateappraisers.com
JCF APPRAISAL COMPANY	jcfappraisals.com
JCF APPRAISAL COMPANY	jcfappraisal.com
BLACK MAPLE APPRAISAL GROUP	blackmapleappraisal.com
BLACK MAPLE APPRAISAL GROUP	blackmapleappraisalgroup.com
BLACK MAPLE APPRAISAL GROUP	blackmapleappraisalsgroup.com
RAYMOND R FLAMMER	raymondrflammer.com
FLANAGAN TIMOTHY J	flanagantimothyj.com
FLEMING APPRAISALS LLC	flemingappraisals.com
FLEMING APPRAISALS LLC	flemingappraisal.com
FLETT LLOYD S	flettlloyds.com
FLORES PETER M	florespeterm.com
ROBERT J FLOWER & CO	robertjflowerand.com
FLYNN GREGORY	flynngregory.com
FRANK G RIESS APPRAISALS	frankgriessappraisal.com
FRANK G RIESS APPRAISALS	frankgriessappraisals.com
MIKE FLYNTZ INC	mikeflyntz.com
F & W VALUATION SERVICES	fandwvaluationservices.com
F & W VALUATION SERVICES	fandwvaluation.com
KJW APPRAISALS	kjwappraisal.com
KJW APPRAISALS	kjwappraisals.com
ALPINE APPRAISAL SERVICES LLC	alpineappraisal.com
ALPINE APPRAISAL SERVICES LLC	alpineappraisalervices.com
ALPINE APPRAISAL SERVICES LLC	alpineappraisalservices.com
JOHNSON REALTY AND APPRAISAL CO	johnsonrealtyandappraisal.com
JOHNSON REALTY AND APPRAISAL CO	johnsonrealtyandappraisals.com
FOX BRIAN C	foxbrianc.com
FOX MICHAEL	foxmichael.com
IMAGES AND WORDS APPRAISALS INC	imagesandwordsappraisal.com
IMAGES AND WORDS APPRAISALS INC	imagesandwordsappraisals.com
FRAGALA APPRAISALS	fragalaappraisal.com
FRAGALA APPRAISALS	fragalaappraisals.com
FRANKE RESIDENTIAL APPRAISALS LLC	frankeresidentialappraisal.com
FRANKE RESIDENTIAL APPRAISALS LLC	frankeresidentialappraisals.com
FRETZ SUSAN R	fretzsusanr.com
FRIEDMAN YIDA L	friedmanyidal.com
ZENITH VALUATIONS	zenithvaluations.com
LADDER TO THE SUN LLC	laddertothesun.com
FU ZIYING	fuziying.com
MADISON APPRAISAL GROUP LLC	madisonappraisal.com
MADISON APPRAISAL GROUP LLC	madisonappraisalsgroup.com
MADISON APPRAISAL GROUP LLC	madisonappraisalgroup.com
FUSCO MADONNA	fuscomadonna.com
FRONTIER APPRAISAL SERVICES	frontierappraisalervices.com
FRONTIER APPRAISAL SERVICES	frontierappraisal.com
FRONTIER APPRAISAL SERVICES	frontierappraisalservices.com
GAETA FRANK J	gaetafrankj.com
JDG APPRAISAL SERVICES LLC	jdgappraisalervices.com
JDG APPRAISAL SERVICES LLC	jdgappraisalservices.com
JDG APPRAISAL SERVICES LLC	jdgappraisal.com
HUDSON APPRAISAL	hudsonappraisal.com
HUDSON APPRAISAL	hudsonappraisals.com
BRUCKNER TILLETT ROSSI CAHILL & ASSOC	brucknertillettrossicahillandassoc.com
GAITO BARBARA A	gaitobarbaraa.com
PETER J GALLO	peterjgallo.com
GALVIN JOHN M	galvinjohnm.com
GAMBALE CHRISTOPHER	gambalechristopher.com
EXPRESS APPRAISALS	expressappraisal.com
EXPRESS APPRAISALS	expressappraisals.com
GAMBLE MICHAEL	gamblemichael.com
OLDE KINDERHOOK APPRAISAL SERVICES	oldekinderhookappraisalervices.com
OLDE KINDERHOOK APPRAISAL SERVICES	oldekinderhookappraisalservices.com
OLDE KINDERHOOK APPRAISAL SERVICES	oldekinderhookappraisal.com
MALGORZATA GAN	malgorzatagan.com
AMERICAN HOME APPRAISALS LLC	americanhomeappraisals.com
AMERICAN HOME APPRAISALS LLC	americanhomeappraisal.com
1445 EAST GUN HILL ROAD	1445eastgunhillroad.com
MID LAKES APPRAISALS	midlakesappraisals.com
MID LAKES APPRAISALS	midlakesappraisal.com
ALBANY ADIRONDACK APPRAISALS LLC	albanyadirondackappraisals.com
ALBANY ADIRONDACK APPRAISALS LLC	albanyadirondackappraisal.com
GARDNER RUTH A	gardnerrutha.com
GARLAND WILLIAM J	garlandwilliamj.com
GARLAND II WILLIAM J	garlandiiwilliamj.com
GASTLE DANIEL P JR	gastledanielpjr.com
REALTY CONSULTANTS OF WNY, INC	realtyconsultantsofwny.com
SUNNYSIDE APPRAISALS LLC	sunnysideappraisals.com
SUNNYSIDE APPRAISALS LLC	sunnysideappraisal.com
GAVARES JOAN M	gavaresjoanm.com
GEHRES ERIC M	gehresericm.com
ACCREDITED APPRAISAL SERVICES	accreditedappraisalervices.com
ACCREDITED APPRAISAL SERVICES	accreditedappraisalservices.com
ACCREDITED APPRAISAL SERVICES	accreditedappraisal.com
INTER COUNTY APPRAISAL CO	intercountyappraisal.com
INTER COUNTY APPRAISAL CO	intercountyappraisals.com
SUSAN E GENTILE APPRAISALS	susanegentileappraisals.com
SUSAN E GENTILE APPRAISALS	susanegentileappraisal.com
LUXE VALUATION SERVICES	luxevaluation.com
LUXE VALUATION SERVICES	luxevaluationservices.com
GEORGIJEVSKI STEFANIE	georgijevskistefanie.com
GERACE APPRAISAL SERVICES	geraceappraisalervices.com
GERACE APPRAISAL SERVICES	geraceappraisalservices.com
GERACE APPRAISAL SERVICES	geraceappraisal.com
AGAP APPRAISALS	agapappraisal.com
AGAP APPRAISALS	agapappraisals.com
GIANCATERINO PAUL A	giancaterinopaula.com
KLM APPRAISAL SERVICES	klmappraisalservices.com
KLM APPRAISAL SERVICES	klmappraisalervices.com
KLM APPRAISAL SERVICES	klmappraisal.com
GIBILARO JOHN	gibilarojohn.com
COAST TO COAST VALUATION SPECIALISTS LCC	coasttocoastvaluationspecialistslcc.com
GIGLIO ANDREW V	giglioandrewv.com
FIVE BOROUGH APPRAISER SERVICES INC	fiveboroughappraiserservices.com
FIVE BOROUGH APPRAISER SERVICES INC	fiveboroughappraiser.com
GILL VICTORIA L	gillvictorial.com
TITAN APPRAISALS INC	titanappraisal.com
TITAN APPRAISALS INC	titanappraisals.com
GIRVAN PATRICIA	girvanpatricia.com
GIUFFRE ANTHONY	giuffreanthony.com
SAFE HAVEN APPRAISAL SERVICE INC	safehavenappraisalservice.com
SAFE HAVEN APPRAISAL SERVICE INC	safehavenappraisalervice.com
SAFE HAVEN APPRAISAL SERVICE INC	safehavenappraisal.com
JMG APPRAISALS	jmgappraisal.com
JMG APPRAISALS	jmgappraisals.com
GODOSIS NICHOLAS	godosisnicholas.com
GOLD BLIMA	goldblima.com
JEFFREY J GOLDA	jeffreyjgolda.com
GOLDBERGER MOISHE	goldbergermoishe.com
EDWARD C GOLDMAN	edwardcgoldman.com
RELIABLE APPRAISERS NY INC	reliableappraisersny.com
GOTHAM VALUATION	gothamvaluation.com
ROBERT P GOODMAN JR	robertpgoodmanjr.com
GOREN DANI	gorendani.com
MG APPRAISAL INC	mgappraisals.com
MG APPRAISAL INC	mgappraisal.com
GOSCINSKI ARLEEN E	goscinskiarleene.com
CENTURY APPRAISAL ASSOCIATES	centuryappraisalsassociates.com
CENTURY APPRAISAL ASSOCIATES	centuryappraisal.com
CENTURY APPRAISAL ASSOCIATES	centuryappraisalassociates.com
TRUSTCO BANK	trustcobank.com
CONTINENTAL APPRAISAL SERVICES	continentalappraisalervices.com
CONTINENTAL APPRAISAL SERVICES	continentalappraisal.com
CONTINENTAL APPRAISAL SERVICES	continentalappraisalservices.com
LONG ISLAND APPRAISAL SERVICES LLC	longislandappraisalservices.com
LONG ISLAND APPRAISAL SERVICES LLC	longislandappraisal.com
LONG ISLAND APPRAISAL SERVICES LLC	longislandappraisalervices.com
GRASHOF APPRAISALS INC	grashofappraisal.com
GRASHOF APPRAISALS INC	grashofappraisals.com
GRASHOF PAUL R	grashofpaulr.com
GRASHOF APPRAISALS, INC.	grashofappraisal.com
GRASHOF APPRAISALS, INC.	grashofappraisals.com
GRASSI APPRAISAL CONSULTANTS	grassiappraisalsconsultants.com
GRASSI APPRAISAL CONSULTANTS	grassiappraisalconsultants.com
CIL APPRAISAL SERVICES INC	cilappraisalservices.com
CIL APPRAISAL SERVICES INC	cilappraisalervices.com
CIL APPRAISAL SERVICES INC	cilappraisal.com
GRAY KEITH M	graykeithm.com
CHRISTOPHER GRECO APPRAISALS SERVICES INC	christophergrecoappraisalservices.com
CHRISTOPHER GRECO APPRAISALS SERVICES INC	christophergrecoappraisalsservices.com
CHRISTOPHER GRECO APPRAISALS SERVICES INC	christophergrecoappraisals.com
MICHAEL A GRECO	michaelagreco.com
RICHARD GRECO APPRAISALS	richardgrecoappraisals.com
RICHARD GRECO APPRAISALS	richardgrecoappraisal.com
GREEN ALAN J	greenalanj.com
EAZY APPRAISALS INC	eazyappraisal.com
EAZY APPRAISALS INC	eazyappraisals.com
GREENBERG AND ASSOCIATES INC	greenbergandassociates.com
GREENBERG AND ASSOCIATES INC	greenbergand.com
JIM ROBERTS REALTY	jimrobertsrealty.com
MICHAEL GRESCHLER	michaelgreschler.com
JDG REAL ESTATE SERVICES LLC	jdgrealestateservices.com
JDG REAL ESTATE SERVICES LLC	jdgrealestate.com
GROFFMANN PETER J JR	groffmannpeterjjr.com
ULSTER SAVINGS BANK	ulstersavingsbank.com
GRUBB DANA J	grubbdanaj.com
WNY APPRAISALS LLC	wnyappraisals.com
WNY APPRAISALS LLC	wnyappraisal.com
GUERRERA APPRAISAL SERVICE	guerreraappraisalervice.com
GUERRERA APPRAISAL SERVICE	guerreraappraisalservice.com
GUERRERA APPRAISAL SERVICE	guerreraappraisal.com
GUERRERIO JOSEPH M	guerreriojosephm.com
GUNTHER APPRAISAL INC	guntherappraisal.com
GUNTHER APPRAISAL INC	guntherappraisals.com
JOHN DAILY APPRAISALS	johndailyappraisals.com
JOHN DAILY APPRAISALS	johndailyappraisal.com
HADSELL LAURA C	hadselllaurac.com
BRENDA HAGER APPRAISEL	brendahagerappraisel.com
HAGGERTY FALLON K	haggertyfallonk.com
HAGGERTY APPRAISAL SERVICES	haggertyappraisal.com
HAGGERTY APPRAISAL SERVICES	haggertyappraisalervices.com
HAGGERTY APPRAISAL SERVICES	haggertyappraisalservices.com
LARRITANO APPRAISAL SERVICES INC	larritanoappraisalservices.com
LARRITANO APPRAISAL SERVICES INC	larritanoappraisalervices.com
LARRITANO APPRAISAL SERVICES INC	larritanoappraisal.com
APPRAISAL SPECIALISTS CT	appraisalspecialistsct.com
APPRAISAL SPECIALISTS CT	appraisalpecialistsct.com
JASON R HALLINAN	jasonrhallinan.com
HALLOCK JENNIFER L	hallockjenniferl.com
SAMUEL HALPERT	samuelhalpert.com
HALPIN EDWIN J	halpinedwinj.com
HALSTEAD PETER C	halsteadpeterc.com
FOREST APPRAISALS LLC	forestappraisals.com
FOREST APPRAISALS LLC	forestappraisal.com
MARKETVIEW APPRAISALS LLC	marketviewappraisal.com
MARKETVIEW APPRAISALS LLC	marketviewappraisals.com
LAURITANO APPRAISAL SERVICES	lauritanoappraisalervices.com
LAURITANO APPRAISAL SERVICES	lauritanoappraisal.com
LAURITANO APPRAISAL SERVICES	lauritanoappraisalservices.com
WJH APPRAISAL SERVICES, INC.	wjhappraisal.com
WJH APPRAISAL SERVICES, INC.	wjhappraisalservices.com
WJH APPRAISAL SERVICES, INC.	wjhappraisalervices.com
TSI APPRAISALS	tsiappraisal.com
TSI APPRAISALS	tsiappraisals.com
HANNAN BRIAN	hannanbrian.com
HANNIGAN APPRAISALS	hanniganappraisal.com
HANNIGAN APPRAISALS	hanniganappraisals.com
HANRAHAN APPRAISALS LTD	hanrahanappraisal.com
HANRAHAN APPRAISALS LTD	hanrahanappraisals.com
JOSEPH HANSEN & ASSOCIATES INC	josephhansenandassociates.com
JOSEPH HANSEN & ASSOCIATES INC	josephhansenand.com
HANTMAN REAL ESTATE SERVICES	hantmanrealestate.com
HANTMAN REAL ESTATE SERVICES	hantmanrealestateservices.com
HOME APPRAISING GROUP INC	homeappraisinggroup.com
HOME APPRAISING GROUP INC	homeappraising.com
HARNEDY RICHARD J	harnedyrichardj.com
HARRIS RICHARD JR	harrisrichardjr.com
HARRISON DAVID M	harrisondavidm.com
HARRISON JAMEY L	harrisonjameyl.com
WILLIAM HART	williamhart.com
SUSAN HARTIGAN APPRAISALS INC	susanhartiganappraisals.com
SUSAN HARTIGAN APPRAISALS INC	susanhartiganappraisal.com
THOMAS A HARVEY	thomasaharvey.com
VANDERBILT APPRAISAL CO	vanderbiltappraisals.com
VANDERBILT APPRAISAL CO	vanderbiltappraisal.com
JDM REAL ESTATE CO	jdmrealestate.com
HATFIELD REAL ESTATE CONSULTING	hatfieldrealestateconsulting.com
J H APPRAISAL ASSOCIATES	jhappraisalsassociates.com
J H APPRAISAL ASSOCIATES	jhappraisalassociates.com
J H APPRAISAL ASSOCIATES	jhappraisal.com
VALUSTAT APPRAISAL SERVICES INC	valustatappraisalervices.com
VALUSTAT APPRAISAL SERVICES INC	valustatappraisal.com
VALUSTAT APPRAISAL SERVICES INC	valustatappraisalservices.com
HAYNES MATTHEW S	haynesmatthews.com
HOME TOWN APPRAISALS INC	hometownappraisal.com
HOME TOWN APPRAISALS INC	hometownappraisals.com
ZIENTEK APPRAISALS, LLC	zientekappraisal.com
ZIENTEK APPRAISALS, LLC	zientekappraisals.com
ARS APPRAISAL GROUP LTD	arsappraisal.com
ARS APPRAISAL GROUP LTD	arsappraisalsgroup.com
ARS APPRAISAL GROUP LTD	arsappraisalgroup.com
PH APPRAISALS	phappraisals.com
PH APPRAISALS	phappraisal.com
DAVID HENNIGAN	davidhennigan.com
WILLIAM H HENRY III REAL ESTATE SERVICES INC	williamhhenryiiirealestateservices.com
WILLIAM H HENRY III REAL ESTATE SERVICES INC	williamhhenryiiirealestate.com
JAIME HERNANDEZ	jaimehernandez.com
JPH APPRAISAL SERVICES _CORP	jphappraisalservicescorp.com
JPH APPRAISAL SERVICES _CORP	jphappraisalervicescorp.com
NADLAN VALUATION INC	nadlanvaluation.com
TOWN AND COUNTRY	townandcountry.com
HIGGINS JAMES S	higginsjamess.com
FRANK J HILLMANN JR	frankjhillmannjr.com
ALL COUNTY REAL ESTATE	allcountyrealestate.com
AMROCK	amrock.com
HODGKINS AND ASSOCIATES	hodgkinsandassociates.com
HODGKINS AND ASSOCIATES	hodgkinsand.com
HODGKINS & ASSOCIATES	hodgkinsandassociates.com
HODGKINS & ASSOCIATES	hodgkinsand.com
L T APPRAISAL SERVICE	ltappraisalervice.com
L T APPRAISAL SERVICE	ltappraisalservice.com
L T APPRAISAL SERVICE	ltappraisal.com
CAPITAL APPRAISERS	capitalappraisers.com
GERALD HOLMES R.E APPRAISER	geraldholmesreappraiser.com
HORVATH PATRICIA	horvathpatricia.com
HOUPPERT DAVID F	houppertdavidf.com
JASON HOUSE	jasonhouse.com
JC HOWIE APPRAISALS	jchowieappraisal.com
JC HOWIE APPRAISALS	jchowieappraisals.com
HUANG XI	huangxi.com
HUDESMAN ALAN H	hudesmanalanh.com
HUDSON SEAN D	hudsonseand.com
VICTORIA A HUFF	victoriaahuff.com
HUGHES JOAN	hughesjoan.com
VICTORY APPRAISALS LLC	victoryappraisal.com
VICTORY APPRAISALS LLC	victoryappraisals.com
HUMES REALTY AND APPRAISER SERVICES LLC	humesrealtyandappraiserservices.com
HUMES REALTY AND APPRAISER SERVICES LLC	humesrealtyandappraiser.com
HUNT AMY S	huntamys.com
APH REAL ESTATE GROUP CORP	aphrealestategroup.com
APH REAL ESTATE GROUP CORP	aphrealestate.com
MILLER APPRAISAL GROUP	millerappraisal.com
MILLER APPRAISAL GROUP	millerappraisalgroup.com
MILLER APPRAISAL GROUP	millerappraisalsgroup.com
HUSTLE APPRAISAL LLC	hustleappraisal.com
HUSTLE APPRAISAL LLC	hustleappraisals.com
JPM CHASE	jpmchase.com
IAFALLO FRANK	iafallofrank.com
IAKOVLEV IGOR V	iakovlevigorv.com
ILYAYEV YEVGANIY	ilyayevyevganiy.com
INCAO JOSEPH J	incaojosephj.com
ACCURATE APPRAISAL OF WNY INC	accurateappraisalsofwny.com
ACCURATE APPRAISAL OF WNY INC	accurateappraisalofwny.com
21ST CENTURY APPRAISERS	21stcenturyappraisers.com
CBI APPRAISAL SERVICES	cbiappraisalervices.com
CBI APPRAISAL SERVICES	cbiappraisal.com
CBI APPRAISAL SERVICES	cbiappraisalservices.com
IPPOLITO PAT	ippolitopat.com
DENISE IRVING	deniseirving.com
SPECIAL APPRAISAL	specialappraisals.com
SPECIAL APPRAISAL	specialappraisal.com
GREENWICH GOLF REAL ESTATE ADVISORS LLC	greenwichgolfrealestateadvisors.com
JACKSON KRISTIN L	jacksonkristinl.com
JACOBSON JUDITH	jacobsonjudith.com
COHOES	cohoes.com
JAKWAY APPRAISALS	jakwayappraisals.com
JAKWAY APPRAISALS	jakwayappraisal.com
HASKELL & JAMES REAL ESTATE & APPRAISAL CO	haskellandjamesrealestateandappraisal.com
HASKELL & JAMES REAL ESTATE & APPRAISAL CO	haskellandjamesrealestateandappraisals.com
JAMES MICHAEL K	jamesmichaelk.com
JAMES MICHELE F	jamesmichelef.com
JAMIESON MARGARET C	jamiesonmargaretc.com
MOUNTAINSEED APPRAISAL MANAGEMENT LLC	mountainseedappraisalmanagement.com
MOUNTAINSEED APPRAISAL MANAGEMENT LLC	mountainseedappraisalsmanagement.com
ABBEY APPRAISAL	abbeyappraisal.com
ABBEY APPRAISAL	abbeyappraisals.com
JJ APPRAISAL & CONSULTING LLC	jjappraisalsandconsulting.com
JJ APPRAISAL & CONSULTING LLC	jjappraisalandconsulting.com
JEFFERS & ASSOCIATES APPRAISALS	jeffersandassociatesappraisals.com
JEFFERS & ASSOCIATES APPRAISALS	jeffersandassociatesappraisal.com
JOHANIDES JOHN	johanidesjohn.com
KRISTEN THAYER JOHNSEN	kristenthayerjohnsen.com
STATEWIDE APPRAISAL	statewideappraisal.com
STATEWIDE APPRAISAL	statewideappraisals.com
EBJ ASSOCIATES LLC	ebj.com
EBJ ASSOCIATES LLC	ebjassociates.com
JOHNSON ROY W	johnsonroyw.com
233 E WASHINGTON ST	233ewashingtonst.com
JONES CHRISTOPHER R	joneschristopherr.com
JONES JACQUOLENE R	jonesjacquolener.com
UPSTATE APPRAISAL	upstateappraisals.com
UPSTATE APPRAISAL	upstateappraisal.com
SAUL E JONES III	saulejonesiii.com
JONES TANGENT T	jonestangentt.com
EXPRESS APPRAISALS INC	expressappraisal.com
EXPRESS APPRAISALS INC	expressappraisals.com
MRJ APPRAISALS	mrjappraisals.com
MRJ APPRAISALS	mrjappraisal.com
THE JORDAN REAL ESTATE GROUP	thejordanrealestate.com
THE JORDAN REAL ESTATE GROUP	thejordanrealestategroup.com
JOYCE MATTHEW P	joycematthewp.com
PEGGY JUDGE	peggyjudge.com
ARIES APPRAISAL GROUP INC	ariesappraisal.com
ARIES APPRAISAL GROUP INC	ariesappraisalgroup.com
ARIES APPRAISAL GROUP INC	ariesappraisalsgroup.com
EMPIRE INSPECTIONS AND APPRAISALS	empireinspectionsandappraisal.com
EMPIRE INSPECTIONS AND APPRAISALS	empireinspectionsandappraisals.com
KABEL RUTI	kabelruti.com
INDEPENDENT APPRAISAL SERVICE	independentappraisalervice.com
INDEPENDENT APPRAISAL SERVICE	independentappraisalservice.com
INDEPENDENT APPRAISAL SERVICE	independentappraisal.com
KAISER GILLIAN	kaisergillian.com
KALPAXIS ARION A	kalpaxisariona.com
JWK APPRAISAL	jwkappraisal.com
JWK APPRAISAL	jwkappraisals.com
MARTIN KANE APPRAISAL SERVICE CORP	martinkaneappraisal.com
MARTIN KANE APPRAISAL SERVICE CORP	martinkaneappraisalervice.com
MARTIN KANE APPRAISAL SERVICE CORP	martinkaneappraisalservice.com
TED J KAPLAN	tedjkaplan.com
DIRECT APPRAISAL SERVICES LLC	directappraisal.com
DIRECT APPRAISAL SERVICES LLC	directappraisalervices.com
DIRECT APPRAISAL SERVICES LLC	directappraisalservices.com
BROOKSIDE APPRAISALS INC	brooksideappraisal.com
BROOKSIDE APPRAISALS INC	brooksideappraisals.com
BK APPRAISALS_LLC	bkappraisalsllc.com
BK APPRAISALS_LLC	bkappraisalllc.com
KEAVENY JAMES M	keavenyjamesm.com
LAURA LEA KELLER & ASSOCIATES	lauraleakellerand.com
LAURA LEA KELLER & ASSOCIATES	lauraleakellerandassociates.com
NATALEE KENYON-LODGE	nataleekenyonlodge.com
FIRST APPRAISAL SERVICES	firstappraisalservices.com
FIRST APPRAISAL SERVICES	firstappraisal.com
FIRST APPRAISAL SERVICES	firstappraisalervices.com
KESSLER FREDERIC J	kesslerfredericj.com
RELE R KESTER	relerkester.com
KEURIAN ROBERT G	keurianrobertg.com
ONSITE APPRAISALS INC	onsiteappraisal.com
ONSITE APPRAISALS INC	onsiteappraisals.com
KIERNAN SEAN K	kiernanseank.com
KIMBLE SCOTT	kimblescott.com
ZK APPRAISALS INC	zkappraisal.com
ZK APPRAISALS INC	zkappraisals.com
KINER BRIAN S	kinerbrians.com
KING HEATHER E	kingheathere.com
KIPPERMAN SHOSHANA R	kippermanshoshanar.com
KIRBY KEITH M	kirbykeithm.com
BRETT KIRCHMEYER	brettkirchmeyer.com
TK VALUATIONS INC	tkvaluations.com
KIVLEHAN APPRAISALS	kivlehanappraisal.com
KIVLEHAN APPRAISALS	kivlehanappraisals.com
KIW RESIDENTIAL INC	kiwresidential.com
KLEIN ANDREW	kleinandrew.com
APPRAISAL SOURCE INC	appraisalource.com
APPRAISAL SOURCE INC	appraisalsource.com
KLEIN JACOB	kleinjacob.com
KLEIN KEITH	kleinkeith.com
KLEIN ROBERT	kleinrobert.com
KLEIN USHER	kleinusher.com
KLEINER MICHAEL J	kleinermichaelj.com
DEPENDABLE APPRAISALS	dependableappraisals.com
DEPENDABLE APPRAISALS	dependableappraisal.com
D L KLOEPFER APPRAISAL SERVICES INC	dlkloepferappraisalervices.com
D L KLOEPFER APPRAISAL SERVICES INC	dlkloepferappraisal.com
D L KLOEPFER APPRAISAL SERVICES INC	dlkloepferappraisalservices.com
NATIONAL PROFESSIONAL APPRAISERS	nationalprofessionalappraisers.com
KLUEG CHRISTIAN C	kluegchristianc.com
DOUGLAS E KLUENDER	douglasekluender.com
KNAUER DENISE S	knauerdenises.com
BRUCKNER TILLETT ROSSI CAHILL & ASSOCIATES	brucknertillettrossicahillandassociates.com
BRUCKNER TILLETT ROSSI CAHILL & ASSOCIATES	brucknertillettrossicahilland.com
KNIGHT & ASSOCIATES	knightand.com
KNIGHT & ASSOCIATES	knightandassociates.com
KNOBEL STEVEN M	knobelstevenm.com
BNC MORTGAGE	bncmortgage.com
KOHN JOSEPH	kohnjoseph.com
KORENSKY ROBERT A II	korenskyrobertaii.com
KORESKO KAREN A	koreskokarena.com
LKS APPRAISAL SERVICES	lksappraisalservices.com
LKS APPRAISAL SERVICES	lksappraisal.com
LKS APPRAISAL SERVICES	lksappraisalervices.com
KLW RESIDENTIAL INC	klwresidential.com
REGIONAL APPRAISAL ASSOCIATES OF THE HUDSON VALL	regionalappraisalsassociatesofthehudsonvall.com
KOZNESOFF JERROLD	koznesoffjerrold.com
GK APPRAISAL INC	gkappraisals.com
GK APPRAISAL INC	gkappraisal.com
JK APPRAISALS	jkappraisals.com
JK APPRAISALS	jkappraisal.com
R D K APPRAISALS	rdkappraisal.com
R D K APPRAISALS	rdkappraisals.com
KRUG KEVIN W	krugkevinw.com
LAWRENCE APPRAISAL SERVICES INC	lawrenceappraisalervices.com
LAWRENCE APPRAISAL SERVICES INC	lawrenceappraisalservices.com
LAWRENCE APPRAISAL SERVICES INC	lawrenceappraisal.com
REAL ESTATE APPRAISAL SERVICES	realestateappraisalervices.com
REAL ESTATE APPRAISAL SERVICES	realestateappraisal.com
REAL ESTATE APPRAISAL SERVICES	realestateappraisalservices.com
STEPHEN KUDLESS	stephenkudless.com
RYSZARD KUDYBA	ryszardkudyba.com
STIRLING APPRAISALS INC	stirlingappraisals.com
STIRLING APPRAISALS INC	stirlingappraisal.com
KUKULIYEV MARK	kukuliyevmark.com
CHARLES J KUNZMANN INC	charlesjkunzmann.com
LABELLE APPRAISAL GROUP	labelleappraisalgroup.com
LABELLE APPRAISAL GROUP	labelleappraisal.com
LABELLE APPRAISAL GROUP	labelleappraisalsgroup.com
HUMES REALTY AND APPRAISAL SERVICES	humesrealtyandappraisal.com
HUMES REALTY AND APPRAISAL SERVICES	humesrealtyandappraisalervices.com
HUMES REALTY AND APPRAISAL SERVICES	humesrealtyandappraisalservices.com
VALLEY VIEW APPRAISALS INC	valleyviewappraisals.com
VALLEY VIEW APPRAISALS INC	valleyviewappraisal.com
PACE APPRAISALS	paceappraisal.com
PACE APPRAISALS	paceappraisals.com
JACKSON APPRAISAL	jacksonappraisals.com
JACKSON APPRAISAL	jacksonappraisal.com
LAI KEN H	laikenh.com
TOM LAI APPRAISAL INC.	tomlaiappraisal.com
TOM LAI APPRAISAL INC.	tomlaiappraisals.com
MLA INC	mla.com
PREMIER APPRAISALS INC	premierappraisals.com
PREMIER APPRAISALS INC	premierappraisal.com
JAMES LANDRIGAN	jameslandrigan.com
LMK MANAGEMENT INC	lmkmanagement.com
M J L MANAGEMENT INC	mjlmanagement.com
COMPREHENSIVE APPRAISALS LLC	comprehensiveappraisal.com
COMPREHENSIVE APPRAISALS LLC	comprehensiveappraisals.com
LAPHAM APPRAISALS	laphamappraisal.com
LAPHAM APPRAISALS	laphamappraisals.com
STATE APPRAISAL	stateappraisals.com
STATE APPRAISAL	stateappraisal.com
LARNEY BRIAN R	larneybrianr.com
FLORENCE LARSEN	florencelarsen.com
ON TIME REALTY SERVICES LLC	ontimerealty.com
ON TIME REALTY SERVICES LLC	ontimerealtyservices.com
LASHER ANDREW E	lasherandrewe.com
SANDPIPER APPRAISALS LLC	sandpiperappraisals.com
SANDPIPER APPRAISALS LLC	sandpiperappraisal.com
LAULICHT BARRY I	laulichtbarryi.com
LAURITANO APPRAISAL SERVICES INC	lauritanoappraisalervices.com
LAURITANO APPRAISAL SERVICES INC	lauritanoappraisal.com
LAURITANO APPRAISAL SERVICES INC	lauritanoappraisalservices.com
MICHAEL P LAVELLE JR	michaelplavellejr.com
DAN LAVINE	danlavine.com
CAROL VERGARA & ASSOCIATES	carolvergaraand.com
CAROL VERGARA & ASSOCIATES	carolvergaraandassociates.com
METROPOLITAN APPRAISAL GROUP	metropolitanappraisalgroup.com
METROPOLITAN APPRAISAL GROUP	metropolitanappraisal.com
METROPOLITAN APPRAISAL GROUP	metropolitanappraisalsgroup.com
SOUTHERN TIER APPRAISAL ASSOCIATES	southerntierappraisalassociates.com
SOUTHERN TIER APPRAISAL ASSOCIATES	southerntierappraisal.com
SOUTHERN TIER APPRAISAL ASSOCIATES	southerntierappraisalsassociates.com
COLDWELL BANKER CURRIER & LAZIER	coldwellbankercurrierandlazier.com
FOREST COVE APPRAISALS	forestcoveappraisals.com
FOREST COVE APPRAISALS	forestcoveappraisal.com
RAYMOND LEBLANC	raymondleblanc.com
LEBOVITS SARAH	lebovitssarah.com
JVL REAL ESTATE APPRAISAL AND CONSULTING	jvlrealestateappraisalandconsulting.com
JVL REAL ESTATE APPRAISAL AND CONSULTING	jvlrealestateappraisalsandconsulting.com
LEE JAE G	leejaeg.com
STATELINE APPRAISAL INC	statelineappraisals.com
STATELINE APPRAISAL INC	statelineappraisal.com
LEGOTTI SANDRA L	legottisandral.com
LEHET KRISTIN M	lehetkristinm.com
LEHR APPRAISAL SERVICES INC	lehrappraisalervices.com
LEHR APPRAISAL SERVICES INC	lehrappraisal.com
LEHR APPRAISAL SERVICES INC	lehrappraisalservices.com
ROMAN APPRAISAL SERVICES	romanappraisalervices.com
ROMAN APPRAISAL SERVICES	romanappraisal.com
ROMAN APPRAISAL SERVICES	romanappraisalservices.com
NASSAU COUNTY ASSESSMENT REVIEW COMMISSION	nassaucountyassessmentreviewcommission.com
TRI STATE APPRAISAL GROUP INC	tristateappraisalsgroup.com
TRI STATE APPRAISAL GROUP INC	tristateappraisalgroup.com
TRI STATE APPRAISAL GROUP INC	tristateappraisal.com
TAMBURELLO APPRAISAL SERVICES INC	tamburelloappraisalservices.com
TAMBURELLO APPRAISAL SERVICES INC	tamburelloappraisal.com
TAMBURELLO APPRAISAL SERVICES INC	tamburelloappraisalervices.com
LERMAN CHARLENE	lermancharlene.com
LERMAN MICHAEL E	lermanmichaele.com
CITY LINE APPRAISAL SERVICES	citylineappraisal.com
CITY LINE APPRAISAL SERVICES	citylineappraisalervices.com
CITY LINE APPRAISAL SERVICES	citylineappraisalservices.com
LESSARD KYLE T	lessardkylet.com
LETENDRE DONALD P JR	letendredonaldpjr.com
JEFFREY LEVY	jeffreylevy.com
LEVY LAWRENCE M	levylawrencem.com
C D LEWIS APPRAISALS INC	cdlewisappraisal.com
C D LEWIS APPRAISALS INC	cdlewisappraisals.com
LI DAVID	lidavid.com
R&B RESIDENTIAL APPRAISALS	randbresidentialappraisal.com
R&B RESIDENTIAL APPRAISALS	randbresidentialappraisals.com
LIDDELL APPRAISAL SERVICE	liddellappraisal.com
LIDDELL APPRAISAL SERVICE	liddellappraisalervice.com
LIDDELL APPRAISAL SERVICE	liddellappraisalservice.com
LINDSKOOG LYNN M	lindskooglynnm.com
LIOTTA JEFFREY K	liottajeffreyk.com
VALUTRON APPRAISAL SERVICES INC	valutronappraisal.com
VALUTRON APPRAISAL SERVICES INC	valutronappraisalervices.com
VALUTRON APPRAISAL SERVICES INC	valutronappraisalservices.com
JCL EVALUATIONS, INC	jclevaluations.com
LISTER DAVID C	listerdavidc.com
PRECISION APPRAISALS LLC	precisionappraisal.com
PRECISION APPRAISALS LLC	precisionappraisals.com
EAGLE APPRAISAL SERVICES	eagleappraisalservices.com
EAGLE APPRAISAL SERVICES	eagleappraisalervices.com
EAGLE APPRAISAL SERVICES	eagleappraisal.com
LOBIONDO JACK C	lobiondojackc.com
IMPERIAL REAL ESTATE APPRAISING INC	imperialrealestateappraising.com
DANIZEN APPRAISALS INC	danizenappraisals.com
DANIZEN APPRAISALS INC	danizenappraisal.com
BRIAN E LOCKE	brianelocke.com
ARE APPRAISALS INC	areappraisal.com
ARE APPRAISALS INC	areappraisals.com
FARM CREDIT EAST ACA	farmcrediteastaca.com
LOONAM JOHN R	loonamjohnr.com
CERTIFIED APPRAISAL SERVICES LLC	certifiedappraisalervices.com
CERTIFIED APPRAISAL SERVICES LLC	certifiedappraisalservices.com
CERTIFIED APPRAISAL SERVICES LLC	certifiedappraisal.com
LORETTA VINCENT F	lorettavincentf.com
GOLD STANDARD APPRAISALS LLC	goldstandardappraisal.com
GOLD STANDARD APPRAISALS LLC	goldstandardappraisals.com
LUCAS REAL ESTATE APPRAISALS	lucasrealestateappraisal.com
LUCAS REAL ESTATE APPRAISALS	lucasrealestateappraisals.com
LUCCHI ANTHONY	lucchianthony.com
LUCKNER ZIMMERMAN CARRIE	lucknerzimmermancarrie.com
R & M APPRAISALS REPORTS INC	randmappraisalreports.com
R & M APPRAISALS REPORTS INC	randmappraisalsreports.com
FOOTBRIDGE APPRAISALS	footbridgeappraisal.com
FOOTBRIDGE APPRAISALS	footbridgeappraisals.com
J & J APPRAISALS	jandjappraisal.com
J & J APPRAISALS	jandjappraisals.com
MACALUSO REALTY	macalusorealty.com
J MACDONALD ASSOCIATES INC	jmacdonald.com
J MACDONALD ASSOCIATES INC	jmacdonaldassociates.com
MACKEY VIRGINIA M	mackeyvirginiam.com
ATLANTIC APPRAISAL MANAGEMENT	atlanticappraisalmanagement.com
ATLANTIC APPRAISAL MANAGEMENT	atlanticappraisalsmanagement.com
MAGGI ANGELA R	maggiangelar.com
MAGIN BEACH APPRAISALS	maginbeachappraisals.com
MAGIN BEACH APPRAISALS	maginbeachappraisal.com
TOMAINO APPRAISAL LLC	tomainoappraisals.com
TOMAINO APPRAISAL LLC	tomainoappraisal.com
MAIMAN ANDREW D	maimanandrewd.com
MAK PEGGY P	makpeggyp.com
COVER ALL APPRAISAL SERVICES	coverallappraisalervices.com
COVER ALL APPRAISAL SERVICES	coverallappraisalservices.com
COVER ALL APPRAISAL SERVICES	coverallappraisal.com
PRESTIGE APPRAISALS INC	prestigeappraisals.com
PRESTIGE APPRAISALS INC	prestigeappraisal.com
STERLING APPRAISAL SERVICES LTD	sterlingappraisal.com
STERLING APPRAISAL SERVICES LTD	sterlingappraisalervices.com
STERLING APPRAISAL SERVICES LTD	sterlingappraisalservices.com
RAJAN MALHORTA	rajanmalhorta.com
MALLILO PHILIP  JR	mallilophilipjr.com
MALONE ANDREW J	maloneandrewj.com
MALONEY MATTHEW C	maloneymatthewc.com
MICHAEL J MALONEY & ASSOCIATES INC	michaeljmaloneyand.com
MICHAEL J MALONEY & ASSOCIATES INC	michaeljmaloneyandassociates.com
RESIDENTIAL VALUATION SERVICES	residentialvaluation.com
RESIDENTIAL VALUATION SERVICES	residentialvaluationservices.com
MALONEY RONALD D	maloneyronaldd.com
PHILIP A MAMBY APPRAISAL SERVICE	philipamambyappraisalervice.com
PHILIP A MAMBY APPRAISAL SERVICE	philipamambyappraisalservice.com
PHILIP A MAMBY APPRAISAL SERVICE	philipamambyappraisal.com
RUSSELL MANERI	russellmaneri.com
MANTIS MARIA G	mantismariag.com
GAR ASSOCIATES INC	garassociates.com
GAR ASSOCIATES INC	gar.com
MARAYNES BITSY H	maraynesbitsyh.com
ROLAND APPRAISALS	rolandappraisals.com
ROLAND APPRAISALS	rolandappraisal.com
ALEXANDER H MARCOPUL	alexanderhmarcopul.com
APPRAISAL SERVICES LLC	appraisal.com
APPRAISAL SERVICES LLC	appraisalservices.com
APPRAISAL SERVICES LLC	appraisalervices.com
KONSTANTINOS MARKOU	konstantinosmarkou.com
REALTY VALUATION CONSULTANTS INC	realtyvaluationconsultants.com
AMERICAN APPRAISAL SERVICE INC	americanappraisalervice.com
AMERICAN APPRAISAL SERVICE INC	americanappraisal.com
AMERICAN APPRAISAL SERVICE INC	americanappraisalservice.com
15 JOHN ST	15johnst.com
MARSDEN DEBORAH	marsdendeborah.com
MARSHALL ROBERT R JR	marshallrobertrjr.com
MARTIN APPRAISALS	martinappraisal.com
MARTIN APPRAISALS	martinappraisals.com
MARTIN DAWN MARIE	martindawnmarie.com
G MARTIN APPRAISAL	gmartinappraisals.com
G MARTIN APPRAISAL	gmartinappraisal.com
LISA MARTIN APPRAISALS INC	lisamartinappraisals.com
LISA MARTIN APPRAISALS INC	lisamartinappraisal.com
MARK P MARTIN APPRAISAL SERVICE	markpmartinappraisalservice.com
MARK P MARTIN APPRAISAL SERVICE	markpmartinappraisal.com
MARK P MARTIN APPRAISAL SERVICE	markpmartinappraisalervice.com
REGINA N MARTINEZ	reginanmartinez.com
MARTINEZ THOMAS	martinezthomas.com
A MARVIN APPRAISALS LLC	amarvinappraisals.com
A MARVIN APPRAISALS LLC	amarvinappraisal.com
MASCIALE & ASSOCIATES INC	mascialeandassociates.com
MASCIALE & ASSOCIATES INC	mascialeand.com
MASON APPRAISAL SERVICE	masonappraisal.com
MASON APPRAISAL SERVICE	masonappraisalservice.com
MASON APPRAISAL SERVICE	masonappraisalervice.com
MASSA JILL	massajill.com
MASSARIA CHRISTOPHER C	massariachristopherc.com
MASTASIO JOHN	mastasiojohn.com
MASTERS CARMEN G	masterscarmeng.com
UPLAND APPRAISALS	uplandappraisal.com
UPLAND APPRAISALS	uplandappraisals.com
MATIAS LUIS A	matiasluisa.com
PRIME TIME APPRAISALS LLC	primetimeappraisals.com
PRIME TIME APPRAISALS LLC	primetimeappraisal.com
MATT LESLIE	mattleslie.com
MATTHEWS WENDY H	matthewswendyh.com
TRM APPRAISAL	trmappraisal.com
TRM APPRAISAL	trmappraisals.com
SMART VALUE SOLUTIONS LLC	smartvaluesolutions.com
212 APPRAISALS LLC	212appraisals.com
212 APPRAISALS LLC	212appraisal.com
JAMES MCARDLE INC	jamesmcardle.com
MCCARTHY APPRAISALS	mccarthyappraisals.com
MCCARTHY APPRAISALS	mccarthyappraisal.com
MCCARTHY GREGORY B	mccarthygregoryb.com
APEX APPRAISAL SERVICES INC	apexappraisalervices.com
APEX APPRAISAL SERVICES INC	apexappraisalservices.com
APEX APPRAISAL SERVICES INC	apexappraisal.com
PMC APPRAISAL SERVICES	pmcappraisalservices.com
PMC APPRAISAL SERVICES	pmcappraisalervices.com
PMC APPRAISAL SERVICES	pmcappraisal.com
MCCOY DENNIS B	mccoydennisb.com
MCCUTCHEON JOHN C II	mccutcheonjohncii.com
3108 E RIVER RD	3108eriverrd.com
MCENROE LEE A	mcenroeleea.com
MCENTEE DENNIS T	mcenteedennist.com
CHOICE APPRAISER NETWORK	choiceappraisernetwork.com
MCFADDEN REGAN B	mcfaddenreganb.com
APPRAISAL & REAL ESTATE SERVICES LLC	appraisalandrealestate.com
APPRAISAL & REAL ESTATE SERVICES LLC	appraisalandrealestateservices.com
APPRAISAL & REAL ESTATE SERVICES LLC	appraisalsandrealestateservices.com
EVELYN D MCFARLAND APPRAISALS	evelyndmcfarlandappraisal.com
EVELYN D MCFARLAND APPRAISALS	evelyndmcfarlandappraisals.com
MID HUDSON APPRAISALS	midhudsonappraisals.com
MID HUDSON APPRAISALS	midhudsonappraisal.com
JAMES P MCGUIRE DBA MASS APPRAISAL	jamespmcguiredbamassappraisal.com
JAMES P MCGUIRE DBA MASS APPRAISAL	jamespmcguiredbamassappraisals.com
PSM APPRAISALS, LLC	psmappraisal.com
PSM APPRAISALS, LLC	psmappraisals.com
MCHARRIS APPRAISALS INC	mcharrisappraisal.com
MCHARRIS APPRAISALS INC	mcharrisappraisals.com
JOHN J MCHUGH	johnjmchugh.com
MCINNES D JOHN	mcinnesdjohn.com
SPLIT ROCK REAL ESTATE APPRAISALS	splitrockrealestateappraisals.com
SPLIT ROCK REAL ESTATE APPRAISALS	splitrockrealestateappraisal.com
MCKEAN OWENS	mckeanowens.com
MCKEEHAN APPRAISALS INC	mckeehanappraisals.com
MCKEEHAN APPRAISALS INC	mckeehanappraisal.com
LANDMARK APPRAISAL GROUP INC	landmarkappraisalgroup.com
LANDMARK APPRAISAL GROUP INC	landmarkappraisal.com
LANDMARK APPRAISAL GROUP INC	landmarkappraisalsgroup.com
AXIOM APPRAISALS INC	axiomappraisal.com
AXIOM APPRAISALS INC	axiomappraisals.com
MCNEIL MARK E	mcneilmarke.com
TERI MCNULTY	terimcnulty.com
MEAGHER JOAN M	meagherjoanm.com
MEAGHER PATRICIA R	meagherpatriciar.com
MORGAN REAL ESTATE APPRAISAL	morganrealestateappraisals.com
MORGAN REAL ESTATE APPRAISAL	morganrealestateappraisal.com
MEISENHOLDER DAVID P	meisenholderdavidp.com
JOHN THOMAS APPRAISAL CO	johnthomasappraisals.com
JOHN THOMAS APPRAISAL CO	johnthomasappraisal.com
MELNICHUK YAN	melnichukyan.com
MELVILLE DANIEL J	melvilledanielj.com
MENAL NAVARRO MARCELA	menalnavarromarcela.com
JSM APPRAISAL SERVICES	jsmappraisalervices.com
JSM APPRAISAL SERVICES	jsmappraisal.com
JSM APPRAISAL SERVICES	jsmappraisalservices.com
THOMAS MESSINA APPRAISAL COMPANY	thomasmessinaappraisal.com
THOMAS MESSINA APPRAISAL COMPANY	thomasmessinaappraisals.com
RICHARD A MEYER ASSOCIATES INC	richardameyerassociates.com
RICHARD A MEYER ASSOCIATES INC	richardameyer.com
MICELE JOHN J	micelejohnj.com
PINNACLE APPRAISAL GROUP	pinnacleappraisal.com
PINNACLE APPRAISAL GROUP	pinnacleappraisalgroup.com
PINNACLE APPRAISAL GROUP	pinnacleappraisalsgroup.com
MICHAEL SAMANTHA A	michaelsamanthaa.com
MICHAUD JULIE A	michaudjuliea.com
MICOZZI JAMES A	micozzijamesa.com
CIRCLE APPRAISERS LTD	circleappraisers.com
MILANESE JOSEPH	milanesejoseph.com
MILLER CAIRENN D	millercairennd.com
PANDC APPRAISAL	pandcappraisal.com
PANDC APPRAISAL	pandcappraisals.com
RURAL APPRAISALS	ruralappraisal.com
RURAL APPRAISALS	ruralappraisals.com
DYNAMIC APPRAISALS LLC	dynamicappraisals.com
DYNAMIC APPRAISALS LLC	dynamicappraisal.com
W L MILLER APPRAISAL	wlmillerappraisal.com
W L MILLER APPRAISAL	wlmillerappraisals.com
LYNNE E MILLSON	lynneemillson.com
MINOR KEVIN J	minorkevinj.com
LINCOLN APPRAISAL SERVICES	lincolnappraisalervices.com
LINCOLN APPRAISAL SERVICES	lincolnappraisal.com
LINCOLN APPRAISAL SERVICES	lincolnappraisalservices.com
MITCHELL MAXWELL & JACKSON INC	mitchellmaxwellandjackson.com
T MITCHELL APPRAISALS CORP	tmitchellappraisals.com
T MITCHELL APPRAISALS CORP	tmitchellappraisal.com
MATTHEW H MOESSINGER	matthewhmoessinger.com
MOLINARO JAMES J JR	molinarojamesjjr.com
MTM GROUP INC	mtm.com
MTM GROUP INC	mtmgroup.com
SKYLINE APPRAISALS LLC	skylineappraisal.com
SKYLINE APPRAISALS LLC	skylineappraisals.com
MOLONEY BRIAN P	moloneybrianp.com
N J MONASTERO & ASSOCIATES	njmonasteroand.com
N J MONASTERO & ASSOCIATES	njmonasteroandassociates.com
APPRAISAL EXPRESS OF STATEN ISLAND	appraisalsexpressofstatenisland.com
APPRAISAL EXPRESS OF STATEN ISLAND	appraisalexpressofstatenisland.com
CORNERSTONE REAL PROPERTY SERVICES INC	cornerstonerealpropertyservices.com
CORNERSTONE REAL PROPERTY SERVICES INC	cornerstonerealproperty.com
MONETTE JACQUELINE	monettejacqueline.com
JM APPRAISALS	jmappraisals.com
JM APPRAISALS	jmappraisal.com
MOORE JULIE A	moorejuliea.com
CUSHMAN & WAKEFIELD	cushmanandwakefield.com
MORAN PATRICK G	moranpatrickg.com
JP MORGAN CHASE	jpmorganchase.com
ROGERS AND TAYLOR APPRAISERS INC	rogersandtaylorappraisers.com
MORRIS THOMAS	morristhomas.com
MICHAEL G MORRISON	michaelgmorrison.com
MJM REAL ESTATE & APPRAISAL SERVICES	mjmrealestateandappraisalservices.com
MJM REAL ESTATE & APPRAISAL SERVICES	mjmrealestateandappraisalervices.com
MJM REAL ESTATE & APPRAISAL SERVICES	mjmrealestateandappraisal.com
MORRONE GIOSEPHINE	morronegiosephine.com
JANE MOSS APPRAISALS	janemossappraisal.com
JANE MOSS APPRAISALS	janemossappraisals.com
JEM APPRAISALS	jemappraisals.com
JEM APPRAISALS	jemappraisal.com
MOYA RENE	moyarene.com
MUELLER MARIANNE T	muellermariannet.com
MULLAHEY MICHAEL J	mullaheymichaelj.com
HUDSON VIEW APPRAISAL SERVICES LLC	hudsonviewappraisal.com
HUDSON VIEW APPRAISAL SERVICES LLC	hudsonviewappraisalservices.com
HUDSON VIEW APPRAISAL SERVICES LLC	hudsonviewappraisalervices.com
MULVEY MICHAEL G	mulveymichaelg.com
INVESTORS CLUB ADVISORS INC	investorsclubadvisors.com
AUM VALUATION INC	aumvaluation.com
EMPIRE APPRAISAL NETWORK	empireappraisalsnetwork.com
EMPIRE APPRAISAL NETWORK	empireappraisalnetwork.com
MURATORI APPRAISALS	muratoriappraisals.com
MURATORI APPRAISALS	muratoriappraisal.com
MURPHY DAVIN M	murphydavinm.com
MURRAY BRENDAN W	murraybrendanw.com
CREAGH & ASSOCIATES	creaghandassociates.com
CREAGH & ASSOCIATES	creaghand.com
MUSALEM JORGE V	musalemjorgev.com
MUSHEYEV BORIS	musheyevboris.com
MUSHEYEV MARK	musheyevmark.com
MUSHEYEV MIKHAIL	musheyevmikhail.com
MUSHEYEV RODSHEL	musheyevrodshel.com
MUSHEYEV ROMAN M	musheyevromanm.com
MUSS JACOB H	mussjacobh.com
NACE APPRAISAL GROUP LLC	naceappraisalgroup.com
NACE APPRAISAL GROUP LLC	naceappraisalsgroup.com
NACE APPRAISAL GROUP LLC	naceappraisal.com
NAILOR JOSEPH P	nailorjosephp.com
YOUR HOME APPRAISAL CORP	yourhomeappraisals.com
YOUR HOME APPRAISAL CORP	yourhomeappraisal.com
ALL STATE APPRAISALS INC	allstateappraisal.com
ALL STATE APPRAISALS INC	allstateappraisals.com
KEYSTONE APPRAISALS LLC	keystoneappraisal.com
KEYSTONE APPRAISALS LLC	keystoneappraisals.com
NOLE PROPERTIES INC	noleproperties.com
MICHAEL NAZIMEK	michaelnazimek.com
HOLDEN & ASSOCIATES	holdenand.com
HOLDEN & ASSOCIATES	holdenandassociates.com
NELSON CALIN D	nelsoncalind.com
NELSON CHRISTOPHER D	nelsonchristopherd.com
BERTONICA APPRAISAL SERVICES	bertonicaappraisalservices.com
BERTONICA APPRAISAL SERVICES	bertonicaappraisalervices.com
BERTONICA APPRAISAL SERVICES	bertonicaappraisal.com
NENNO APPRAISALS	nennoappraisals.com
NENNO APPRAISALS	nennoappraisal.com
UPSTATE APPRAISAL ASSOCIATES	upstateappraisalassociates.com
UPSTATE APPRAISAL ASSOCIATES	upstateappraisalsassociates.com
UPSTATE APPRAISAL ASSOCIATES	upstateappraisal.com
ACCURATE REAL ESTATE APPRAISALS INC	accuraterealestateappraisals.com
ACCURATE REAL ESTATE APPRAISALS INC	accuraterealestateappraisal.com
EVS APPRAISALS	evsappraisals.com
EVS APPRAISALS	evsappraisal.com
FINGERLAKES APPRAISAL COMPANY	fingerlakesappraisals.com
FINGERLAKES APPRAISAL COMPANY	fingerlakesappraisal.com
P K APPRAISALS INC	pkappraisals.com
P K APPRAISALS INC	pkappraisal.com
NOLETTE JOHN H	nolettejohnh.com
NORMAN HUBBARD & ASSOC INC	normanhubbardandassoc.com
DONALD NOWAK	donaldnowak.com
OCONNELL ANDREW	oconnellandrew.com
APEX APPRAISAL SERVICE	apexappraisal.com
APEX APPRAISAL SERVICE	apexappraisalervice.com
APEX APPRAISAL SERVICE	apexappraisalservice.com
OCONNOR PATRICK E	oconnorpatricke.com
OCONNOR WILLIAM	oconnorwilliam.com
ALAN OFFENBERG REAL ESTATE APPRAISER	alanoffenbergrealestateappraiser.com
OGUREK CARYN M	ogurekcarynm.com
DONS APPRAISALS	donsappraisals.com
DONS APPRAISALS	donsappraisal.com
TRADE WIND APPRAISALS SERVICE	tradewindappraisals.com
TRADE WIND APPRAISALS SERVICE	tradewindappraisalservice.com
TRADE WIND APPRAISALS SERVICE	tradewindappraisalsservice.com
OJETUNDE TEMITOPE	ojetundetemitope.com
CHRIS J OLEJNICZAK	chrisjolejniczak.com
MICHAEL R OLIVENCIA	michaelrolivencia.com
EDWARD O. OLSEN	edwardoolsen.com
OLSON PATRICIA J	olsonpatriciaj.com
ORR APPRAISAL SERVICE	orrappraisal.com
ORR APPRAISAL SERVICE	orrappraisalervice.com
ORR APPRAISAL SERVICE	orrappraisalservice.com
ORTIZ DANIEL J	ortizdanielj.com
ORTIZ ISMAEL	ortizismael.com
JAMES C OTOOLE APPRAISAL CO	jamescotooleappraisal.com
JAMES C OTOOLE APPRAISAL CO	jamescotooleappraisals.com
DONNA KIANKA	donnakianka.com
REALTY APPRAISAL SERVICE	realtyappraisalservice.com
REALTY APPRAISAL SERVICE	realtyappraisalervice.com
REALTY APPRAISAL SERVICE	realtyappraisal.com
PECONIC APPRAISALS INC	peconicappraisal.com
PECONIC APPRAISALS INC	peconicappraisals.com
MARIA C PAE	mariacpae.com
NEW YORK PROPERTY APPRAISALS	newyorkpropertyappraisal.com
NEW YORK PROPERTY APPRAISALS	newyorkpropertyappraisals.com
PAINE ROBERT C	painerobertc.com
PALEO CHRISTOPHER	paleochristopher.com
DPJ VALUATION LLC	dpjvaluation.com
PALMISANO ALICE K	palmisanoalicek.com
MICHAEL S PANTELIDES & ASSOCIATES	michaelspantelidesand.com
MICHAEL S PANTELIDES & ASSOCIATES	michaelspantelidesandassociates.com
BRYAN PARKHURST	bryanparkhurst.com
PARKINSON AND ASSOCIATES INC	parkinsonandassociates.com
PARKINSON AND ASSOCIATES INC	parkinsonand.com
PASACRITA ROBERT J	pasacritarobertj.com
MARIA PASTENA	mariapastena.com
PAVEL ELI	paveleli.com
PAVLAKOS MICHAEL G	pavlakosmichaelg.com
ACCU HOME APPRAISALS INC	accuhomeappraisal.com
ACCU HOME APPRAISALS INC	accuhomeappraisals.com
UR APPRAISER INC	urappraiser.com
APPRAISAL EXPRESS OF STATEN ISLAND INC	appraisalsexpressofstatenisland.com
APPRAISAL EXPRESS OF STATEN ISLAND INC	appraisalexpressofstatenisland.com
PERSAUD SAILENDRA	persaudsailendra.com
PERSKY TANYA_N	perskytanyan.com
BRUCE R PETERSON	brucerpeterson.com
APPRAISAL SERVICES OF WNY RLLP	appraisalervicesofwnyrllp.com
APPRAISAL SERVICES OF WNY RLLP	appraisalservicesofwnyrllp.com
PETRONE ROBERT	petronerobert.com
GREG PETRUS APPRAISALS	gregpetrusappraisal.com
GREG PETRUS APPRAISALS	gregpetrusappraisals.com
CASTLE APPRAISALS INC	castleappraisal.com
CASTLE APPRAISALS INC	castleappraisals.com
MGC APPRAISALS LTD	mgcappraisals.com
MGC APPRAISALS LTD	mgcappraisal.com
NORTHERN APPRAISALS	northernappraisals.com
NORTHERN APPRAISALS	northernappraisal.com
GILBERT A PICINIC	gilbertapicinic.com
PIETROSANTI DANIEL	pietrosantidaniel.com
JOHN A PINDAR	johnapindar.com
BRICK HOUSE APPRAISALS	brickhouseappraisals.com
BRICK HOUSE APPRAISALS	brickhouseappraisal.com
PINKHAM GEORGE R	pinkhamgeorger.com
APPRAISAL RESOURCES LLC	appraisalresources.com
APPRAISAL RESOURCES LLC	appraisalsresources.com
PIRAS JOSEPH S	pirasjosephs.com
PISANI ANTHONY J	pisanianthonyj.com
1ST COLONIAL APPRAISALS	1stcolonialappraisals.com
1ST COLONIAL APPRAISALS	1stcolonialappraisal.com
PODIMATIS STELIOS S	podimatisstelioss.com
POLICARPO MARIA	policarpomaria.com
L POLLET	lpollet.com
POMERANTZ JASON S	pomerantzjasons.com
KATIE D POPOVICH	katiedpopovich.com
POPP APPRAISALS INC	poppappraisal.com
POPP APPRAISALS INC	poppappraisals.com
POST PAMELA T	postpamelat.com
PRADO ELISE M	pradoelisem.com
PORT CITY CONSULTANTS LLC	portcityconsultants.com
PRONTI JENNIFER E	prontijennifere.com
DMP APPRAISAL SERVICES INC	dmpappraisalservices.com
DMP APPRAISAL SERVICES INC	dmpappraisalervices.com
DMP APPRAISAL SERVICES INC	dmpappraisal.com
PUMA JEFFREY P	pumajeffreyp.com
PUNZONE PAULA	punzonepaula.com
PURTELL AND ASSOCIATES	purtellandassociates.com
PURTELL AND ASSOCIATES	purtelland.com
QUIROGA PAUL A	quirogapaula.com
RAMIREZ NELKIN	ramireznelkin.com
ANTHONY P RAMUNDO SRA	anthonypramundosra.com
ADR APPRAISAL SERVICES INC	adrappraisalservices.com
ADR APPRAISAL SERVICES INC	adrappraisalervices.com
ADR APPRAISAL SERVICES INC	adrappraisal.com
RANIERI APPRAISALS	ranieriappraisal.com
RANIERI APPRAISALS	ranieriappraisals.com
RAP IT UP CORP	rapitup.com
TIMUR M RASULOV	timurmrasulov.com
MICHAEL J RATNER	michaeljratner.com
ROBERT I RAULS	robertirauls.com
EMPIRE VALUATION SERVICES	empirevaluation.com
EMPIRE VALUATION SERVICES	empirevaluationservices.com
EXPOSE  VALVE APPRAISALS	exposevalveappraisal.com
EXPOSE  VALVE APPRAISALS	exposevalveappraisals.com
PERFORMANCE APPRAISALS LLC	performanceappraisal.com
PERFORMANCE APPRAISALS LLC	performanceappraisals.com
PATRICK J REAP	patrickjreap.com
RECORD APPRAISALS	recordappraisals.com
RECORD APPRAISALS	recordappraisal.com
REDMOND CAROLYN C	redmondcarolync.com
REDO GLENN J	redoglennj.com
REES DAVID E	reesdavide.com
DAVID REES	davidrees.com
APEX APPRAISAL INC	apexappraisals.com
APEX APPRAISAL INC	apexappraisal.com
A S REID REAL ESTATE APPRAISALS	asreidrealestateappraisal.com
A S REID REAL ESTATE APPRAISALS	asreidrealestateappraisals.com
SPR VALUATION INC	sprvaluation.com
REIN ANTHONY J	reinanthonyj.com
REINHOLD AUDRA E	reinholdaudrae.com
REITZES LINDA K	reitzeslindak.com
FRANK G RIESS APPRAISALS INC	frankgriessappraisal.com
FRANK G RIESS APPRAISALS INC	frankgriessappraisals.com
RESCH REAL ESTATE APPRAISAL SERVICES	reschrealestateappraisalervices.com
RESCH REAL ESTATE APPRAISAL SERVICES	reschrealestateappraisalservices.com
RESCH REAL ESTATE APPRAISAL SERVICES	reschrealestateappraisal.com
JR APPRAISALS LLC	jrappraisal.com
JR APPRAISALS LLC	jrappraisals.com
RICE IRENE A	riceirenea.com
RICHARDS ROGER J	richardsrogerj.com
RICHARDSON LINDA M	richardsonlindam.com
VALERIE M RIDGWAY	valeriemridgway.com
RIEBER APPRAISAL & CONSULTING GROUP INC	rieberappraisalandconsultinggroup.com
RIEBER APPRAISAL & CONSULTING GROUP INC	rieberappraisalsandconsultinggroup.com
RIEBER APPRAISAL & CONSULTING GROUP INC	rieberappraisalandconsulting.com
RILEY-CAPUTO ERIN M	rileycaputoerinm.com
MID HUDSON APPRAISAL SERVICE	midhudsonappraisalervice.com
MID HUDSON APPRAISAL SERVICE	midhudsonappraisal.com
MID HUDSON APPRAISAL SERVICE	midhudsonappraisalservice.com
OPTEON APPRAISAL	opteonappraisals.com
OPTEON APPRAISAL	opteonappraisal.com
REACT VALUATIONS LLC	reactvaluations.com
REALTY WORKS INC	realtyworks.com
OPTEON APPRAISAL INC	opteonappraisals.com
OPTEON APPRAISAL INC	opteonappraisal.com
ANDREA E ROBINSON	andreaerobinson.com
ROBINSON ERIC	robinsoneric.com
ROBLEDO EDWARD A	robledoedwarda.com
FINEST APPRAISALS INC	finestappraisal.com
FINEST APPRAISALS INC	finestappraisals.com
NTL APPRAISAL GROUP INC	ntlappraisal.com
NTL APPRAISAL GROUP INC	ntlappraisalsgroup.com
NTL APPRAISAL GROUP INC	ntlappraisalgroup.com
RODRIGUEZ JULIO R	rodriguezjulior.com
ROEDER'S APPRAISAL SERVICE INC	roedersappraisal.com
ROEDER'S APPRAISAL SERVICE INC	roedersappraisalervice.com
ROEDER'S APPRAISAL SERVICE INC	roedersappraisalservice.com
ROEFARO APPRAISAL & CONSULTING SERVICES	roefaroappraisalandconsulting.com
ROEFARO APPRAISAL & CONSULTING SERVICES	roefaroappraisalandconsultingservices.com
ROEFARO APPRAISAL & CONSULTING SERVICES	roefaroappraisalsandconsultingservices.com
ROGATE STEVEN	rogatesteven.com
ROSCA SIPOT CONSTANTIN D	roscasipotconstantind.com
ROSE JULIE L	rosejuliel.com
INDEPENDENT FEE APPRAISER	independentfeeappraiser.com
DANIEL B ROSS	danielbross.com
ROSS RAY D	rossrayd.com
ROSSER BARBARA L	rosserbarbaral.com
ROSSER CRAIG J	rossercraigj.com
MR APPRAISAL INC	mrappraisal.com
MR APPRAISAL INC	mrappraisals.com
ROTMAN DAVID M	rotmandavidm.com
VALUE ESTATE CONSULTING LLC	valueestateconsulting.com
EDWARD L RUGEN	edwardlrugen.com
WILLIAM J RUMSEY	williamjrumsey.com
WATERSHED APPRAISAL	watershedappraisals.com
WATERSHED APPRAISAL	watershedappraisal.com
RUSSELL APPRAISAL SERVICES	russellappraisalervices.com
RUSSELL APPRAISAL SERVICES	russellappraisalservices.com
RUSSELL APPRAISAL SERVICES	russellappraisal.com
RUSSO ROSALIND	russorosalind.com
RUZOW DAVID A	ruzowdavida.com
CHRISTOPHER RYAN INC	christopherryan.com
RYAN KEVIN M	ryankevinm.com
RYDER APPRAISALS	ryderappraisal.com
RYDER APPRAISALS	ryderappraisals.com
DAVID RYLEY	davidryley.com
RYNNE MURPHY & ASSOCIATES INC	rynnemurphyandassociates.com
RYNNE MURPHY & ASSOCIATES INC	rynnemurphyand.com
SABIN MICHAEL B	sabinmichaelb.com
MERAC APPRAISAL	meracappraisal.com
MERAC APPRAISAL	meracappraisals.com
FIRST QUALITY APPRAISALS INC	firstqualityappraisal.com
FIRST QUALITY APPRAISALS INC	firstqualityappraisals.com
SALERNO CATHERINE	salernocatherine.com
JSA & ASSOCIATES LTD	jsaandassociates.com
JSA & ASSOCIATES LTD	jsaand.com
NASSAU COUNTY DEPT OF ASSESSMENT	nassaucountydeptofassessment.com
HUDSON PROPERTY APPRAISAL	hudsonpropertyappraisal.com
HUDSON PROPERTY APPRAISAL	hudsonpropertyappraisals.com
HUDSON PROPERTY APPRAISAL CO	hudsonpropertyappraisal.com
HUDSON PROPERTY APPRAISAL CO	hudsonpropertyappraisals.com
SANCHEZ NICOLE E	sancheznicolee.com
SARAVO SALVATORE L	saravosalvatorel.com
HOME LAND APPRAISAL INC	homelandappraisal.com
HOME LAND APPRAISAL INC	homelandappraisals.com
A & S REAL ESTATE APPRAISALS	aandsrealestateappraisal.com
A & S REAL ESTATE APPRAISALS	aandsrealestateappraisals.com
PRIORITY APPRAISALS	priorityappraisal.com
PRIORITY APPRAISALS	priorityappraisals.com
APPRAISAL EXPRESS	appraisalsexpress.com
APPRAISAL EXPRESS	appraisalexpress.com
SCALA APPRAISAL SERVICE	scalaappraisal.com
SCALA APPRAISAL SERVICE	scalaappraisalservice.com
SCALA APPRAISAL SERVICE	scalaappraisalervice.com
F S ENTERPRISE	fsenterprise.com
ISLAND PREFERRED INC	islandpreferred.com
SCHERFF-MANNELLI LAURA J	scherffmannellilauraj.com
SCHERIFF THOMAS A	scheriffthomasa.com
SCHIAVONI JOHN G	schiavonijohng.com
SCHIENER DONNA J	schienerdonnaj.com
EAS APPRAISAL SERVICES	easappraisalervices.com
EAS APPRAISAL SERVICES	easappraisalservices.com
EAS APPRAISAL SERVICES	easappraisal.com
GMS APPRAISAL SERVICE	gmsappraisal.com
GMS APPRAISAL SERVICE	gmsappraisalservice.com
GMS APPRAISAL SERVICE	gmsappraisalervice.com
SCHNITTA APPRAISAL CO INC	schnittaappraisal.com
SCHNITTA APPRAISAL CO INC	schnittaappraisals.com
CLASSIC APPRAISALS LLC	classicappraisals.com
CLASSIC APPRAISALS LLC	classicappraisal.com
SCHOLL JAMES T	scholljamest.com
SCHORPEN PAULA	schorpenpaula.com
INDEPENDENTAPPRAISALS NETWORK INC	independentappraisalnetwork.com
INDEPENDENTAPPRAISALS NETWORK INC	independentappraisalsnetwork.com
APPRAISAL PARTNERS & CONSULTANTS	appraisalspartnersandconsultants.com
APPRAISAL PARTNERS & CONSULTANTS	appraisalpartnersandconsultants.com
SCHULTZ BRETT M	schultzbrettm.com
SCHUMACHER SCOTT M	schumacherscottm.com
MICHAEL SCHWAGERL APPRAISALS	michaelschwagerlappraisals.com
MICHAEL SCHWAGERL APPRAISALS	michaelschwagerlappraisal.com
SCHWIBOLD GERHARD	schwiboldgerhard.com
SCHWARTZ EITAN	schwartzeitan.com
EAGLE APPRAISALS INC	eagleappraisals.com
EAGLE APPRAISALS INC	eagleappraisal.com
W SCRAM APPRAISALS	wscramappraisals.com
W SCRAM APPRAISALS	wscramappraisal.com
HUDSON VALLEY APPRAISAL CORPORATION	hudsonvalleyappraisals.com
HUDSON VALLEY APPRAISAL CORPORATION	hudsonvalleyappraisal.com
SCUDERI ELIZABETH J	scuderielizabethj.com
SEENATH MAHABIR RACHAEL T	seenathmahabirrachaelt.com
OAKMONT APPRAISAL CO	oakmontappraisals.com
OAKMONT APPRAISAL CO	oakmontappraisal.com
CHRIS SERGIO APPRAISALS	chrissergioappraisal.com
CHRIS SERGIO APPRAISALS	chrissergioappraisals.com
SETH BIMAL	sethbimal.com
SEVERINO LORRAINE J	severinolorrainej.com
SHAHRAVAN MEHRAN	shahravanmehran.com
SHAMALOV YURY	shamalovyury.com
SHAPIRO ROBERT J	shapirorobertj.com
SHATTUCK APPRAISAL	shattuckappraisals.com
SHATTUCK APPRAISAL	shattuckappraisal.com
SHAW STEVEN J	shawstevenj.com
PREMIER REAL ESTATE SERVICES INC	premierrealestateservices.com
PREMIER REAL ESTATE SERVICES INC	premierrealestate.com
TAMARA SHELEY	tamarasheley.com
VIOLET VALUATIONS LLC	violetvaluations.com
SHERIDAN NATHAN M	sheridannathanm.com
MOUNTAINVIEW APPRAISAL SERVICES	mountainviewappraisalservices.com
MOUNTAINVIEW APPRAISAL SERVICES	mountainviewappraisal.com
MOUNTAINVIEW APPRAISAL SERVICES	mountainviewappraisalervices.com
SHERWIN PAULA R	sherwinpaular.com
VALERIE SHEVELEVA	valeriesheveleva.com
SHIVNARAIN GYANDA L	shivnaraingyandal.com
SHOEMAKER GERALD A JR	shoemakergeraldajr.com
SHOEMAKER APPRAISAL GROUP INC	shoemakerappraisal.com
SHOEMAKER APPRAISAL GROUP INC	shoemakerappraisalsgroup.com
SHOEMAKER APPRAISAL GROUP INC	shoemakerappraisalgroup.com
SHOEMAKER JOYCE M	shoemakerjoycem.com
JACOB C SIBILLA	jacobcsibilla.com
MICHAEL J SICA	michaeljsica.com
CAPITAL APPRAISALS	capitalappraisals.com
CAPITAL APPRAISALS	capitalappraisal.com
SICKO MATTISON P	sickomattisonp.com
PLATINUM  COAST APPRAISALS & CO	platinumcoastappraisalsand.com
PLATINUM  COAST APPRAISALS & CO	platinumcoastappraisaland.com
SIDIROPOULOS GREGORY T	sidiropoulosgregoryt.com
NORTHERN ALLIANCE APPRAISAL SERVICES	northernallianceappraisalservices.com
NORTHERN ALLIANCE APPRAISAL SERVICES	northernallianceappraisalervices.com
NORTHERN ALLIANCE APPRAISAL SERVICES	northernallianceappraisal.com
SIGOURNEY DENISE M	sigourneydenisem.com
SIKORSKI STEPHEN J	sikorskistephenj.com
CLAUDE SIMOS APPRAISALS	claudesimosappraisals.com
CLAUDE SIMOS APPRAISALS	claudesimosappraisal.com
THOUSAND ISLANDS APPRAISALS	thousandislandsappraisals.com
THOUSAND ISLANDS APPRAISALS	thousandislandsappraisal.com
JOSHUA D SIMS	joshuadsims.com
SINCLAIR MARGARET A	sinclairmargareta.com
RELIABLE APPRAISAL SERVICE	reliableappraisalservice.com
RELIABLE APPRAISAL SERVICE	reliableappraisal.com
RELIABLE APPRAISAL SERVICE	reliableappraisalervice.com
JAGDEEP SINGH	jagdeepsingh.com
SIREIKA JANINE M	sireikajaninem.com
ALEX S SIU	alexssiu.com
SIU JEFFREY	siujeffrey.com
METRO AREA CERTIFIED APPRAISALS LLC	metroareacertifiedappraisals.com
METRO AREA CERTIFIED APPRAISALS LLC	metroareacertifiedappraisal.com
SMAJLAJ VLADIMIR V	smajlajvladimirv.com
SMALDON RALPH	smaldonralph.com
SMILON APPRAISALS LLC	smilonappraisal.com
SMILON APPRAISALS LLC	smilonappraisals.com
1ST CHOICE APPRAISAL SERVICE LLC	1stchoiceappraisal.com
1ST CHOICE APPRAISAL SERVICE LLC	1stchoiceappraisalservice.com
1ST CHOICE APPRAISAL SERVICE LLC	1stchoiceappraisalervice.com
SMITH JEFFREY C	smithjeffreyc.com
S R S APPRAISERS	srsappraisers.com
SMITH STEVEN G	smithsteveng.com
VERA SMITH INC	verasmith.com
AMERICAN DREAM REALTY AND APPRAISAL SERVICE LLC	americandreamrealtyandappraisalservice.com
AMERICAN DREAM REALTY AND APPRAISAL SERVICE LLC	americandreamrealtyandappraisal.com
AMERICAN DREAM REALTY AND APPRAISAL SERVICE LLC	americandreamrealtyandappraisalervice.com
SOBOL & ASSOCIATES INC	sobolandassociates.com
SOBOL & ASSOCIATES INC	soboland.com
SOLEIMAN APPRAISALS INCORPORATED	soleimanappraisals.com
SOLEIMAN APPRAISALS INCORPORATED	soleimanappraisal.com
SOLEIMAN TIMOTHY C	soleimantimothyc.com
R A S ASSOCIATES INC	rasassociates.com
R A S ASSOCIATES INC	ras.com
SOMICH & ASSOCIATES INC	somichandassociates.com
SOMICH & ASSOCIATES INC	somichand.com
YOUNG APPRAISALS & CONSULTING	youngappraisalandconsulting.com
YOUNG APPRAISALS & CONSULTING	youngappraisalsandconsulting.com
SOPER MARY M	sopermarym.com
SORKIN ALEXANDER L	sorkinalexanderl.com
VALUESAFE APPRAISAL SERVICES INC	valuesafeappraisalervices.com
VALUESAFE APPRAISAL SERVICES INC	valuesafeappraisalservices.com
VALUESAFE APPRAISAL SERVICES INC	valuesafeappraisal.com
SORKIN VADIM	sorkinvadim.com
NICHOLAS SOULIS	nicholassoulis.com
SOULIS STEPHEN S	soulisstephens.com
SPAGNA CHRISTINE A	spagnachristinea.com
SPAGNOLA BRANDON C	spagnolabrandonc.com
SPAIN PATRICIA	spainpatricia.com
WILLIAM P. SPENCE	williampspence.com
SPERAUSKAS RUTA K	sperauskasrutak.com
TRANS UNION	transunion.com
SPINNER SUSAN C	spinnersusanc.com
CAROL A SPIRIG	carolaspirig.com
ADVANCED VALUATION & CONSULTING CORP	advancedvaluationandconsulting.com
ERNIE SPORTELLO APPRAISAL SERVICES	erniesportelloappraisalervices.com
ERNIE SPORTELLO APPRAISAL SERVICES	erniesportelloappraisalservices.com
ERNIE SPORTELLO APPRAISAL SERVICES	erniesportelloappraisal.com
SPRAGUE APPRAISALS	spragueappraisal.com
SPRAGUE APPRAISALS	spragueappraisals.com
SPREI CHAIM	spreichaim.com
SPRITZER MICHAEL J	spritzermichaelj.com
SLS APPRAISAL SERVICES	slsappraisalservices.com
SLS APPRAISAL SERVICES	slsappraisalervices.com
SLS APPRAISAL SERVICES	slsappraisal.com
CENTRAL NY APPRAISAL SERVICE	centralnyappraisalervice.com
CENTRAL NY APPRAISAL SERVICE	centralnyappraisalservice.com
CENTRAL NY APPRAISAL SERVICE	centralnyappraisal.com
APPRAISALS USA	appraisalusa.com
APPRAISALS USA	appraisalsusa.com
QUALITY REAL ESTATE APPRAISER LLC	qualityrealestateappraiser.com
VALUED REALTY SERVICES LLC	valuedrealty.com
VALUED REALTY SERVICES LLC	valuedrealtyservices.com
REALTY CONSULTANTS OF WNY INC	realtyconsultantsofwny.com
STARR BRIAN D	starrbriand.com
EILEEN STEARNS N	eileenstearnsn.com
STEHLIN KATHLEEN A	stehlinkathleena.com
METRO APPRAISAL ASSOCIATES	metroappraisalsassociates.com
METRO APPRAISAL ASSOCIATES	metroappraisal.com
METRO APPRAISAL ASSOCIATES	metroappraisalassociates.com
STOFER DIANE M	stoferdianem.com
STOFFEL KURT C	stoffelkurtc.com
HOMETOWN APPRAISALS	hometownappraisal.com
HOMETOWN APPRAISALS	hometownappraisals.com
DAVID LONG APPRAISAL COMPANY	davidlongappraisals.com
DAVID LONG APPRAISAL COMPANY	davidlongappraisal.com
EXECUTIVE APPRAISALS OF NY, INC	executiveappraisalsofny.com
EXECUTIVE APPRAISALS OF NY, INC	executiveappraisalofny.com
STORGION JOHN S	storgionjohns.com
ARLENE C STRAIT	arlenecstrait.com
HOMESTAR APPRAISAL	homestarappraisals.com
HOMESTAR APPRAISAL	homestarappraisal.com
STUBLEY APPRAISALS	stubleyappraisals.com
STUBLEY APPRAISALS	stubleyappraisal.com
STUIKIENE ZANA	stuikienezana.com
E R S REAL ESTATE GROUP LLC	ersrealestate.com
E R S REAL ESTATE GROUP LLC	ersrealestategroup.com
WORLD SAVINGS	worldsavings.com
SUKIENNIK JAMES R	sukiennikjamesr.com
SULLIVAN MATTHEW E	sullivanmatthewe.com
SUNDERHAFT REAL ESTATE APPRAISALS	sunderhaftrealestateappraisals.com
SUNDERHAFT REAL ESTATE APPRAISALS	sunderhaftrealestateappraisal.com
SUZEL & ASSOCIATES	suzelandassociates.com
SUZEL & ASSOCIATES	suzeland.com
SWANSON CHERYL L	swansoncheryll.com
SWEENEY DEANNA M	sweeneydeannam.com
SWEETMAN BONNIE B	sweetmanbonnieb.com
TABB ANNE MARIE	tabbannemarie.com
TAFT APPRAISAL SERVICE	taftappraisalervice.com
TAFT APPRAISAL SERVICE	taftappraisalservice.com
TAFT APPRAISAL SERVICE	taftappraisal.com
TAKAMI KATHLEEN M	takamikathleenm.com
TAMULINAS ANTHONY J	tamulinasanthonyj.com
ACTIVE APPRAISALS	activeappraisal.com
ACTIVE APPRAISALS	activeappraisals.com
LNT REAL ESTATE SERVICES INC	lntrealestateservices.com
LNT REAL ESTATE SERVICES INC	lntrealestate.com
TARUS MICHAEL	tarusmichael.com
ALEXANDER C TASSINARI	alexanderctassinari.com
TAYLOR ELAINE M	taylorelainem.com
RAPID APPRAISAL AND ASSOCIATES	rapidappraisalandassociates.com
RAPID APPRAISAL AND ASSOCIATES	rapidappraisalsandassociates.com
RAPID APPRAISAL AND ASSOCIATES	rapidappraisaland.com
TAYLOR TRUSSIE W	taylortrussiew.com
48 HOUR TURN AROUND.COM	48hourturnaroundcom.com
ORIGINATORS RESOURCE GROUP	originatorsresource.com
ORIGINATORS RESOURCE GROUP	originatorsresourcegroup.com
TELESCO LEZA	telescoleza.com
TEPPER MARLENE A	teppermarlenea.com
THEODOTOU GEORGE	theodotougeorge.com
VINCENT G THOMAS	vincentgthomas.com
JT APPRAISALS	jtappraisals.com
JT APPRAISALS	jtappraisal.com
PATRICK V THOMPSON	patrickvthompson.com
THOMSON AMELIA L	thomsonamelial.com
THOMSON DEBORAH A	thomsondeboraha.com
THORNTON KEITH W	thorntonkeithw.com
TIBERIO MARCO	tiberiomarco.com
TIMARI STANLEY J	timaristanleyj.com
TRICOAST APPRAISAL, LLC	tricoastappraisals.com
TRICOAST APPRAISAL, LLC	tricoastappraisal.com
RALPH R TISA	ralphrtisa.com
TISO APPRAISAL SERVICE	tisoappraisalservice.com
TISO APPRAISAL SERVICE	tisoappraisalervice.com
TISO APPRAISAL SERVICE	tisoappraisal.com
F T APPRAISALS	ftappraisal.com
F T APPRAISALS	ftappraisals.com
ACTION APPRAISALS INC	actionappraisals.com
ACTION APPRAISALS INC	actionappraisal.com
TOCCO PETER M	toccopeterm.com
MT APPPRAISALS	mtapppraisals.com
TOOLE APPRAISALS	tooleappraisal.com
TOOLE APPRAISALS	tooleappraisals.com
TORELLO MICHELLE	torellomichelle.com
APPRAISAL ASSOCIATES OF NEW YORK	appraisalsassociatesofnewyork.com
APPRAISAL ASSOCIATES OF NEW YORK	appraisalassociatesofnewyork.com
TORTORELLA APPRAISALS	tortorellaappraisal.com
TORTORELLA APPRAISALS	tortorellaappraisals.com
A T E SERVICES	ate.com
A T E SERVICES	ateservices.com
TRACY BRENT J	tracybrentj.com
ACS APPRAISAL CENTER SERVICES	acsappraisalscenterservices.com
ACS APPRAISAL CENTER SERVICES	acsappraisalcenter.com
ACS APPRAISAL CENTER SERVICES	acsappraisalcenterservices.com
TRAVERS DONNA	traversdonna.com
SHARON TREANOR APPRAISALS	sharontreanorappraisal.com
SHARON TREANOR APPRAISALS	sharontreanorappraisals.com
B T APPRAISALS LLC	btappraisals.com
B T APPRAISALS LLC	btappraisal.com
MARK TROTTO	marktrotto.com
TROY REALTY & APPRAISAL	troyrealtyandappraisals.com
TROY REALTY & APPRAISAL	troyrealtyandappraisal.com
LONG ISLAND REAL ESTATE APPRAISAL SERVICES	longislandrealestateappraisalervices.com
LONG ISLAND REAL ESTATE APPRAISAL SERVICES	longislandrealestateappraisalservices.com
LONG ISLAND REAL ESTATE APPRAISAL SERVICES	longislandrealestateappraisal.com
VCT APPRAISALS LTD	vctappraisal.com
VCT APPRAISALS LTD	vctappraisals.com
TSANG ALBERT	tsangalbert.com
LIRA	lira.com
TUCKER STEVEN B	tuckerstevenb.com
TUFANO & ASSOCIATES INC	tufanoand.com
TUFANO & ASSOCIATES INC	tufanoandassociates.com
TWA APPRAISALS	twaappraisal.com
TWA APPRAISALS	twaappraisals.com
APPRAISAL STATE LLC	appraisalstate.com
APPRAISAL STATE LLC	appraisaltate.com
ORION APPRAISALS & MANAGEMENT SERVICES	orionappraisalsandmanagement.com
ORION APPRAISALS & MANAGEMENT SERVICES	orionappraisalsandmanagementservices.com
ORION APPRAISALS & MANAGEMENT SERVICES	orionappraisalandmanagementservices.com
ORION APPRAISALS AND MGMT SERVICES	orionappraisalandmgmtservices.com
ORION APPRAISALS AND MGMT SERVICES	orionappraisalsandmgmtservices.com
ORION APPRAISALS AND MGMT SERVICES	orionappraisalsandmgmt.com
VACANTI SAMUEL V	vacantisamuelv.com
REAL ESTATE APPRAISAL PROFESSIONALS	realestateappraisalprofessionals.com
REAL ESTATE APPRAISAL PROFESSIONALS	realestateappraisalsprofessionals.com
ANTHONY VALENTINI	anthonyvalentini.com
VALERO ASSOCIATES	valero.com
VALERO ASSOCIATES	valeroassociates.com
DIANE F VAN ARSDALE MILLER	dianefvanarsdalemiller.com
VANALI ASSOCIATES INC	vanaliassociates.com
VANALI ASSOCIATES INC	vanali.com
VANDERHORST APPRAISAL SERVICES LLC	vanderhorstappraisalervices.com
VANDERHORST APPRAISAL SERVICES LLC	vanderhorstappraisalservices.com
VANDERHORST APPRAISAL SERVICES LLC	vanderhorstappraisal.com
VALUATION RISK SOLUTIONS LLC	valuationrisksolutions.com
VANDETTE APPRAISAL LLC	vandetteappraisal.com
VANDETTE APPRAISAL LLC	vandetteappraisals.com
H ERIC VANLEER APPRAISALS	hericvanleerappraisal.com
H ERIC VANLEER APPRAISALS	hericvanleerappraisals.com
LVD APPRAISAL GROUP INC	lvdappraisalgroup.com
LVD APPRAISAL GROUP INC	lvdappraisal.com
LVD APPRAISAL GROUP INC	lvdappraisalsgroup.com
VAYNSHTEIN EDWARD	vaynshteinedward.com
MELISSA VERBANAC	melissaverbanac.com
CAROL VERGARA   ASSOCIATES LLC	carolvergaraassociates.com
CAROL VERGARA   ASSOCIATES LLC	carolvergara.com
NICHOLAS E. VESCIO, JR.	nicholasevesciojr.com
ALTIN VESELI	altinveseli.com
LAURA VILLAMIZAR	lauravillamizar.com
STELLAR VALUATIONS CORP	stellarvaluations.com
SKYLINE APPRAISAL SERVICES LTD	skylineappraisal.com
SKYLINE APPRAISAL SERVICES LTD	skylineappraisalservices.com
SKYLINE APPRAISAL SERVICES LTD	skylineappraisalervices.com
VISCUSI JOHN	viscusijohn.com
BANKERS CHOICE APPRAISALS	bankerschoiceappraisals.com
BANKERS CHOICE APPRAISALS	bankerschoiceappraisal.com
BANKERS CHOICE APPRAISALS LLC	bankerschoiceappraisals.com
BANKERS CHOICE APPRAISALS LLC	bankerschoiceappraisal.com
FISHER VOGT APPRAISALS	fishervogtappraisal.com
FISHER VOGT APPRAISALS	fishervogtappraisals.com
VOGT MICHAEL F	vogtmichaelf.com
VON AHNEN WILLIAM H	vonahnenwilliamh.com
VOYACK APPRAISALS	voyackappraisals.com
VOYACK APPRAISALS	voyackappraisal.com
SUPREME APPRAISAL SERVICES	supremeappraisal.com
SUPREME APPRAISAL SERVICES	supremeappraisalervices.com
SUPREME APPRAISAL SERVICES	supremeappraisalservices.com
WALKER AARON C	walkeraaronc.com
WALLING ERIC R	wallingericr.com
WALSH CYNTHIA	walshcynthia.com
WALSH JAMES P JR	walshjamespjr.com
WALSH KELLY A	walshkellya.com
LOGAN M WALSH	loganmwalsh.com
PRECISE REALTY APPRAISALS CORP	preciserealtyappraisal.com
PRECISE REALTY APPRAISALS CORP	preciserealtyappraisals.com
WALSH VALUATIONS INC	walshvaluations.com
WALTENBAUGH WILLIAM C	waltenbaughwilliamc.com
J & J APPRAISALS LLC	jandjappraisal.com
J & J APPRAISALS LLC	jandjappraisals.com
WARD CHRISTOPHER E	wardchristophere.com
NEW YORK APPRAISERS.COM	newyorkappraiserscom.com
APPRAISER	appraiser.com
WEED PAMELA L	weedpamelal.com
R WEIR REALTY CORP	rweirrealty.com
NATHAN WEISS APPRAISALS	nathanweissappraisals.com
NATHAN WEISS APPRAISALS	nathanweissappraisal.com
WEISS SHIMON S	weissshimons.com
YW VALUATION SERVICES INC	ywvaluationservices.com
YW VALUATION SERVICES INC	ywvaluation.com
WELCH KIMBERLY	welchkimberly.com
APPRAISAL RESOURCES	appraisalresources.com
APPRAISAL RESOURCES	appraisalsresources.com
WHEELER WARREN J	wheelerwarrenj.com
BRADFORD G WHIPPLE	bradfordgwhipple.com
TAMBURELLO APPRAISAL SERVICES, INC	tamburelloappraisalservices.com
TAMBURELLO APPRAISAL SERVICES, INC	tamburelloappraisal.com
TAMBURELLO APPRAISAL SERVICES, INC	tamburelloappraisalervices.com
GABRIELLE WHITE	gabriellewhite.com
THE WHITAKER APPRAISAL GROUP INC	thewhitakerappraisalsgroup.com
THE WHITAKER APPRAISAL GROUP INC	thewhitakerappraisal.com
THE WHITAKER APPRAISAL GROUP INC	thewhitakerappraisalgroup.com
WIDMER APPRAISAL SERVICES LLC	widmerappraisal.com
WIDMER APPRAISAL SERVICES LLC	widmerappraisalservices.com
WIDMER APPRAISAL SERVICES LLC	widmerappraisalervices.com
WIEDER ABRAHAM	wiederabraham.com
CERTIFIED APPRAISAL SERVICE	certifiedappraisal.com
CERTIFIED APPRAISAL SERVICE	certifiedappraisalervice.com
CERTIFIED APPRAISAL SERVICE	certifiedappraisalservice.com
JOEL WIESENFELD	joelwiesenfeld.com
COMPASS APPRAISALS	compassappraisals.com
COMPASS APPRAISALS	compassappraisal.com
REALTY VALUATION SERVICES INC	realtyvaluationservices.com
REALTY VALUATION SERVICES INC	realtyvaluation.com
APPRAISAL PROS LLC	appraisalspros.com
APPRAISAL PROS LLC	appraisalpros.com
RICHMOND COUNTY APPRAISAL SERVICE INC	richmondcountyappraisalervice.com
RICHMOND COUNTY APPRAISAL SERVICE INC	richmondcountyappraisal.com
RICHMOND COUNTY APPRAISAL SERVICE INC	richmondcountyappraisalservice.com
WILSON MEGAN F	wilsonmeganf.com
WINCHESTER APPRAISAL SERVICES INC	winchesterappraisalervices.com
WINCHESTER APPRAISAL SERVICES INC	winchesterappraisal.com
WINCHESTER APPRAISAL SERVICES INC	winchesterappraisalservices.com
VALUPRO APPRAISAL SERVICES	valuproappraisalervices.com
VALUPRO APPRAISAL SERVICES	valuproappraisalservices.com
VALUPRO APPRAISAL SERVICES	valuproappraisal.com
WOERZ JEFFREY J	woerzjeffreyj.com
AXIS APPRAISAL MANAGEMENT	axisappraisalsmanagement.com
AXIS APPRAISAL MANAGEMENT	axisappraisalmanagement.com
WOLFSON CLAUDIA R	wolfsonclaudiar.com
WOLHENDLER ELIYAHU	wolhendlereliyahu.com
KINGS APPRAISAL	kingsappraisal.com
KINGS APPRAISAL	kingsappraisals.com
WONG RICHARD	wongrichard.com
WONICA REALTORS & APPRAISERS	wonicarealtorsandappraisers.com
WONICA REALTORS & APPRAISERS INC	wonicarealtorsandappraisers.com
VW APPRAISALS INC	vwappraisal.com
VW APPRAISALS INC	vwappraisals.com
CAROL WOOD APPRAISALS LLC	carolwoodappraisals.com
CAROL WOOD APPRAISALS LLC	carolwoodappraisal.com
WILLIAM WOOD	williamwood.com
WOODRUFF MICHAEL J	woodruffmichaelj.com
PREMIER APPRAISALS OF CNY	premierappraisalsofcny.com
PREMIER APPRAISALS OF CNY	premierappraisalofcny.com
MG APPRAISALS INC	mgappraisals.com
MG APPRAISALS INC	mgappraisal.com
COMPLETELY HOME LLC	completelyhome.com
WRIGHT DONALD C	wrightdonaldc.com
WRIGHT APPRAISAL	wrightappraisals.com
WRIGHT APPRAISAL	wrightappraisal.com
WU ERIC	wueric.com
WUCEN WILLIAM	wucenwilliam.com
THE LANDMARK APPRAISAL GROUP	thelandmarkappraisalsgroup.com
THE LANDMARK APPRAISAL GROUP	thelandmarkappraisalgroup.com
THE LANDMARK APPRAISAL GROUP	thelandmarkappraisal.com
XIROUHAKIS IOANNIS	xirouhakisioannis.com
DARIA YAKOVLEVA GOODMAN	dariayakovlevagoodman.com
YANNOTTI SHIRLEY	yannottishirley.com
YEAGER SCOTT P	yeagerscottp.com
YUNATANOV EDWARD	yunatanovedward.com
ZABA CHARLES J	zabacharlesj.com
RYE PORT REAL ESTATE INC	ryeportrealestate.com
AMAZING REALTY SERVICES INC	amazingrealty.com
AMAZING REALTY SERVICES INC	amazingrealtyservices.com
ZAMORA ALAN D	zamoraaland.com
ANTHONY V ZANELLO	anthonyvzanello.com
ZAWADZKI APPRAISALS LLC	zawadzkiappraisal.com
ZAWADZKI APPRAISALS LLC	zawadzkiappraisals.com
DANIEL J ZECH	danieljzech.com
FHN REALTY & APPRAISAL	fhnrealtyandappraisals.com
FHN REALTY & APPRAISAL	fhnrealtyandappraisal.com
KLW APPRAISAL GROUP	klwappraisalsgroup.com
KLW APPRAISAL GROUP	klwappraisalgroup.com
KLW APPRAISAL GROUP	klwappraisal.com
ZMACZYNSKI NILS T	zmaczynskinilst.com
CHARLES A ZOBEL APPRAISALS	charlesazobelappraisal.com
CHARLES A ZOBEL APPRAISALS	charlesazobelappraisals.com
ZUBIN HOME VALUATION SERVICES INC	zubinhomevaluation.com
ZUBIN HOME VALUATION SERVICES INC	zubinhomevaluationservices.com
PAMELA A ZUCHOWSKI	pamelaazuchowski.com
PRESTIGE APPRAISALS	prestigeappraisals.com
PRESTIGE APPRAISALS	prestigeappraisal.com
Brent Allen Appraisal Company	brentallenappraisals.com
Brent Allen Appraisal Company	brentallenappraisal.com
One Mission Appraisal, LLC	onemissionappraisals.com
One Mission Appraisal, LLC	onemissionappraisal.com
TCB Appraisals	tcbappraisals.com
TCB Appraisals	tcbappraisal.com
U.S. Appraisal Svc	usappraisalvc.com
U.S. Appraisal Svc	usappraisalsvc.com
Brantley Appraisal, LLC	brantleyappraisal.com
Brantley Appraisal, LLC	brantleyappraisals.com
INTEGRITY APPRAISALS CENTRAL FL, LLC dba Integrity Appraisals of Georgia	integrityappraisalcentralfldbaintegrityappraisalofgeorgia.com
CKC Enterprises, Inc.	ckcenterprises.com
Carrisma Real Estate Services	carrismarealestateservices.com
Carrisma Real Estate Services	carrismarealestate.com
Walnut Creek Appraisals	walnutcreekappraisals.com
Walnut Creek Appraisals	walnutcreekappraisal.com
Cotrill and Assoc	cotrillandassoc.com
Painter's Appraisals, L.L.C.	paintersappraisals.com
Painter's Appraisals, L.L.C.	paintersappraisal.com
Painter's Appraisals	paintersappraisals.com
Painter's Appraisals	paintersappraisal.com
23 X Appraisal Partners, LLC	23xappraisalspartners.com
23 X Appraisal Partners, LLC	23xappraisalpartners.com
Osage Appraisal, LLC	osageappraisal.com
Osage Appraisal, LLC	osageappraisals.com
Eagle Appraisals, Inc	eagleappraisals.com
Eagle Appraisals, Inc	eagleappraisal.com
Easley Appraisals	easleyappraisals.com
Easley Appraisals	easleyappraisal.com
Property Evaluation, Inc.	propertyevaluation.com
Platinum Appraisals, LLC	platinumappraisals.com
Platinum Appraisals, LLC	platinumappraisal.com
Sky Star Resources, LLC	skystarresources.com
Coast to Coast	coasttocoast.com
CKC Enterprises Inc.	ckcenterprises.com
H3 Appraisals	h3appraisal.com
H3 Appraisals	h3appraisals.com
Inger Appraisals, LLC	ingerappraisals.com
Inger Appraisals, LLC	ingerappraisal.com
MountainSeed Appraisal Management, LLC	mountainseedappraisalmanagement.com
MountainSeed Appraisal Management, LLC	mountainseedappraisalsmanagement.com
Bailey Appraisal Company	baileyappraisals.com
Bailey Appraisal Company	baileyappraisal.com
Andrea Rose Johnson, Appraisal	andrearosejohnsonappraisals.com
Andrea Rose Johnson, Appraisal	andrearosejohnsonappraisal.com
Darcel Cash Johnson, Appraiser	darcelcashjohnsonappraiser.com
Bank of America / Remote	bankofamericaremote.com
Real Advice	realadvice.com
Themis Appraisals	themisappraisals.com
Themis Appraisals	themisappraisal.com
AK Consulting	akconsulting.com
Ragan Land Appraisal Services, LLC	raganlandappraisalservices.com
Ragan Land Appraisal Services, LLC	raganlandappraisalervices.com
Ragan Land Appraisal Services, LLC	raganlandappraisal.com
Locke Appraisals, Inc.	lockeappraisal.com
Locke Appraisals, Inc.	lockeappraisals.com
Manchester Appraisal	manchesterappraisals.com
Manchester Appraisal	manchesterappraisal.com
Seth Martin Appraisals	sethmartinappraisal.com
Seth Martin Appraisals	sethmartinappraisals.com
McBride Appraisals, LLC	mcbrideappraisal.com
McBride Appraisals, LLC	mcbrideappraisals.com
CKC Enterprises	ckcenterprises.com
McGuire Appraisals, LLC	mcguireappraisals.com
McGuire Appraisals, LLC	mcguireappraisal.com
McMellon Realty &amp; Appraisal Company Inc.	mcmellonrealtyandampappraisal.com
McMellon Realty &amp; Appraisal Company Inc.	mcmellonrealtyandampappraisals.com
Blue Oak Management LLC	blueoakmanagement.com
Melinda Moxley	melindamoxley.com
Smithson Appraisal	smithsonappraisals.com
Smithson Appraisal	smithsonappraisal.com
Peak Appraisal Service LLC	peakappraisalervice.com
Peak Appraisal Service LLC	peakappraisalservice.com
Peak Appraisal Service LLC	peakappraisal.com
RESAPPCO, Inc.	resappco.com
Independence Appraisal Management, LLC	independenceappraisalsmanagement.com
Independence Appraisal Management, LLC	independenceappraisalmanagement.com
Grace & Sons Appraisal Service	graceandsonsappraisalervice.com
Grace & Sons Appraisal Service	graceandsonsappraisalservice.com
Grace & Sons Appraisal Service	graceandsonsappraisal.com
MQ Appraisal Services, LLC	mqappraisal.com
MQ Appraisal Services, LLC	mqappraisalservices.com
MQ Appraisal Services, LLC	mqappraisalervices.com
Next Day Appraisal LLC	nextdayappraisals.com
Next Day Appraisal LLC	nextdayappraisal.com
Ann's Appraisal Service	annsappraisalservice.com
Ann's Appraisal Service	annsappraisalervice.com
Ann's Appraisal Service	annsappraisal.com
TR Valuations	trvaluations.com
Blue Line Appraisals LLC	bluelineappraisal.com
Blue Line Appraisals LLC	bluelineappraisals.com
Rhynes Appraisals, LLC	rhynesappraisals.com
Rhynes Appraisals, LLC	rhynesappraisal.com
Kelly Ritchie Appraisal Services LLC	kellyritchieappraisalervices.com
Kelly Ritchie Appraisal Services LLC	kellyritchieappraisalservices.com
Kelly Ritchie Appraisal Services LLC	kellyritchieappraisal.com
Rosedale Appraisal Services	rosedaleappraisalervices.com
Rosedale Appraisal Services	rosedaleappraisal.com
Rosedale Appraisal Services	rosedaleappraisalservices.com
Advanced Appraisal Group	advancedappraisal.com
Advanced Appraisal Group	advancedappraisalsgroup.com
Advanced Appraisal Group	advancedappraisalgroup.com
Smith Appraisal	smithappraisals.com
Smith Appraisal	smithappraisal.com
Vaughn Valuation	vaughnvaluation.com
The Real Estate Group	therealestategroup.com
The Real Estate Group	therealestate.com
Tollett Appraisal Group LLC	tollettappraisalgroup.com
Tollett Appraisal Group LLC	tollettappraisal.com
Tollett Appraisal Group LLC	tollettappraisalsgroup.com
Blue Door Realty, LLC dba Blue Door Valuations	bluedoorrealtydbabluedoorvaluations.com
T Squared Appraisals, LLC	tsquaredappraisal.com
T Squared Appraisals, LLC	tsquaredappraisals.com
Tye Appraisals	tyeappraisals.com
Tye Appraisals	tyeappraisal.com
Ken Colley & Associates, Inc	kencolleyand.com
Ken Colley & Associates, Inc	kencolleyandassociates.com
Verity Appraisals	verityappraisal.com
Verity Appraisals	verityappraisals.com
ACT Appraisal Services Inc.	actappraisal.com
ACT Appraisal Services Inc.	actappraisalervices.com
ACT Appraisal Services Inc.	actappraisalservices.com
JW Appraisal Service	jwappraisalervice.com
JW Appraisal Service	jwappraisalservice.com
JW Appraisal Service	jwappraisal.com
Whitehead Property Appraisals	whiteheadpropertyappraisal.com
Whitehead Property Appraisals	whiteheadpropertyappraisals.com
Wilson Appraisal Group LLC	wilsonappraisalsgroup.com
Wilson Appraisal Group LLC	wilsonappraisal.com
Wilson Appraisal Group LLC	wilsonappraisalgroup.com
A QUALITY APPRAISAL	aqualityappraisal.com
A QUALITY APPRAISAL	aqualityappraisals.com
BASE CAMP APPRAISALS	basecampappraisal.com
BASE CAMP APPRAISALS	basecampappraisals.com
ACUFF APPRAISAL, INC	acuffappraisals.com
ACUFF APPRAISAL, INC	acuffappraisal.com
ASSOCIATED INDEPENDENT APPRAISERS	associatedindependentappraisers.com
ASSOCIATED INDEPENDENT APPRAISERS, INC.	associatedindependentappraisers.com
ACTIVE APPRAISAL GROUP LLC	activeappraisalsgroup.com
ACTIVE APPRAISAL GROUP LLC	activeappraisal.com
ACTIVE APPRAISAL GROUP LLC	activeappraisalgroup.com
ADRIAN REAL ESTATE APPRAISAL LLC	adrianrealestateappraisals.com
ADRIAN REAL ESTATE APPRAISAL LLC	adrianrealestateappraisal.com
AIRD & ASSOCIATES, INC.	airdand.com
AIRD & ASSOCIATES, INC.	airdandassociates.com
PRIORITY APPRAISING INC	priorityappraising.com
GOSCHIE, MCCARTHY & ASSOCIATES	goschiemccarthyandassociates.com
GOSCHIE, MCCARTHY & ASSOCIATES	goschiemccarthyand.com
JOHN ALVE, REAL ESTATE APPRAISALS	johnalverealestateappraisal.com
JOHN ALVE, REAL ESTATE APPRAISALS	johnalverealestateappraisals.com
PRECISION APPRAISAL SERVICES	precisionappraisalervices.com
PRECISION APPRAISAL SERVICES	precisionappraisalservices.com
PRECISION APPRAISAL SERVICES	precisionappraisal.com
MAHON AND RUTLEDGE APPRAISAL GROUP	mahonandrutledgeappraisalsgroup.com
MAHON AND RUTLEDGE APPRAISAL GROUP	mahonandrutledgeappraisal.com
MAHON AND RUTLEDGE APPRAISAL GROUP	mahonandrutledgeappraisalgroup.com
EVERGREEN APPRAISALS LLC	evergreenappraisals.com
EVERGREEN APPRAISALS LLC	evergreenappraisal.com
BRIDGE CITY APPRAISAL, PC	bridgecityappraisals.com
BRIDGE CITY APPRAISAL, PC	bridgecityappraisal.com
BRIDGETOWN APPRAISAL INC	bridgetownappraisal.com
BRIDGETOWN APPRAISAL INC	bridgetownappraisals.com
BAILEY APPRAISAL SERVICES, LLC	baileyappraisalservices.com
BAILEY APPRAISAL SERVICES, LLC	baileyappraisal.com
BAILEY APPRAISAL SERVICES, LLC	baileyappraisalervices.com
RIVERSIDE APPRAISALS NW LLC	riversideappraisalnw.com
RIVERSIDE APPRAISALS NW LLC	riversideappraisalsnw.com
CENTRAL OREGON APPRAISERS, LLC	centraloregonappraisers.com
RIVERHAWK APPRAISAL, LLC	riverhawkappraisal.com
RIVERHAWK APPRAISAL, LLC	riverhawkappraisals.com
ELITE APPRAISALS, LLC	eliteappraisals.com
ELITE APPRAISALS, LLC	eliteappraisal.com
APPRAISAL MANAGEMENT GROUP, P.C.	appraisalmanagement.com
APPRAISAL MANAGEMENT GROUP, P.C.	appraisalmanagementgroup.com
APPRAISAL MANAGEMENT GROUP, P.C.	appraisalsmanagementgroup.com
SOAR APPRAISAL	soarappraisals.com
SOAR APPRAISAL	soarappraisal.com
BEAUDOIN APPRAISAL SERVICES	beaudoinappraisal.com
BEAUDOIN APPRAISAL SERVICES	beaudoinappraisalervices.com
BEAUDOIN APPRAISAL SERVICES	beaudoinappraisalservices.com
CROWN APPRAISAL LLC	crownappraisal.com
CROWN APPRAISAL LLC	crownappraisals.com
BECKER APPRAISAL SERVICE, INC.	beckerappraisalervice.com
BECKER APPRAISAL SERVICE, INC.	beckerappraisalservice.com
BECKER APPRAISAL SERVICE, INC.	beckerappraisal.com
PHIL G. BELL & ASSOCIATES	philgbelland.com
PHIL G. BELL & ASSOCIATES	philgbellandassociates.com
YANO APPRAISAL INC.	yanoappraisals.com
YANO APPRAISAL INC.	yanoappraisal.com
KURT BENDER REAL ESTATE APPRAISALS	kurtbenderrealestateappraisal.com
KURT BENDER REAL ESTATE APPRAISALS	kurtbenderrealestateappraisals.com
JBM APPRAISAL SERVICES	jbmappraisalservices.com
JBM APPRAISAL SERVICES	jbmappraisal.com
JBM APPRAISAL SERVICES	jbmappraisalervices.com
CALIBRATED APPRAISAL	calibratedappraisals.com
CALIBRATED APPRAISAL	calibratedappraisal.com
BIAGI APPRAISAL SERVICES, LLC	biagiappraisalervices.com
BIAGI APPRAISAL SERVICES, LLC	biagiappraisal.com
BIAGI APPRAISAL SERVICES, LLC	biagiappraisalservices.com
BJORNSEN APPRAISAL SERVICES	bjornsenappraisalervices.com
BJORNSEN APPRAISAL SERVICES	bjornsenappraisalservices.com
BJORNSEN APPRAISAL SERVICES	bjornsenappraisal.com
OREGON APPRAISAL SERVICES, LLC	oregonappraisal.com
OREGON APPRAISAL SERVICES, LLC	oregonappraisalservices.com
OREGON APPRAISAL SERVICES, LLC	oregonappraisalervices.com
TRUSTED VALUATION SOLUTIONS, INC.	trustedvaluationsolutions.com
CORNERSTONE APPRAISAL GROUP, LLC	cornerstoneappraisalgroup.com
CORNERSTONE APPRAISAL GROUP, LLC	cornerstoneappraisal.com
CORNERSTONE APPRAISAL GROUP, LLC	cornerstoneappraisalsgroup.com
CROWN APPRAISAL SERVICES	crownappraisal.com
CROWN APPRAISAL SERVICES	crownappraisalservices.com
CROWN APPRAISAL SERVICES	crownappraisalervices.com
BOLHUIS APPRAISAL GROUP LLC	bolhuisappraisalsgroup.com
BOLHUIS APPRAISAL GROUP LLC	bolhuisappraisal.com
BOLHUIS APPRAISAL GROUP LLC	bolhuisappraisalgroup.com
BOMOTTI APPRAISALS, INC.	bomottiappraisals.com
BOMOTTI APPRAISALS, INC.	bomottiappraisal.com
MARKETLINE APPRAISAL	marketlineappraisal.com
MARKETLINE APPRAISAL	marketlineappraisals.com
RELIANT APPRIASALS LLC	reliantappriasals.com
ACCELERATED APPRAISAL SERVICE	acceleratedappraisalservice.com
ACCELERATED APPRAISAL SERVICE	acceleratedappraisal.com
ACCELERATED APPRAISAL SERVICE	acceleratedappraisalervice.com
MATERIA PROPERTIES LLC	materiaproperties.com
REGO APPRAISAL SERVICES	regoappraisalervices.com
REGO APPRAISAL SERVICES	regoappraisalservices.com
REGO APPRAISAL SERVICES	regoappraisal.com
BRINK APPRAISAL SERVICES, INC.	brinkappraisalervices.com
BRINK APPRAISAL SERVICES, INC.	brinkappraisal.com
BRINK APPRAISAL SERVICES, INC.	brinkappraisalservices.com
BROOKS APPRAISAL SERVICES	brooksappraisalservices.com
BROOKS APPRAISAL SERVICES	brooksappraisal.com
BROOKS APPRAISAL SERVICES	brooksappraisalervices.com
J&J RESIDENTIAL	jandjresidential.com
GREATER METRO APPRAISAL SERVICE	greatermetroappraisalservice.com
GREATER METRO APPRAISAL SERVICE	greatermetroappraisal.com
GREATER METRO APPRAISAL SERVICE	greatermetroappraisalervice.com
ROSE CITY APPRAISAL SERVICES	rosecityappraisal.com
ROSE CITY APPRAISAL SERVICES	rosecityappraisalservices.com
ROSE CITY APPRAISAL SERVICES	rosecityappraisalervices.com
JOHN BRYANT APPRAISAL SERVICES	johnbryantappraisalervices.com
JOHN BRYANT APPRAISAL SERVICES	johnbryantappraisal.com
JOHN BRYANT APPRAISAL SERVICES	johnbryantappraisalservices.com
E.B. APPRAISAL	ebappraisal.com
E.B. APPRAISAL	ebappraisals.com
PERFECTION SERVICES	perfectionservices.com
PERFECTION SERVICES	perfection.com
VALUERITE LLC dba BULL APPRAISAL SERVICE	valueritedbabullappraisalervice.com
VALUERITE LLC dba BULL APPRAISAL SERVICE	valueritedbabullappraisalservice.com
VALUERITE LLC dba BULL APPRAISAL SERVICE	valueritedbabullappraisal.com
ROSE STREET APPRAISAL	rosestreetappraisal.com
ROSE STREET APPRAISAL	rosestreetappraisals.com
BUSH APPRAISAL, INC	bushappraisals.com
BUSH APPRAISAL, INC	bushappraisal.com
R BUSH APPRAISALS	rbushappraisal.com
R BUSH APPRAISALS	rbushappraisals.com
ASPEN APPRAISAL SERVICES, LLC	aspenappraisal.com
ASPEN APPRAISAL SERVICES, LLC	aspenappraisalservices.com
ASPEN APPRAISAL SERVICES, LLC	aspenappraisalervices.com
NATIONWIDE PROPERTY & APPRAISAL SERVICES	nationwidepropertyandappraisalervices.com
NATIONWIDE PROPERTY & APPRAISAL SERVICES	nationwidepropertyandappraisal.com
NATIONWIDE PROPERTY & APPRAISAL SERVICES	nationwidepropertyandappraisalservices.com
GREATER METRO APPRAISAL SERVICES INC	greatermetroappraisalservices.com
GREATER METRO APPRAISAL SERVICES INC	greatermetroappraisal.com
GREATER METRO APPRAISAL SERVICES INC	greatermetroappraisalervices.com
R.L. CARD REAL ESTATE APPRAISAL	rlcardrealestateappraisal.com
R.L. CARD REAL ESTATE APPRAISAL	rlcardrealestateappraisals.com
DAVID CARLSON & ASSOCIATES INC.	davidcarlsonandassociates.com
DAVID CARLSON & ASSOCIATES INC.	davidcarlsonand.com
PACIFIC VALUATIONS, LLC	pacificvaluations.com
ASHCROFT AND ASSOCIATES, INC.	ashcroftandassociates.com
ASHCROFT AND ASSOCIATES, INC.	ashcroftand.com
TREELINE APPRAISAL SERVICES LLC	treelineappraisalservices.com
TREELINE APPRAISAL SERVICES LLC	treelineappraisalervices.com
TREELINE APPRAISAL SERVICES LLC	treelineappraisal.com
COASTLINE APPRAISAL LLC	coastlineappraisal.com
COASTLINE APPRAISAL LLC	coastlineappraisals.com
CHRISTIE APPRAISAL LLC	christieappraisal.com
CHRISTIE APPRAISAL LLC	christieappraisals.com
WESTLAKE APPRAISAL LLC	westlakeappraisal.com
WESTLAKE APPRAISAL LLC	westlakeappraisals.com
CN APPRAISALS LLC	cnappraisals.com
CN APPRAISALS LLC	cnappraisal.com
DUNCAN & BROWN, LLC	duncanandbrown.com
APPRAISAL CONSULTANTS PDX, LLC	appraisalconsultantspdx.com
APPRAISAL CONSULTANTS PDX, LLC	appraisalsconsultantspdx.com
TRUSTED VALUATION SOLUTIONS- TVS	trustedvaluationsolutionstvs.com
TAFT APPRAISAL, LLC	taftappraisals.com
TAFT APPRAISAL, LLC	taftappraisal.com
COCHRANE APPRAISALS	cochraneappraisals.com
COCHRANE APPRAISALS	cochraneappraisal.com
AMERICAN REPORTING COMPANY	americanreporting.com
MAHON & RUTLEDGE APPRAISAL GROUP	mahonandrutledgeappraisalsgroup.com
MAHON & RUTLEDGE APPRAISAL GROUP	mahonandrutledgeappraisal.com
MAHON & RUTLEDGE APPRAISAL GROUP	mahonandrutledgeappraisalgroup.com
COLE AND COMPANY VALUATION, INC.	coleandvaluation.com
GOSCHIE MCCARTHY & ASSOCIATES INC.	goschiemccarthyandassociates.com
GOSCHIE MCCARTHY & ASSOCIATES INC.	goschiemccarthyand.com
ACCUQUICK APPRAISAL	accuquickappraisals.com
ACCUQUICK APPRAISAL	accuquickappraisal.com
CONSER APPRAISALS, INC.	conserappraisal.com
CONSER APPRAISALS, INC.	conserappraisals.com
CONSER COLLECTIVE	consercollective.com
PACIFIC CREST LLC	pacificcrest.com
COURTNEY APPRAISAL	courtneyappraisals.com
COURTNEY APPRAISAL	courtneyappraisal.com
APPRAISAL CONSULTANTS NW, LLC	appraisalsconsultantsnw.com
APPRAISAL CONSULTANTS NW, LLC	appraisalconsultantsnw.com
SJC APPRAISAL, LLC	sjcappraisal.com
SJC APPRAISAL, LLC	sjcappraisals.com
ACCURATE VALUATION SERVICES, INC.	accuratevaluationservices.com
ACCURATE VALUATION SERVICES, INC.	accuratevaluation.com
CROSS APPRAISAL SERVICE	crossappraisalervice.com
CROSS APPRAISAL SERVICE	crossappraisalservice.com
CROSS APPRAISAL SERVICE	crossappraisal.com
3-DAY EXPRESS APPRAISALS	3dayexpressappraisal.com
3-DAY EXPRESS APPRAISALS	3dayexpressappraisals.com
FIRESIDE APPRAISAL LLC	firesideappraisals.com
FIRESIDE APPRAISAL LLC	firesideappraisal.com
FIRESIDE APPRAISAL	firesideappraisals.com
FIRESIDE APPRAISAL	firesideappraisal.com
APPRAISAL SERVICE	appraisalservice.com
APPRAISAL SERVICE	appraisalervice.com
APPRAISAL SERVICE	appraisal.com
GO MORTGAGE	gomortgage.com
SOUTH METROPOLITAN APPRAISAL CO	southmetropolitanappraisals.com
SOUTH METROPOLITAN APPRAISAL CO	southmetropolitanappraisal.com
DELEON APPRAISAL SERVICE LLC	deleonappraisalservice.com
DELEON APPRAISAL SERVICE LLC	deleonappraisal.com
DELEON APPRAISAL SERVICE LLC	deleonappraisalervice.com
D DENTON APPRAISAL LLC	ddentonappraisals.com
D DENTON APPRAISAL LLC	ddentonappraisal.com
CHEHALEM APPRAISALS, INC.	chehalemappraisals.com
CHEHALEM APPRAISALS, INC.	chehalemappraisal.com
DONAHUE APPRAISAL COMPANY	donahueappraisal.com
DONAHUE APPRAISAL COMPANY	donahueappraisals.com
RAEVENCLAW APPRAISALS LLC	raevenclawappraisals.com
RAEVENCLAW APPRAISALS LLC	raevenclawappraisal.com
DUBOSE APPRAISAL SERVICE	duboseappraisalservice.com
DUBOSE APPRAISAL SERVICE	duboseappraisalervice.com
DUBOSE APPRAISAL SERVICE	duboseappraisal.com
BDAPPRAISAL GROUP, INC.	bdappraisal.com
BDAPPRAISAL GROUP, INC.	bdappraisalgroup.com
BDAPPRAISAL GROUP, INC.	bdappraisalsgroup.com
ALPINE APPRAISAL INC	alpineappraisal.com
ALPINE APPRAISAL INC	alpineappraisals.com
SCIENTIFIC VALUATION, INC.	scientificvaluation.com
R.E. SERVICE GROUP INC.	reservice.com
R.E. SERVICE GROUP INC.	reservicegroup.com
R.E. SERVICE GROUP INC	reservice.com
R.E. SERVICE GROUP INC	reservicegroup.com
BRIAN B. ELLIOTT APPRAISALS INC.	brianbelliottappraisal.com
BRIAN B. ELLIOTT APPRAISALS INC.	brianbelliottappraisals.com
APPRAISAL ASSOCIATES OF OREGON (dba Patrick J. Solitz Appraisals)	appraisalassociatesoforegondbapatrickjsolitzappraisal.com
UNITED APPRAISAL GROUP, LLC	unitedappraisalgroup.com
UNITED APPRAISAL GROUP, LLC	unitedappraisal.com
UNITED APPRAISAL GROUP, LLC	unitedappraisalsgroup.com
ALL WEST RESIDENTIAL APPRAISAL LLC	allwestresidentialappraisal.com
ALL WEST RESIDENTIAL APPRAISAL LLC	allwestresidentialappraisals.com
WILLAMETTE VALLEY APPRAISAL PROFESSIONALS	willamettevalleyappraisalprofessionals.com
WILLAMETTE VALLEY APPRAISAL PROFESSIONALS	willamettevalleyappraisalsprofessionals.com
NORMA A EVANS APPRAISAL SERVICES INC	normaaevansappraisalervices.com
NORMA A EVANS APPRAISAL SERVICES INC	normaaevansappraisal.com
NORMA A EVANS APPRAISAL SERVICES INC	normaaevansappraisalservices.com
VALLEY APPRAISAL, P.C.	valleyappraisal.com
VALLEY APPRAISAL, P.C.	valleyappraisals.com
CRAIG FERBER APPRAISAL LLC	craigferberappraisals.com
CRAIG FERBER APPRAISAL LLC	craigferberappraisal.com
KEY APPRAISAL SERVICES LLC	keyappraisalservices.com
KEY APPRAISAL SERVICES LLC	keyappraisalervices.com
KEY APPRAISAL SERVICES LLC	keyappraisal.com
FIELDS APPRAISAL, INC.	fieldsappraisal.com
FIELDS APPRAISAL, INC.	fieldsappraisals.com
FIELDS APPRAISAL	fieldsappraisal.com
FIELDS APPRAISAL	fieldsappraisals.com
SUMMIT APPRAISAL GROUP, INC	summitappraisal.com
SUMMIT APPRAISAL GROUP, INC	summitappraisalgroup.com
SUMMIT APPRAISAL GROUP, INC	summitappraisalsgroup.com
CLEAR CHOICE APPRAISAL, LLC	clearchoiceappraisals.com
CLEAR CHOICE APPRAISAL, LLC	clearchoiceappraisal.com
KB APPRAISALS, LLC	kbappraisals.com
KB APPRAISALS, LLC	kbappraisal.com
REAL VALUE RESIDENTIAL APPRAISAL SERVICE, LLC	realvalueresidentialappraisalervice.com
REAL VALUE RESIDENTIAL APPRAISAL SERVICE, LLC	realvalueresidentialappraisal.com
REAL VALUE RESIDENTIAL APPRAISAL SERVICE, LLC	realvalueresidentialappraisalservice.com
TEAM APPRAISALS BEND BRANCH, INC.	teamappraisalsbendbranch.com
TEAM APPRAISALS BEND BRANCH, INC.	teamappraisalbendbranch.com
ABACUS VALUATION & APPRAISING, LLC	abacusvaluationandappraising.com
FOSTER & ASSOCIATES	fosterandassociates.com
FOSTER & ASSOCIATES	fosterand.com
US APPRAISERS	usappraisers.com
M&M RESIDENTIAL, INC.	mandmresidential.com
APPRAISAL ASSOCIATES OF DOUGLAS COUNTY, LLC	appraisalsassociatesofdouglascounty.com
APPRAISAL ASSOCIATES OF DOUGLAS COUNTY, LLC	appraisalassociatesofdouglascounty.com
VALUATIONNEXUS, LLC	valuationnexus.com
4616 VALUATION SERVICES, LLC	4616valuation.com
4616 VALUATION SERVICES, LLC	4616valuationservices.com
ACV APPRAISALS	acvappraisals.com
ACV APPRAISALS	acvappraisal.com
ARK VALUATIONS	arkvaluations.com
INTEGRATED APPRAISAL SERVICES, LLC	integratedappraisal.com
INTEGRATED APPRAISAL SERVICES, LLC	integratedappraisalervices.com
INTEGRATED APPRAISAL SERVICES, LLC	integratedappraisalservices.com
NW GOLD APPRAISALS, LLC	nwgoldappraisal.com
NW GOLD APPRAISALS, LLC	nwgoldappraisals.com
GOLOMBEK APPRAISAL SERVICES LTD	golombekappraisalervices.com
GOLOMBEK APPRAISAL SERVICES LTD	golombekappraisalservices.com
GOLOMBEK APPRAISAL SERVICES LTD	golombekappraisal.com
REDWOOD APPRAISAL, INC.	redwoodappraisal.com
REDWOOD APPRAISAL, INC.	redwoodappraisals.com
CROSSROAD APPRAISAL, INC.	crossroadappraisal.com
CROSSROAD APPRAISAL, INC.	crossroadappraisals.com
RESOLUTE APPRAISAL LLC	resoluteappraisal.com
RESOLUTE APPRAISAL LLC	resoluteappraisals.com
T.R. GOTTING REAL ESTATE APPRAISALS	trgottingrealestateappraisal.com
T.R. GOTTING REAL ESTATE APPRAISALS	trgottingrealestateappraisals.com
PORTLAND RESIDENTIAL APPRIASERS	portlandresidentialappriasers.com
PORCH LIGHT APPRAISAL, INC.	porchlightappraisals.com
PORCH LIGHT APPRAISAL, INC.	porchlightappraisal.com
VG APPRAISALS	vgappraisals.com
VG APPRAISALS	vgappraisal.com
RADIUS LLC (dba Radius Appraisal)	radiusdbaradiusappraisal.com
RADIUS LLC (dba Radius Appraisal)	radiusdbaradiusappraisals.com
AG APPRAISALS, LLC	agappraisal.com
AG APPRAISALS, LLC	agappraisals.com
CERTIFIED APPRAISER GROUP, INC.	certifiedappraiser.com
CERTIFIED APPRAISER GROUP, INC.	certifiedappraisergroup.com
ORACLE APPRAISALS d.b.a. APPRAISAL ASSOCIATES OF OREGON	oracleappraisaldbaappraisalassociatesoforegon.com
WILLAMETTE VALUATIONS, LLC	willamettevaluations.com
CONSER APPRAISALS, INC	conserappraisal.com
CONSER APPRAISALS, INC	conserappraisals.com
HANSEN APPRAISAL SERVICES, LLC	hansenappraisalervices.com
HANSEN APPRAISAL SERVICES, LLC	hansenappraisalservices.com
HANSEN APPRAISAL SERVICES, LLC	hansenappraisal.com
HARDER APPRAISAL SERVICE	harderappraisalervice.com
HARDER APPRAISAL SERVICE	harderappraisal.com
HARDER APPRAISAL SERVICE	harderappraisalservice.com
APPRAISAL GROUP	appraisal.com
APPRAISAL GROUP	appraisalsgroup.com
APPRAISAL GROUP	appraisalgroup.com
NATIONWIDE PROPERTY & APPRAISAL SERVICES, LLC	nationwidepropertyandappraisalervices.com
NATIONWIDE PROPERTY & APPRAISAL SERVICES, LLC	nationwidepropertyandappraisal.com
NATIONWIDE PROPERTY & APPRAISAL SERVICES, LLC	nationwidepropertyandappraisalservices.com
HART APPRAISAL	hartappraisals.com
HART APPRAISAL	hartappraisal.com
CT APPRAISAL LLC	ctappraisal.com
CT APPRAISAL LLC	ctappraisals.com
HASTINGS APPRAISAL	hastingsappraisals.com
HASTINGS APPRAISAL	hastingsappraisal.com
PACIFIC COAST APPRAISALS, LLC	pacificcoastappraisals.com
PACIFIC COAST APPRAISALS, LLC	pacificcoastappraisal.com
INDEPENDENCE APPRAISAL SERVICES	independenceappraisalservices.com
INDEPENDENCE APPRAISAL SERVICES	independenceappraisalervices.com
INDEPENDENCE APPRAISAL SERVICES	independenceappraisal.com
APPRAISAL COMPANY OF SOUTHERN OREGON	appraisalsofsouthernoregon.com
APPRAISAL COMPANY OF SOUTHERN OREGON	appraisalofsouthernoregon.com
PA CUNNINGHAM & ASSOCIATES LLC	pacunninghamand.com
PA CUNNINGHAM & ASSOCIATES LLC	pacunninghamandassociates.com
PULSAR VALUATIONS	pulsarvaluations.com
HENSLEIGH APPRAISAL SERVICES, INC	hensleighappraisalervices.com
HENSLEIGH APPRAISAL SERVICES, INC	hensleighappraisal.com
HENSLEIGH APPRAISAL SERVICES, INC	hensleighappraisalservices.com
HEARTFELT APPRAISALS	heartfeltappraisals.com
HEARTFELT APPRAISALS	heartfeltappraisal.com
MARKETLINE REAL ESTATE APPRAISAL SERVICE	marketlinerealestateappraisalservice.com
MARKETLINE REAL ESTATE APPRAISAL SERVICE	marketlinerealestateappraisalervice.com
MARKETLINE REAL ESTATE APPRAISAL SERVICE	marketlinerealestateappraisal.com
PORTLAND RESIDENTIAL APPRAISALS	portlandresidentialappraisals.com
PORTLAND RESIDENTIAL APPRAISALS	portlandresidentialappraisal.com
ACCELERATED APPRAISALS LLC	acceleratedappraisals.com
ACCELERATED APPRAISALS LLC	acceleratedappraisal.com
HESS APPRAISAL SERVICES, INC.	hessappraisalservices.com
HESS APPRAISAL SERVICES, INC.	hessappraisalervices.com
HESS APPRAISAL SERVICES, INC.	hessappraisal.com
JAMES HESS LLC	jameshess.com
SUNCOAST APPRAISALS & INVESTMENTS, INC.	suncoastappraisalsandinvestments.com
SUNCOAST APPRAISALS & INVESTMENTS, INC.	suncoastappraisalandinvestments.com
KH APPRAISING	khappraising.com
HOLT APPRAISAL	holtappraisal.com
HOLT APPRAISAL	holtappraisals.com
SCOTT HOTH APPRAISAL COMPANY	scotthothappraisal.com
SCOTT HOTH APPRAISAL COMPANY	scotthothappraisals.com
STELLAR APPRAISALS, LLC	stellarappraisal.com
STELLAR APPRAISALS, LLC	stellarappraisals.com
SWIFT VALUATION LLC	swiftvaluation.com
IRVINE AND ASSOCIATES	irvineand.com
IRVINE AND ASSOCIATES	irvineandassociates.com
IVES APPRAISAL, LLC	ivesappraisal.com
IVES APPRAISAL, LLC	ivesappraisals.com
DUNCAN & BROWN LLC	duncanandbrown.com
METRO APPRAISAL SERVICES	metroappraisal.com
METRO APPRAISAL SERVICES	metroappraisalervices.com
METRO APPRAISAL SERVICES	metroappraisalservices.com
SNAKE RIVER APPRAISALS, LLC	snakeriverappraisals.com
SNAKE RIVER APPRAISALS, LLC	snakeriverappraisal.com
J G JEPSON APPRAISAL	jgjepsonappraisal.com
J G JEPSON APPRAISAL	jgjepsonappraisals.com
RES1 VALUATION & CONSULTING, INC.	res1valuationandconsulting.com
MORGAN & MARCUS LLC	morganandmarcus.com
CASCADIA APPRAISAL GROUP	cascadiaappraisalsgroup.com
CASCADIA APPRAISAL GROUP	cascadiaappraisal.com
CASCADIA APPRAISAL GROUP	cascadiaappraisalgroup.com
PORTLAND RESIDENTIAL APPRAISALS, INC.	portlandresidentialappraisals.com
PORTLAND RESIDENTIAL APPRAISALS, INC.	portlandresidentialappraisal.com
MARINEAU AND ASSOCIATES	marineauandassociates.com
MARINEAU AND ASSOCIATES	marineauand.com
PRICED RIGHT APPRAISALS	pricedrightappraisals.com
PRICED RIGHT APPRAISALS	pricedrightappraisal.com
JB KELLY APPRAISALS, INC.	jbkellyappraisals.com
JB KELLY APPRAISALS, INC.	jbkellyappraisal.com
K & K APPRAISAL	kandkappraisals.com
K & K APPRAISAL	kandkappraisal.com
CROSSCHECK VALUATIONS, INC.	crosscheckvaluations.com
ALPINE APPRAISAL GROUP, LLC	alpineappraisalsgroup.com
ALPINE APPRAISAL GROUP, LLC	alpineappraisal.com
ALPINE APPRAISAL GROUP, LLC	alpineappraisalgroup.com
TRUSTED VALUATION SOLUTIONS INC	trustedvaluationsolutions.com
KNOPP APPRAISALS	knoppappraisal.com
KNOPP APPRAISALS	knoppappraisals.com
A QUALITY APPRAISAL, LLC	aqualityappraisal.com
A QUALITY APPRAISAL, LLC	aqualityappraisals.com
NATION APPRAISALS	nationappraisal.com
NATION APPRAISALS	nationappraisals.com
RDL APPRAISALS, LLC	rdlappraisals.com
RDL APPRAISALS, LLC	rdlappraisal.com
LANE APPRAISAL	laneappraisal.com
LANE APPRAISAL	laneappraisals.com
7 MOUNTAIN APPRAISAL LLC	7mountainappraisals.com
7 MOUNTAIN APPRAISAL LLC	7mountainappraisal.com
LANDMARK APPRAISAL SERVICES	landmarkappraisal.com
LANDMARK APPRAISAL SERVICES	landmarkappraisalservices.com
LANDMARK APPRAISAL SERVICES	landmarkappraisalervices.com
RLAPPRAISALS	rlappraisals.com
RLAPPRAISALS	rlappraisal.com
SUMMIT APPRAISAL GROUP, INC.	summitappraisal.com
SUMMIT APPRAISAL GROUP, INC.	summitappraisalgroup.com
SUMMIT APPRAISAL GROUP, INC.	summitappraisalsgroup.com
JEFFREY LEEK REAL ESTATE APPRAISALS, INC.	jeffreyleekrealestateappraisal.com
JEFFREY LEEK REAL ESTATE APPRAISALS, INC.	jeffreyleekrealestateappraisals.com
DEBBIE LINDLEY REAL ESTATE APPRAISALS	debbielindleyrealestateappraisals.com
DEBBIE LINDLEY REAL ESTATE APPRAISALS	debbielindleyrealestateappraisal.com
LITTEN APPRAISAL SERVICES LLC DBA UPHOLD APPRAISAL TEAM	littenappraisalervicesdbaupholdappraisalteam.com
JUSTIN R LOWE & ASSOCIATES	justinrloweandassociates.com
JUSTIN R LOWE & ASSOCIATES	justinrloweand.com
APPRAISAL SOLUTIONS PC	appraisalsolutions.com
APPRAISAL SOLUTIONS PC	appraisalolutions.com
INDEPENDENT APPRAISAL GROUP, INC	independentappraisal.com
INDEPENDENT APPRAISAL GROUP, INC	independentappraisalgroup.com
INDEPENDENT APPRAISAL GROUP, INC	independentappraisalsgroup.com
MAGILL & ASSOCIATES	magillandassociates.com
MAGILL & ASSOCIATES	magilland.com
PRIME APPRAISAL SERVICE, LLC	primeappraisalervice.com
PRIME APPRAISAL SERVICE, LLC	primeappraisalservice.com
PRIME APPRAISAL SERVICE, LLC	primeappraisal.com
MALLOY APPRAISALS	malloyappraisals.com
MALLOY APPRAISALS	malloyappraisal.com
MORGAN & MARCUS, LLC	morganandmarcus.com
TIM MARICAL APPRAISALS	timmaricalappraisals.com
TIM MARICAL APPRAISALS	timmaricalappraisal.com
MARLER APPRAISAL SERVICES, INC.	marlerappraisal.com
MARLER APPRAISAL SERVICES, INC.	marlerappraisalervices.com
MARLER APPRAISAL SERVICES, INC.	marlerappraisalservices.com
REAL VALUE REVIEW, LLC	realvaluereview.com
MARTIN APPRAISAL CO.	martinappraisal.com
MARTIN APPRAISAL CO.	martinappraisals.com
RED SKY RISK SERVICES, LLC/U.S. BANK, N.A.	redskyriskservicesllcusbankna.com
METRO APPRAISAL, LLC	metroappraisals.com
METRO APPRAISAL, LLC	metroappraisal.com
RIVER VALLEY APPRAISAL, INC.	rivervalleyappraisal.com
RIVER VALLEY APPRAISAL, INC.	rivervalleyappraisals.com
RIVER VALLEY APPRAISAL, INC	rivervalleyappraisal.com
RIVER VALLEY APPRAISAL, INC	rivervalleyappraisals.com
ASIRUS	asirus.com
COLUMBIA APPRAISAL GROUP, INC.	columbiaappraisal.com
COLUMBIA APPRAISAL GROUP, INC.	columbiaappraisalsgroup.com
COLUMBIA APPRAISAL GROUP, INC.	columbiaappraisalgroup.com
SKYWARD APPRAISAL, INC.	skywardappraisals.com
SKYWARD APPRAISAL, INC.	skywardappraisal.com
MC APPRAISALS, LLC	mcappraisals.com
MC APPRAISALS, LLC	mcappraisal.com
GOSCHIE MCCARTHY & ASSOCIATES, INC	goschiemccarthyandassociates.com
GOSCHIE MCCARTHY & ASSOCIATES, INC	goschiemccarthyand.com
TCM APPRAISALS, INC.	tcmappraisals.com
TCM APPRAISALS, INC.	tcmappraisal.com
RGM VALUATIONS, LLC	rgmvaluations.com
MCFADDEN APPRAISAL SERVICES LLC	mcfaddenappraisal.com
MCFADDEN APPRAISAL SERVICES LLC	mcfaddenappraisalervices.com
MCFADDEN APPRAISAL SERVICES LLC	mcfaddenappraisalservices.com
MCKENZIE & ASSOCIATES, LLC	mckenzieandassociates.com
MCKENZIE & ASSOCIATES, LLC	mckenzieand.com
MCKENZIE APPRAISAL	mckenzieappraisal.com
MCKENZIE APPRAISAL	mckenzieappraisals.com
AIRD & ASSOCIATES	airdand.com
AIRD & ASSOCIATES	airdandassociates.com
GARY MCMAHAN REAL ESTATE APPAISER	garymcmahanrealestateappaiser.com
TRUSTED VALUATION SOLUTIONS	trustedvaluationsolutions.com
MODERN APPRAISAL LLC	modernappraisals.com
MODERN APPRAISAL LLC	modernappraisal.com
VALUCERT APPRAISALS	valucertappraisals.com
VALUCERT APPRAISALS	valucertappraisal.com
APPRAISAL GROUP LLC	appraisal.com
APPRAISAL GROUP LLC	appraisalsgroup.com
APPRAISAL GROUP LLC	appraisalgroup.com
KERRIE MIDDELDORP APPRAISALS, LLC	kerriemiddeldorpappraisals.com
KERRIE MIDDELDORP APPRAISALS, LLC	kerriemiddeldorpappraisal.com
ANDREW E MILLER APPRAISALS LLC	andrewemillerappraisals.com
ANDREW E MILLER APPRAISALS LLC	andrewemillerappraisal.com
MILLER APPRAISAL SERVICES, LLC	millerappraisal.com
MILLER APPRAISAL SERVICES, LLC	millerappraisalervices.com
MILLER APPRAISAL SERVICES, LLC	millerappraisalservices.com
MILLER APPRAISAL SERVICES, INC.	millerappraisal.com
MILLER APPRAISAL SERVICES, INC.	millerappraisalervices.com
MILLER APPRAISAL SERVICES, INC.	millerappraisalservices.com
BEACON APPRAISAL GROUP LLC	beaconappraisal.com
BEACON APPRAISAL GROUP LLC	beaconappraisalsgroup.com
BEACON APPRAISAL GROUP LLC	beaconappraisalgroup.com
RICK MONTEAUX APPRAISAL	rickmonteauxappraisal.com
RICK MONTEAUX APPRAISAL	rickmonteauxappraisals.com
SOUTHERN OREGON APPRAISAL, INC.	southernoregonappraisal.com
SOUTHERN OREGON APPRAISAL, INC.	southernoregonappraisals.com
MARKET VALUATION SERVICES	marketvaluation.com
MARKET VALUATION SERVICES	marketvaluationservices.com
ONPOINT COMMUNITY CREDIT UNION	onpointcommunitycreditunion.com
JUSTIN MORIARTY APPRAISALS	justinmoriartyappraisal.com
JUSTIN MORIARTY APPRAISALS	justinmoriartyappraisals.com
MUELLER RESIDENTIAL APPRAISAL SERVICES, INC.	muellerresidentialappraisalservices.com
MUELLER RESIDENTIAL APPRAISAL SERVICES, INC.	muellerresidentialappraisalervices.com
MUELLER RESIDENTIAL APPRAISAL SERVICES, INC.	muellerresidentialappraisal.com
HARPER, YANO & MULL LLC	harperyanoandmull.com
APPRAISER CERTIFICATION & LICENSURE BOARD	appraisercertificationandlicensureboard.com
DUNCAN & BROWN	duncanandbrown.com
NANCOLAS APPRAISAL SERVICES LLC	nancolasappraisalervices.com
NANCOLAS APPRAISAL SERVICES LLC	nancolasappraisal.com
NANCOLAS APPRAISAL SERVICES LLC	nancolasappraisalservices.com
TOWNE & COUNTRY APPRAISAL GROUP, LLC	towneandcountryappraisalgroup.com
TOWNE & COUNTRY APPRAISAL GROUP, LLC	towneandcountryappraisalsgroup.com
TOWNE & COUNTRY APPRAISAL GROUP, LLC	towneandcountryappraisal.com
NISHIMURA APPRAISALS	nishimuraappraisal.com
NISHIMURA APPRAISALS	nishimuraappraisals.com
CONSER APPRAISALS INC	conserappraisal.com
CONSER APPRAISALS INC	conserappraisals.com
NW APPRAISAL NETWORK	nwappraisalnetwork.com
NW APPRAISAL NETWORK	nwappraisalsnetwork.com
OLESON REAL ESTATE APPRAISERS, INC.	olesonrealestateappraisers.com
LISA ANNE REAL ESTATE APPRAISAL	lisaannerealestateappraisals.com
LISA ANNE REAL ESTATE APPRAISAL	lisaannerealestateappraisal.com
OLMSTED APPRAISAL	olmstedappraisal.com
OLMSTED APPRAISAL	olmstedappraisals.com
FIRGROVE APPRAISING	firgroveappraising.com
CASCADE REAL PROPERTY APPRAISAL	cascaderealpropertyappraisal.com
CASCADE REAL PROPERTY APPRAISAL	cascaderealpropertyappraisals.com
ALLIANCE APPRAISAL GROUP OF OREGON, LLC	allianceappraisalgroupoforegon.com
ALLIANCE APPRAISAL GROUP OF OREGON, LLC	allianceappraisalsgroupoforegon.com
COLUMBIA BANK	columbiabank.com
PARK PLACE APPRAISAL SERVICES, INC.	parkplaceappraisalervices.com
PARK PLACE APPRAISAL SERVICES, INC.	parkplaceappraisal.com
PARK PLACE APPRAISAL SERVICES, INC.	parkplaceappraisalservices.com
MID OREGON APPRAISAL SERVICES, LLC	midoregonappraisalservices.com
MID OREGON APPRAISAL SERVICES, LLC	midoregonappraisal.com
MID OREGON APPRAISAL SERVICES, LLC	midoregonappraisalervices.com
SPENCER'S APPRAISAL SERVICES, LLP	spencersappraisalservicesllp.com
SPENCER'S APPRAISAL SERVICES, LLP	spencersappraisalervicesllp.com
PAULSEN APPRAISAL INC	paulsenappraisals.com
PAULSEN APPRAISAL INC	paulsenappraisal.com
ANTELOPE APPRAISAL LLC	antelopeappraisals.com
ANTELOPE APPRAISAL LLC	antelopeappraisal.com
TRILLIUM APPRAISAL	trilliumappraisals.com
TRILLIUM APPRAISAL	trilliumappraisal.com
FRAZER APPRAISALS LLC	frazerappraisals.com
FRAZER APPRAISALS LLC	frazerappraisal.com
AZIONE APPRAISALS, INC.	azioneappraisal.com
AZIONE APPRAISALS, INC.	azioneappraisals.com
BIG BUCK APPRAISALS PLLC	bigbuckappraisals.com
BIG BUCK APPRAISALS PLLC	bigbuckappraisal.com
PLAYFAIR APPRAISING	playfairappraising.com
ANN PLOEGER APPRAISALS	annploegerappraisal.com
ANN PLOEGER APPRAISALS	annploegerappraisals.com
POHLL & ASSOCIATES	pohlland.com
POHLL & ASSOCIATES	pohllandassociates.com
DEBORAH POOL APPRAISAL	deborahpoolappraisal.com
DEBORAH POOL APPRAISAL	deborahpoolappraisals.com
APPRAISAL COMPANY OF SOUTHERN OREGON, PC	appraisalsofsouthernoregon.com
APPRAISAL COMPANY OF SOUTHERN OREGON, PC	appraisalofsouthernoregon.com
POWELL APPRAISAL SERVICES	powellappraisalservices.com
POWELL APPRAISAL SERVICES	powellappraisal.com
POWELL APPRAISAL SERVICES	powellappraisalervices.com
POWERS APPRAISAL SERVICES	powersappraisalservices.com
POWERS APPRAISAL SERVICES	powersappraisal.com
POWERS APPRAISAL SERVICES	powersappraisalervices.com
CERTIFIED APPRAISAL & CONSULTING	certifiedappraisalsandconsulting.com
CERTIFIED APPRAISAL & CONSULTING	certifiedappraisalandconsulting.com
JENNIFER QUINN APPRAISALS, INC.	jenniferquinnappraisal.com
JENNIFER QUINN APPRAISALS, INC.	jenniferquinnappraisals.com
PULSE APPRAISAL	pulseappraisals.com
PULSE APPRAISAL	pulseappraisal.com
MAXAPPRAISALS LLC	maxappraisal.com
MAXAPPRAISALS LLC	maxappraisals.com
YAKIMA RIVER APPRAISALS	yakimariverappraisal.com
YAKIMA RIVER APPRAISALS	yakimariverappraisals.com
COLUMBIA RIVER APPRAISAL CONSULTANTS, LLC	columbiariverappraisalconsultants.com
COLUMBIA RIVER APPRAISAL CONSULTANTS, LLC	columbiariverappraisalsconsultants.com
OLYMPIC APPRAISAL SERVICES, LLC	olympicappraisal.com
OLYMPIC APPRAISAL SERVICES, LLC	olympicappraisalervices.com
OLYMPIC APPRAISAL SERVICES, LLC	olympicappraisalservices.com
BARAK & ASSOCIATES APPRAISALS	barakandassociatesappraisals.com
BARAK & ASSOCIATES APPRAISALS	barakandassociatesappraisal.com
AVALON APPRAISAL INCORPORATED	avalonappraisals.com
AVALON APPRAISAL INCORPORATED	avalonappraisal.com
VISION VALUATION	visionvaluation.com
RHOTEN & ASSOCIATES	rhotenandassociates.com
RHOTEN & ASSOCIATES	rhotenand.com
CANYON APPRAISAL SERVICE	canyonappraisalservice.com
CANYON APPRAISAL SERVICE	canyonappraisalervice.com
CANYON APPRAISAL SERVICE	canyonappraisal.com
PORTLAND RESIDENTIAL APPRAISALS, INC	portlandresidentialappraisals.com
PORTLAND RESIDENTIAL APPRAISALS, INC	portlandresidentialappraisal.com
A AND D APPRAISAL SERVICE, INC	aanddappraisalservice.com
A AND D APPRAISAL SERVICE, INC	aanddappraisal.com
A AND D APPRAISAL SERVICE, INC	aanddappraisalervice.com
GOSCHIE MCCARTHY & ASSOC. INC	goschiemccarthyandassoc.com
A AND D APPRAISAL SERVICE, INC.	aanddappraisalservice.com
A AND D APPRAISAL SERVICE, INC.	aanddappraisal.com
A AND D APPRAISAL SERVICE, INC.	aanddappraisalervice.com
ADVANTIS APPRAISAL GROUP	advantisappraisal.com
ADVANTIS APPRAISAL GROUP	advantisappraisalgroup.com
ADVANTIS APPRAISAL GROUP	advantisappraisalsgroup.com
APPRAISAL SOLUTIONS REVIEW & CONSULTATION	appraisalsolutionsreviewandconsultation.com
APPRAISAL SOLUTIONS REVIEW & CONSULTATION	appraisalolutionsreviewandconsultation.com
PRECISION APPRAISAL NW, LLC	precisionappraisalsnw.com
PRECISION APPRAISAL NW, LLC	precisionappraisalnw.com
HAUSER APPRAISAL SERVICES, LLC	hauserappraisalervices.com
HAUSER APPRAISAL SERVICES, LLC	hauserappraisal.com
HAUSER APPRAISAL SERVICES, LLC	hauserappraisalservices.com
APPRAISAL CONCEPTS TEAM	appraisalsconceptsteam.com
APPRAISAL CONCEPTS TEAM	appraisalconceptsteam.com
PAUL SAMPLE APPRAISALS	paulsampleappraisals.com
PAUL SAMPLE APPRAISALS	paulsampleappraisal.com
SAMPSON APPRAISAL SERVICE	sampsonappraisal.com
SAMPSON APPRAISAL SERVICE	sampsonappraisalservice.com
SAMPSON APPRAISAL SERVICE	sampsonappraisalervice.com
IGNACIO SANCHEZ APPRAISALS	ignaciosanchezappraisals.com
IGNACIO SANCHEZ APPRAISALS	ignaciosanchezappraisal.com
VALUE SOURCE NW	valuesourcenw.com
AREA APPRAISAL SERVICES	areaappraisalervices.com
AREA APPRAISAL SERVICES	areaappraisalservices.com
AREA APPRAISAL SERVICES	areaappraisal.com
PREMIER APPRAISAL SERVICES	premierappraisalervices.com
PREMIER APPRAISAL SERVICES	premierappraisalservices.com
PREMIER APPRAISAL SERVICES	premierappraisal.com
MARJORIE SANDERS APPRAISAL SERVICES LLC	marjoriesandersappraisalervices.com
MARJORIE SANDERS APPRAISAL SERVICES LLC	marjoriesandersappraisal.com
MARJORIE SANDERS APPRAISAL SERVICES LLC	marjoriesandersappraisalservices.com
GERALD E. SAUNDERS REAL ESTATE APPRAISER	geraldesaundersrealestateappraiser.com
SAX & ASSOCIATES, INC.	saxandassociates.com
SAX & ASSOCIATES, INC.	saxand.com
SCHLUTER APPRAISAL LLC	schluterappraisals.com
SCHLUTER APPRAISAL LLC	schluterappraisal.com
WT RESIDENTIAL APPRAISAL, LLC	wtresidentialappraisal.com
WT RESIDENTIAL APPRAISAL, LLC	wtresidentialappraisals.com
GOLDEN APPRAISALS, LLC	goldenappraisal.com
GOLDEN APPRAISALS, LLC	goldenappraisals.com
8 COUNTY APPRAISAL, LLC	8countyappraisal.com
8 COUNTY APPRAISAL, LLC	8countyappraisals.com
SENATRA APPRAISAL, INC.	senatraappraisal.com
SENATRA APPRAISAL, INC.	senatraappraisals.com
SEWARD APPRAISAL SERVICE LLC	sewardappraisalservice.com
SEWARD APPRAISAL SERVICE LLC	sewardappraisal.com
SEWARD APPRAISAL SERVICE LLC	sewardappraisalervice.com
PRIORITY FIRST APPRAISAL LLC	priorityfirstappraisals.com
PRIORITY FIRST APPRAISAL LLC	priorityfirstappraisal.com
MICHAEL SHANK APPRAISAL SERVICES	michaelshankappraisalervices.com
MICHAEL SHANK APPRAISAL SERVICES	michaelshankappraisal.com
MICHAEL SHANK APPRAISAL SERVICES	michaelshankappraisalservices.com
ARROWHEAD APPRAISAL LLC	arrowheadappraisal.com
ARROWHEAD APPRAISAL LLC	arrowheadappraisals.com
HOME APPRAISERS OF OREGON	homeappraisersoforegon.com
PRIME PACIFIC APPRAISALS, LLC	primepacificappraisals.com
PRIME PACIFIC APPRAISALS, LLC	primepacificappraisal.com
GREATER METRO APPRAISAL SERVICES	greatermetroappraisalservices.com
GREATER METRO APPRAISAL SERVICES	greatermetroappraisal.com
GREATER METRO APPRAISAL SERVICES	greatermetroappraisalervices.com
BRIDGEPORT APPRAISAL INC.	bridgeportappraisal.com
BRIDGEPORT APPRAISAL INC.	bridgeportappraisals.com
PACIFIC FLYWAY CONSULTING, LLC	pacificflywayconsulting.com
VALUE REAL ESTATE	valuerealestate.com
RESIDENTIAL APPRAISAL SERVICES	residentialappraisalervices.com
RESIDENTIAL APPRAISAL SERVICES	residentialappraisalservices.com
RESIDENTIAL APPRAISAL SERVICES	residentialappraisal.com
BARAK & ASSOCIATES	barakand.com
BARAK & ASSOCIATES	barakandassociates.com
SNYDER APPRAISAL GROUP, LLC	snyderappraisal.com
SNYDER APPRAISAL GROUP, LLC	snyderappraisalgroup.com
SNYDER APPRAISAL GROUP, LLC	snyderappraisalsgroup.com
JT & ASSOCIATES	jtandassociates.com
JT & ASSOCIATES	jtand.com
APPRAISAL ASSOCIATES OF OREGON	appraisalassociatesoforegon.com
APPRAISAL ASSOCIATES OF OREGON	appraisalsassociatesoforegon.com
ENTRUSTED ONE	entrustedone.com
SPRANDO APPRAISAL SERVICES	sprandoappraisalservices.com
SPRANDO APPRAISAL SERVICES	sprandoappraisalervices.com
SPRANDO APPRAISAL SERVICES	sprandoappraisal.com
STEEN APPRAISAL & CONSULTING	steenappraisalandconsulting.com
STEEN APPRAISAL & CONSULTING	steenappraisalsandconsulting.com
ARROW APPRAISALS, LLC	arrowappraisals.com
ARROW APPRAISALS, LLC	arrowappraisal.com
PROGRESSIVE APPRAISAL OF OREGON INC.	progressiveappraisaloforegon.com
PROGRESSIVE APPRAISAL OF OREGON INC.	progressiveappraisalsoforegon.com
UPHOLD APPRAISAL TEAM	upholdappraisalteam.com
UPHOLD APPRAISAL TEAM	upholdappraisalsteam.com
STONE APPRAISALS	stoneappraisals.com
STONE APPRAISALS	stoneappraisal.com
STORTZUM HOME APPRAISALS	stortzumhomeappraisal.com
STORTZUM HOME APPRAISALS	stortzumhomeappraisals.com
STOUDER & ASSOCIATES, INC.	stouderandassociates.com
STOUDER & ASSOCIATES, INC.	stouderand.com
DESCHUTES COUNTY ASSESSORS OFFICE	deschutescountyassessorsoffice.com
OREGON RESIDENTIAL APPRAISAL LLC	oregonresidentialappraisal.com
OREGON RESIDENTIAL APPRAISAL LLC	oregonresidentialappraisals.com
SWIFT APPRAISAL	swiftappraisal.com
SWIFT APPRAISAL	swiftappraisals.com
VALLEY APPRAISAL, PC	valleyappraisal.com
VALLEY APPRAISAL, PC	valleyappraisals.com
DT APPRAISAL	dtappraisals.com
DT APPRAISAL	dtappraisal.com
DART APPRAISAL LLC	dartappraisal.com
DART APPRAISAL LLC	dartappraisals.com
TILL APPRAISAL, INC.	tillappraisal.com
TILL APPRAISAL, INC.	tillappraisals.com
TRAHERN REAL ESTATE APPRAISAL, PC	trahernrealestateappraisals.com
TRAHERN REAL ESTATE APPRAISAL, PC	trahernrealestateappraisal.com
RSDS VALUATIONS, LLC	rsdsvaluations.com
PACIFIC CREST APPRAISAL SERVICES	pacificcrestappraisalervices.com
PACIFIC CREST APPRAISAL SERVICES	pacificcrestappraisalservices.com
PACIFIC CREST APPRAISAL SERVICES	pacificcrestappraisal.com
TUFT APPRAISAL SERVICE, LLC	tuftappraisalservice.com
TUFT APPRAISAL SERVICE, LLC	tuftappraisalervice.com
TUFT APPRAISAL SERVICE, LLC	tuftappraisal.com
TUSINSKI COMPANY, INC.	tusinski.com
UPHOLD APPRAISAL TEAM, LLC	upholdappraisalteam.com
UPHOLD APPRAISAL TEAM, LLC	upholdappraisalsteam.com
VALLEY TO COAST APPRAISALS, LLC	valleytocoastappraisals.com
VALLEY TO COAST APPRAISALS, LLC	valleytocoastappraisal.com
VANDIVER APPRAISAL, LLC	vandiverappraisals.com
VANDIVER APPRAISAL, LLC	vandiverappraisal.com
VERMEER APPRAISALS, INC.	vermeerappraisals.com
VERMEER APPRAISALS, INC.	vermeerappraisal.com
VERMEER APPRAISALS, INC	vermeerappraisals.com
VERMEER APPRAISALS, INC	vermeerappraisal.com
VINEYARD APPRAISAL SERVICES	vineyardappraisalervices.com
VINEYARD APPRAISAL SERVICES	vineyardappraisalservices.com
VINEYARD APPRAISAL SERVICES	vineyardappraisal.com
LOTUS HOMES APPRAISALS	lotushomesappraisals.com
LOTUS HOMES APPRAISALS	lotushomesappraisal.com
ERNST & YOUNG LLP	ernstandyoungllp.com
D.A. WACKER & ASSOCIATES	dawackerandassociates.com
D.A. WACKER & ASSOCIATES	dawackerand.com
WASHBURN APPRASALS, INC.	washburnapprasals.com
WASHBURN APPRAISALS, INC.	washburnappraisal.com
WASHBURN APPRAISALS, INC.	washburnappraisals.com
WESTERN OREGON APPRAISALS, P.C.	westernoregonappraisals.com
WESTERN OREGON APPRAISALS, P.C.	westernoregonappraisal.com
SNAPSHOT APPRAISALS, LLC	snapshotappraisal.com
SNAPSHOT APPRAISALS, LLC	snapshotappraisals.com
AAANDERSON ASSOCIATES INC.	aaandersonassociates.com
AAANDERSON ASSOCIATES INC.	aaanderson.com
TREETOP APPRAISALS, INC	treetopappraisal.com
TREETOP APPRAISALS, INC	treetopappraisals.com
RESORT APPRAISAL SERVICE	resortappraisalervice.com
RESORT APPRAISAL SERVICE	resortappraisalservice.com
RESORT APPRAISAL SERVICE	resortappraisal.com
THOMAS WEISKIND INC.	thomasweiskind.com
KR WENTZ APPRAISAL LLC	krwentzappraisal.com
KR WENTZ APPRAISAL LLC	krwentzappraisals.com
JONI WHITE APPRAISAL SERVICES PC	joniwhiteappraisal.com
JONI WHITE APPRAISAL SERVICES PC	joniwhiteappraisalervices.com
JONI WHITE APPRAISAL SERVICES PC	joniwhiteappraisalservices.com
APPRAISAL NORTHWEST, INC.	appraisalsnorthwest.com
APPRAISAL NORTHWEST, INC.	appraisalnorthwest.com
SERVICE LINK	servicelink.com
WESTSIDE APPRAISALS LLC	westsideappraisal.com
WESTSIDE APPRAISALS LLC	westsideappraisals.com
APPRAISAL ASSURANCE INC	appraisalassurance.com
APPRAISAL ASSURANCE INC	appraisalsassurance.com
WILLIAMS ASSOCIATES REAL ESTATE APPRAISERS, INC.	williamsassociatesrealestateappraisers.com
MAURITA A WOLF APPRAISAL	mauritaawolfappraisals.com
MAURITA A WOLF APPRAISAL	mauritaawolfappraisal.com
MARKETWISE LLC	marketwise.com
MW APPRAISALS, LLC	mwappraisal.com
MW APPRAISALS, LLC	mwappraisals.com
YANO APPRAISAL INC	yanoappraisals.com
YANO APPRAISAL INC	yanoappraisal.com
MCM APPRAISAL, LLC	mcmappraisal.com
MCM APPRAISAL, LLC	mcmappraisals.com
BEAR CREEK APPRAISAL	bearcreekappraisals.com
BEAR CREEK APPRAISAL	bearcreekappraisal.com
BRIAN YOUD REAL ESTATE, dba MARKET STANDARD APPRAISALS	brianyoudrealestatedbamarketstandardappraisal.com
APPRAISALS PLUS, INC.	appraisalsplus.com
APPRAISALS PLUS, INC.	appraisalplus.com
THE YELLOW BRICK ROAD, LLC	theyellowbrickroad.com
HIGH DESERT VALUATION INC.	highdesertvaluation.com
E AROCHO APPRAISAL GROUP	earochoappraisalsgroup.com
E AROCHO APPRAISAL GROUP	earochoappraisalgroup.com
E AROCHO APPRAISAL GROUP	earochoappraisal.com
WILBER DAVILA @ ASSOCIATES	wilberdavila.com
WILBER DAVILA @ ASSOCIATES	wilberdavilaassociates.com
DE LEON REAL ESTATE	deleonrealestate.com
Medrano & Associates Svcs	medranoandassociatessvcs.com
Company Name	name.com
FHM APPRAISAL GROUP	fhmappraisal.com
FHM APPRAISAL GROUP	fhmappraisalsgroup.com
FHM APPRAISAL GROUP	fhmappraisalgroup.com
CRIM CENTRO GUBERNAMENTAL	crimcentrogubernamental.com
MUNICIPIO DE NARANJITO	municipiodenaranjito.com
DAVID OUVI��A REAL ESTATE APPRAISER	davidouviarealestateappraiser.com
JOSE PACHECO	josepacheco.com
FDIC	fdic.com
RELIABLE APPRAISAL SERVICES	reliableappraisal.com
RELIABLE APPRAISAL SERVICES	reliableappraisalervices.com
RELIABLE APPRAISAL SERVICES	reliableappraisalservices.com
PROVALUE PROPERTY SERVICE	provaluepropertyservice.com
PROVALUE PROPERTY SERVICE	provalueproperty.com
IR Appraisers Group PSC	irappraisersgrouppsc.com
Appraisers & Assessors, PSC	appraisersandassessorspsc.com
APPRAISAL ADVISORS GROUP	appraisaladvisorsgroup.com
APPRAISAL ADVISORS GROUP	appraisaladvisors.com
APPRAISAL ADVISORS GROUP	appraisalsadvisorsgroup.com
GSM APPRAISALS	gsmappraisal.com
GSM APPRAISALS	gsmappraisals.com
NEW HORIZON	newhorizon.com
Ballinger Appraisal Services	ballingerappraisal.com
Ballinger Appraisal Services	ballingerappraisalservices.com
Ballinger Appraisal Services	ballingerappraisalervices.com
DS Murphy & Associates, Inc	dsmurphyand.com
DS Murphy & Associates, Inc	dsmurphyandassociates.com
Gordon Appraisal	gordonappraisal.com
Gordon Appraisal	gordonappraisals.com
Boston Appraisal Services	bostonappraisalservices.com
Boston Appraisal Services	bostonappraisal.com
Boston Appraisal Services	bostonappraisalervices.com
Northeastern Appraisals, LLC	northeasternappraisal.com
Northeastern Appraisals, LLC	northeasternappraisals.com
RJ Appraisal	rjappraisals.com
RJ Appraisal	rjappraisal.com
Artisan Appraisal Group, Inc.	artisanappraisalsgroup.com
Artisan Appraisal Group, Inc.	artisanappraisal.com
Artisan Appraisal Group, Inc.	artisanappraisalgroup.com
M.L Appraisals	mlappraisal.com
M.L Appraisals	mlappraisals.com
All Mass Appraisal Service	allmassappraisalservice.com
All Mass Appraisal Service	allmassappraisal.com
All Mass Appraisal Service	allmassappraisalervice.com
Appraisal Direct	appraisalsdirect.com
Appraisal Direct	appraisaldirect.com
Jessica Balt Appraisals LLC	jessicabaltappraisal.com
Jessica Balt Appraisals LLC	jessicabaltappraisals.com
Aj Appraisals	ajappraisals.com
Aj Appraisals	ajappraisal.com
Tri State Valuation & Consult	tristatevaluationandconsult.com
Bear Appraisals	bearappraisals.com
Bear Appraisals	bearappraisal.com
Planeview Appraisals, LLC	planeviewappraisals.com
Planeview Appraisals, LLC	planeviewappraisal.com
Big Sioux Appraisals Llc	bigsiouxappraisal.com
Big Sioux Appraisals Llc	bigsiouxappraisals.com
Bergman Appraisal Co	bergmanappraisal.com
Bergman Appraisal Co	bergmanappraisals.com
Accurate Appraisal Service, LL	accurateappraisalservicell.com
Accurate Appraisal Service, LL	accurateappraisalervicell.com
Appraisal Services Inc	appraisal.com
Appraisal Services Inc	appraisalservices.com
Appraisal Services Inc	appraisalervices.com
Matt Buntjer Appraisal Service LLC	mattbuntjerappraisal.com
Matt Buntjer Appraisal Service LLC	mattbuntjerappraisalservice.com
Matt Buntjer Appraisal Service LLC	mattbuntjerappraisalervice.com
Burns Appraisal Service	burnsappraisalervice.com
Burns Appraisal Service	burnsappraisal.com
Burns Appraisal Service	burnsappraisalservice.com
Bank of America, N.A.	bankofamericana.com
Haeder Appraisal Service	haederappraisalservice.com
Haeder Appraisal Service	haederappraisal.com
Haeder Appraisal Service	haederappraisalervice.com
Urban Prairie Appraisal LLC	urbanprairieappraisal.com
Urban Prairie Appraisal LLC	urbanprairieappraisals.com
Duffy Appraisals	duffyappraisals.com
Duffy Appraisals	duffyappraisal.com
Innovative Appraisal Service,	innovativeappraisal.com
Innovative Appraisal Service,	innovativeappraisalervice.com
Innovative Appraisal Service,	innovativeappraisalservice.com
Infinity Appraisal Svcs Llc	infinityappraisalvcs.com
Infinity Appraisal Svcs Llc	infinityappraisalsvcs.com
Aberdeen Appraisal LLC	aberdeenappraisal.com
Aberdeen Appraisal LLC	aberdeenappraisals.com
Gregg Appraisal Co	greggappraisal.com
Gregg Appraisal Co	greggappraisals.com
Gregg Appraisal Co Llc	greggappraisal.com
Gregg Appraisal Co Llc	greggappraisals.com
Hall Appraisal	hallappraisal.com
Hall Appraisal	hallappraisals.com
CPH Appraisals Inc.	cphappraisals.com
CPH Appraisals Inc.	cphappraisal.com
Sunrise Banks NA	sunrisebanksna.com
Hatch Appraisal LLC	hatchappraisal.com
Hatch Appraisal LLC	hatchappraisals.com
Bank Of America	bankofamerica.com
Hoefs Appraisal Services, LLC	hoefsappraisalservices.com
Hoefs Appraisal Services, LLC	hoefsappraisal.com
Hoefs Appraisal Services, LLC	hoefsappraisalervices.com
MH Appraisals, LLC	mhappraisals.com
MH Appraisals, LLC	mhappraisal.com
Holcomb Appraisal Firm Inc	holcombappraisalfirm.com
Holcomb Appraisal Firm Inc	holcombappraisalsfirm.com
Holler Appraisal Inc	hollerappraisals.com
Holler Appraisal Inc	hollerappraisal.com
Steinley Real Estate Appraisal	steinleyrealestateappraisal.com
Steinley Real Estate Appraisal	steinleyrealestateappraisals.com
Hubner Appraisals Inc	hubnerappraisal.com
Hubner Appraisals Inc	hubnerappraisals.com
Mid-State Appraisal Service In	midstateappraisalervicein.com
Mid-State Appraisal Service In	midstateappraisalservicein.com
Surety Appraisal Serv	suretyappraisalerv.com
Surety Appraisal Serv	suretyappraisalserv.com
Surety Appraisal Services	suretyappraisalervices.com
Surety Appraisal Services	suretyappraisal.com
Surety Appraisal Services	suretyappraisalservices.com
Gehm Group Ltd D/B/A Yankton A	gehmgroupdbayanktona.com
Kingdom Appraisal, LLC	kingdomappraisals.com
Kingdom Appraisal, LLC	kingdomappraisal.com
Kramer Appraisal LLC	kramerappraisal.com
Kramer Appraisal LLC	kramerappraisals.com
Jensen Appraisals Inc	jensenappraisals.com
Jensen Appraisals Inc	jensenappraisal.com
Steven A. Jones Appraisal Serv	stevenajonesappraisalerv.com
Steven A. Jones Appraisal Serv	stevenajonesappraisalserv.com
Farm Credit Services of Americ	farmcreditservicesofameric.com
Elevate Appraisal Cooperative	elevateappraisalscooperative.com
Elevate Appraisal Cooperative	elevateappraisalcooperative.com
Adam Lalim	adamlalim.com
Legner Appraisals	legnerappraisal.com
Legner Appraisals	legnerappraisals.com
Longstaff Appraisals	longstaffappraisal.com
Longstaff Appraisals	longstaffappraisals.com
Nathan Maassen	nathanmaassen.com
Mackey Appraisals	mackeyappraisal.com
Mackey Appraisals	mackeyappraisals.com
Appraisal Network & Consulting	appraisalnetworkandconsulting.com
Appraisal Network & Consulting	appraisalsnetworkandconsulting.com
Melby Appraisals	melbyappraisals.com
Melby Appraisals	melbyappraisal.com
Meyer Real Estate Appraisals	meyerrealestateappraisals.com
Meyer Real Estate Appraisals	meyerrealestateappraisal.com
DL Mohr Appraisals	dlmohrappraisal.com
DL Mohr Appraisals	dlmohrappraisals.com
Nattress Appraisals	nattressappraisal.com
Nattress Appraisals	nattressappraisals.com
Cool Beans Appraisal	coolbeansappraisal.com
Cool Beans Appraisal	coolbeansappraisals.com
Noteboom Appraisals Inc	noteboomappraisals.com
Noteboom Appraisals Inc	noteboomappraisal.com
Noteboom Appaisals Inc	noteboomappaisals.com
OHara Appraisals Llc	oharaappraisals.com
OHara Appraisals Llc	oharaappraisal.com
Attig/Pedersen Mgmt Appraisals	attigpedersenmgmtappraisals.com
Attig/Pedersen Mgmt Appraisals	attigpedersenmgmtappraisal.com
Dakota Trac LLC	dakotatrac.com
Petrik Appraisals LLC	petrikappraisals.com
Petrik Appraisals LLC	petrikappraisal.com
Midprairie Appraisals Llc	midprairieappraisals.com
Midprairie Appraisals Llc	midprairieappraisal.com
Home Appraisal, LLC	homeappraisal.com
Home Appraisal, LLC	homeappraisals.com
Rasset Enterprises Inc	rassetenterprises.com
Rentel Appraisal Serv Inc	rentelappraisalerv.com
Rentel Appraisal Serv Inc	rentelappraisalserv.com
Reverts Appraisal Service, Llc	revertsappraisal.com
Reverts Appraisal Service, Llc	revertsappraisalservice.com
Reverts Appraisal Service, Llc	revertsappraisalervice.com
Rhoads Appraisals	rhoadsappraisal.com
Rhoads Appraisals	rhoadsappraisals.com
Forseti Appraisals, Inc.	forsetiappraisal.com
Forseti Appraisals, Inc.	forsetiappraisals.com
Sioux Valley Appraisal	siouxvalleyappraisals.com
Sioux Valley Appraisal	siouxvalleyappraisal.com
Rushmore Appraisals	rushmoreappraisals.com
Rushmore Appraisals	rushmoreappraisal.com
Smart Appraisals	smartappraisal.com
Smart Appraisals	smartappraisals.com
Apex Appraisal Services LLC	apexappraisalervices.com
Apex Appraisal Services LLC	apexappraisalservices.com
Apex Appraisal Services LLC	apexappraisal.com
Jsmith Appraising	jsmithappraising.com
Elevate Appraisal	elevateappraisal.com
Elevate Appraisal	elevateappraisals.com
Stelling Appraisals LLC	stellingappraisals.com
Stelling Appraisals LLC	stellingappraisal.com
Swate Appraisal Services	swateappraisal.com
Swate Appraisal Services	swateappraisalervices.com
Swate Appraisal Services	swateappraisalservices.com
Thomle Real Estate Appraisals,	thomlerealestateappraisals.com
Thomle Real Estate Appraisals,	thomlerealestateappraisal.com
Toates Appraisals Inc	toatesappraisal.com
Toates Appraisals Inc	toatesappraisals.com
Jordan Tucker	jordantucker.com
Tucker Appraisals, LLC	tuckerappraisal.com
Tucker Appraisals, LLC	tuckerappraisals.com
Tucker Engineering Services Db	tuckerengineeringservicesdb.com
Sunrise Banks	sunrisebanks.com
Elevate Appraisal Inc.	elevateappraisal.com
Elevate Appraisal Inc.	elevateappraisals.com
Sioux Empire Appraisal, LLC	siouxempireappraisals.com
Sioux Empire Appraisal, LLC	siouxempireappraisal.com
Dvi Appraisal Service	dviappraisal.com
Dvi Appraisal Service	dviappraisalervice.com
Dvi Appraisal Service	dviappraisalservice.com
Voegele Appraisals	voegeleappraisal.com
Voegele Appraisals	voegeleappraisals.com
605 Appraisal Services	605appraisal.com
605 Appraisal Services	605appraisalervices.com
605 Appraisal Services	605appraisalservices.com
Black Diamond Appraisals & Con	blackdiamondappraisalsandcon.com
Black Diamond Appraisals & Con	blackdiamondappraisalandcon.com
Patti J. Weiland	pattijweiland.com
Wellendorf Appraisals, Inc.	wellendorfappraisals.com
Wellendorf Appraisals, Inc.	wellendorfappraisal.com
Woodbury Appraisal LLC	woodburyappraisal.com
Woodbury Appraisal LLC	woodburyappraisals.com
STATEWIDE APPRAISAL SERVICE	statewideappraisalservice.com
STATEWIDE APPRAISAL SERVICE	statewideappraisal.com
STATEWIDE APPRAISAL SERVICE	statewideappraisalervice.com
MIKE F DALTON JR. & ASSOCIATES	mikefdaltonjrandassociates.com
MIKE F DALTON JR. & ASSOCIATES	mikefdaltonjrand.com
ADAMS, JAMES DUNCAN	adamsjamesduncan.com
CHRISTINE RAE ADKINS	christineraeadkins.com
TIMOTHY BRIAN ADKINS	timothybrianadkins.com
ALEXANDER, LORA J	alexanderloraj.com
ALLEN, DERRICK WAYNE	allenderrickwayne.com
PRITCHARD REALTY	pritchardrealty.com
ANDERSON, AARON	andersonaaron.com
STICKS AND STONES APPRAISAL	sticksandstonesappraisals.com
STICKS AND STONES APPRAISAL	sticksandstonesappraisal.com
ANDERSON-COX, SHERRI LAYNE	andersoncoxsherrilayne.com
ANDREWS, REBECCA LEIGH	andrewsrebeccaleigh.com
ANDREWS APPRAISAL SERVICE INC	andrewsappraisalservice.com
ANDREWS APPRAISAL SERVICE INC	andrewsappraisal.com
ANDREWS APPRAISAL SERVICE INC	andrewsappraisalervice.com
VICTOR F ANDREWS	victorfandrews.com
ANZIVINO, MATTHEW JOEL	anzivinomatthewjoel.com
ARBOGAST, ALAYNE	arbogastalayne.com
ROBIN ASHTON APPRAISER	robinashtonappraiser.com
ADKINS & ASSOCIATES, INC.	adkinsand.com
ADKINS & ASSOCIATES, INC.	adkinsandassociates.com
D. MARVIN BADGER	dmarvinbadger.com
BAGGETT & ASSOCIATES	baggettand.com
BAGGETT & ASSOCIATES	baggettandassociates.com
BAKER, BRENNA	bakerbrenna.com
NEWTON & ASSOCIATES	newtonandassociates.com
NEWTON & ASSOCIATES	newtonand.com
BALK, PATRICK ANDREW	balkpatrickandrew.com
BANKS, JALEN	banksjalen.com
ROBERT MICHAEL BANTON	robertmichaelbanton.com
GILLILAND AND ASSOCIATES	gillilandandassociates.com
GILLILAND AND ASSOCIATES	gillilandand.com
BASTIANELLI, ANTHONY	bastianellianthony.com
BATEY, CARRIE EVERETT	bateycarrieeverett.com
BATEY, SCOTT	bateyscott.com
BELASCO, MICHAEL ERIC	belascomichaeleric.com
BERNY, SAVANNAH NOELLE	bernysavannahnoelle.com
BETTENCOURT, EDWARD FRANCIS III	bettencourtedwardfrancisiii.com
BINKLEY, PATRICK DALE	binkleypatrickdale.com
MIDDLE TENNESSEE APPRAISERS	middletennesseeappraisers.com
BLEVINS, MATTHEW	blevinsmatthew.com
ANDREW TAYLOR BLUM	andrewtaylorblum.com
BORN, JENIFER LEIGH	bornjeniferleigh.com
GREY STREET APPRAISALS LLC	greystreetappraisal.com
GREY STREET APPRAISALS LLC	greystreetappraisals.com
BOYER, LAUREL E	boyerlaurele.com
BRABSON, RAVEN ALYSSA	brabsonravenalyssa.com
JOHN M BREWI	johnmbrewi.com
BRIEN, MARCIA MARIE	brienmarciamarie.com
J.E. BRISCOE APPRAISAL, LLC	jebriscoeappraisal.com
J.E. BRISCOE APPRAISAL, LLC	jebriscoeappraisals.com
CLEVELAND APPRAISAL SERVICES & HOME IMPR	clevelandappraisalservicesandhomeimpr.com
CLEVELAND APPRAISAL SERVICES & HOME IMPR	clevelandappraisalervicesandhomeimpr.com
BRYANT, BRELON	bryantbrelon.com
ANDREW JASON BUFORD	andrewjasonbuford.com
BUHLER, MARK	buhlermark.com
BULLINGTON, SARAH JOELLA	bullingtonsarahjoella.com
BURKE, MOLLY KATHLEEN	burkemollykathleen.com
MARCUM APPRAISALS	marcumappraisals.com
MARCUM APPRAISALS	marcumappraisal.com
CARTER, WADE	carterwade.com
CASAGRANDE, TOMASI JOHN	casagrandetomasijohn.com
JAMES SHERRELL CASHION	jamessherrellcashion.com
TIFFANY R CATE	tiffanyrcate.com
WILLIAM R CHAFFIN & ASSOCIATES	williamrchaffinand.com
WILLIAM R CHAFFIN & ASSOCIATES	williamrchaffinandassociates.com
CHAMBERS, BRYAN STEPHEN	chambersbryanstephen.com
CHARLES, ROBERT VERNON	charlesrobertvernon.com
CHATHAM, LUCAS	chathamlucas.com
CLAYBROOK & ASSOCIATES, LLC.	claybrookandassociates.com
CLAYBROOK & ASSOCIATES, LLC.	claybrookand.com
KRISTOPHER GARRETT CLIFTON	kristophergarrettclifton.com
CLONINGER, CYNTHIA	cloningercynthia.com
COATES, JONATHAN MATTHEW	coatesjonathanmatthew.com
COCKERHAM, WESLEY WORD	cockerhamwesleyword.com
ANDREW BRIAN COLE	andrewbriancole.com
Collard Appraisal Group II LLC	collardappraisalgroupii.com
Collard Appraisal Group II LLC	collardappraisalsgroupii.com
COLLINS APPRAISALS	collinsappraisal.com
COLLINS APPRAISALS	collinsappraisals.com
ERIC DANIEL COLLINSWORTH	ericdanielcollinsworth.com
NELSON APPRAISALS LLC	nelsonappraisals.com
NELSON APPRAISALS LLC	nelsonappraisal.com
CRAWFORD, BENJAMIN JARED	crawfordbenjaminjared.com
CROCHEN & ASSOCIATES, LLC	crochenand.com
CROCHEN & ASSOCIATES, LLC	crochenandassociates.com
CRUTCHER, LATOYA	crutcherlatoya.com
CUNEO, TERRY VERONICA	cuneoterryveronica.com
C. HOWARD DAVIS APPRAISALS	chowarddavisappraisal.com
C. HOWARD DAVIS APPRAISALS	chowarddavisappraisals.com
BRD APPRAISAL SERVICES	brdappraisalservices.com
BRD APPRAISAL SERVICES	brdappraisalervices.com
BRD APPRAISAL SERVICES	brdappraisal.com
DONNIE ROY DAVIS	donnieroydavis.com
TIMOTHY G DAVIS	timothygdavis.com
SISK, SOMMER ALICIA	sisksommeralicia.com
ATD APPRAISALS	atdappraisals.com
ATD APPRAISALS	atdappraisal.com
DIFILIPPO, JOSEPH GERAD	difilippojosephgerad.com
DILLARD, DEWAYNE BROCK	dillarddewaynebrock.com
DINH, ALEX LAN	dinhalexlan.com
MILLARD FOSTER DONNELL	millardfosterdonnell.com
DROKE, RYAN CHASE	drokeryanchase.com
MARTIN DEAN DUERRMEIER	martindeanduerrmeier.com
DULING, ROBERT HOWARD JR	dulingroberthowardjr.com
DUNN, CATHERINE	dunncatherine.com
DUNN & METZ APPRAISAL GROUP	dunnandmetzappraisalgroup.com
DUNN & METZ APPRAISAL GROUP	dunnandmetzappraisal.com
DUNN & METZ APPRAISAL GROUP	dunnandmetzappraisalsgroup.com
SUZANNE R. DUNN	suzannerdunn.com
ACCURATE APPRAISALS	accurateappraisal.com
ACCURATE APPRAISALS	accurateappraisals.com
SHEILA ELLEN EAVES	sheilaelleneaves.com
EDBERG, KAYLA	edbergkayla.com
JOSEPH CARL EDDINS JR	josephcarleddinsjr.com
ELLIS, KERRI	elliskerri.com
BRIAN LEE ESTES	brianleeestes.com
ETHINGTON, DONALD EDWARD	ethingtondonaldedward.com
EVANS, JOHN	evansjohn.com
FABIO, JOSEPH II	fabiojosephii.com
BRADLEY LYLE FAUCETT	bradleylylefaucett.com
FISHMAN, LEONARD	fishmanleonard.com
FLOYD APRAISAL WORKS	floydapraisalworks.com
FONVILLE, JONATHAN BRENT	fonvillejonathanbrent.com
KERI FORD APPRAISAL SERVICE	kerifordappraisal.com
KERI FORD APPRAISAL SERVICE	kerifordappraisalervice.com
KERI FORD APPRAISAL SERVICE	kerifordappraisalservice.com
FOSTER, ROBERT E	fosterroberte.com
FOX APPRAISALS	foxappraisal.com
FOX APPRAISALS	foxappraisals.com
FOX, WILLIAM CHADLER	foxwilliamchadler.com
STANLEY G. FRANKS	stanleygfranks.com
JENNIFER NADINE FISHER	jennifernadinefisher.com
FRISBY COMPANY	frisby.com
FUCHS, JOSHUA JOSPEH	fuchsjoshuajospeh.com
FULLER PARTNERS RE & APPRAISERS	fullerpartnersreandappraisers.com
ALPHA APPRAISALS	alphaappraisals.com
ALPHA APPRAISALS	alphaappraisal.com
GAGLIANO, JOHN	gaglianojohn.com
GALLAGHER, PATRICK KYLE	gallagherpatrickkyle.com
JOHN ANTHONY GALLINA	johnanthonygallina.com
APEX APPRAISALS	apexappraisals.com
APEX APPRAISALS	apexappraisal.com
GARDNER APPRAISAL COMPANY	gardnerappraisal.com
GARDNER APPRAISAL COMPANY	gardnerappraisals.com
J. GARNER APPRAISALS	jgarnerappraisal.com
J. GARNER APPRAISALS	jgarnerappraisals.com
GENTHER, FREDDY M	gentherfreddym.com
GIBBS, LANCE JASON	gibbslancejason.com
GIBSON, MATT	gibsonmatt.com
ALLEN APPRAISING, LLC	allenappraising.com
JESSE B GILLILAND	jessebgilliland.com
GILMORE, NATHAN ALAN	gilmorenathanalan.com
GONZALEZ, ALEJANDRO C	gonzalezalejandroc.com
GAS RESIDENTIAL LLC DBA GOODWIN APPRAISA	gasresidentialdbagoodwinappraisa.com
GOODWIN, TIMOTHY J JR	goodwintimothyjjr.com
GOSSETT, HANNAH	gossetthannah.com
GRAHAM, LATRICIA	grahamlatricia.com
LISA ANN SMITH	lisaannsmith.com
GRAY, ZACH OLIVER	grayzacholiver.com
NATHAN JAMES GRIFFIN	nathanjamesgriffin.com
NEWPORT APPRAISALS	newportappraisal.com
NEWPORT APPRAISALS	newportappraisals.com
GRISSOM, CARL ALBERT JR	grissomcarlalbertjr.com
CONCORD APPRAISAL SERVICE	concordappraisal.com
CONCORD APPRAISAL SERVICE	concordappraisalervice.com
CONCORD APPRAISAL SERVICE	concordappraisalservice.com
HAISTEN GROUP, LLC	haisten.com
HAISTEN GROUP, LLC	haistengroup.com
ADRIAN HALE & ASSOCIATES	adrianhaleandassociates.com
ADRIAN HALE & ASSOCIATES	adrianhaleand.com
HALEY-WORSHAM & ASSOCIATES	haleyworshamandassociates.com
HALEY-WORSHAM & ASSOCIATES	haleyworshamand.com
HAMBY, WILLIAM CLAYTON	hambywilliamclayton.com
WILLIAM H HAMILTON III	williamhhamiltoniii.com
STATEWIDE APPRIASAL SERVICE, INC.	statewideappriasal.com
STATEWIDE APPRIASAL SERVICE, INC.	statewideappriasalservice.com
REMAC	remac.com
MEASURED HOMES	measuredhomes.com
HARDEN, BRADFORD LYNN	hardenbradfordlynn.com
HARDESTY, JARRETT	hardestyjarrett.com
HARDING, MICHAEL	hardingmichael.com
JASON BRADFORD HARDY	jasonbradfordhardy.com
HARGIS, JEREMY	hargisjeremy.com
HARMON, KYLE AUSTIN	harmonkyleaustin.com
CORNERSTONE APPRAISAL	cornerstoneappraisals.com
CORNERSTONE APPRAISAL	cornerstoneappraisal.com
HARRISON, JACOB NEAL	harrisonjacobneal.com
HASHEMI, SHAHRIAR S	hashemishahriars.com
HATFIELD, WILLIAM JOSEPH JR	hatfieldwilliamjosephjr.com
HAVEN, JEFFREY	havenjeffrey.com
HAYES, ANDREW	hayesandrew.com
HEIGHTON, BENJAMIN	heightonbenjamin.com
HEMAIA, SAMEH S	hemaiasamehs.com
HENDERSON, RUSS	hendersonruss.com
MILLER & ASSOCIATES APPRAISAL	millerandassociatesappraisals.com
MILLER & ASSOCIATES APPRAISAL	millerandassociatesappraisal.com
ADAM S HENRY	adamshenry.com
HENSLEY, STACY WEST	hensleystacywest.com
ASLAN APPRAISALS, INC.	aslanappraisal.com
ASLAN APPRAISALS, INC.	aslanappraisals.com
HOLDER, HUDSON	holderhudson.com
HOLLOWAY, SHERRY	hollowaysherry.com
HOLMES, MARK A	holmesmarka.com
STEVE HOLMES APPRAISAL SERVICES	steveholmesappraisalservices.com
STEVE HOLMES APPRAISAL SERVICES	steveholmesappraisal.com
STEVE HOLMES APPRAISAL SERVICES	steveholmesappraisalervices.com
HOLZER, MATTHEW	holzermatthew.com
ANGELA HOUSE APPRAISAL SERVICE	angelahouseappraisalervice.com
ANGELA HOUSE APPRAISAL SERVICE	angelahouseappraisal.com
ANGELA HOUSE APPRAISAL SERVICE	angelahouseappraisalservice.com
LA HOWARD APPRAISALS	lahowardappraisal.com
LA HOWARD APPRAISALS	lahowardappraisals.com
HOWELL, OLIVIA	howellolivia.com
HUEY, JUSTIN TERRY	hueyjustinterry.com
HUNNICUTT, CATHY ANN	hunnicuttcathyann.com
STAN HUNTER	stanhunter.com
INGERSOLL, JANET CLAIRE	ingersolljanetclaire.com
IRONS, SANDI WILEE	ironssandiwilee.com
HOME TOWN APPRAISALS	hometownappraisal.com
HOME TOWN APPRAISALS	hometownappraisals.com
JAY, NATALIE	jaynatalie.com
JENKINS, DOROTHY MAYDEE	jenkinsdorothymaydee.com
JOHL, SURINDER K	johlsurinderk.com
JOHNSON APPRAISAL SERVICE	johnsonappraisal.com
JOHNSON APPRAISAL SERVICE	johnsonappraisalervice.com
JOHNSON APPRAISAL SERVICE	johnsonappraisalservice.com
ALANA MARIE JONES	alanamariejones.com
JONES, AUSTIN	jonesaustin.com
JONES, TIMOTHY DANIEL	jonestimothydaniel.com
WILLIAM S JONES	williamsjones.com
KAELBERER, JON	kaelbererjon.com
TERRILL BRIAN KELLER	terrillbriankeller.com
DAVID L KENNEDY	davidlkennedy.com
GUS GLASOCK COMPANY	gusglasock.com
KIMBLE, SCOTT ALLAN	kimblescottallan.com
KING, JEAN H	kingjeanh.com
KING, LAURA ANN	kinglauraann.com
KING, STEWART FRANKLIN	kingstewartfranklin.com
KISELAUSKAS, MICHAEL JOSEPH	kiselauskasmichaeljoseph.com
MARY KATHERINE KRAG	marykatherinekrag.com
Tennessee Appraisal Company	tennesseeappraisals.com
Tennessee Appraisal Company	tennesseeappraisal.com
MANDY LEA LANGFORD	mandylealangford.com
WILLIAM B. LANIER	williamblanier.com
NORMAN LECKIE APPRAISALS	normanleckieappraisal.com
NORMAN LECKIE APPRAISALS	normanleckieappraisals.com
RIGGLE PROPERTY SERVICE	rigglepropertyservice.com
RIGGLE PROPERTY SERVICE	riggleproperty.com
LICHTERMAN, RUTH O'RYAN	lichtermanruthoryan.com
PATRICIA C LIDDELL	patriciacliddell.com
LIMBAUGH, JERRY PHILIP JR	limbaughjerryphilipjr.com
LINDKVIST, DEBRA BARNHILL	lindkvistdebrabarnhill.com
DALTON APPRAISALS	daltonappraisals.com
DALTON APPRAISALS	daltonappraisal.com
JUSTIN LOFTIS	justinloftis.com
LOHRUM, DANIEL BENJAMIN	lohrumdanielbenjamin.com
CHRISTOPHER DEWAYNE LOONEY	christopherdewaynelooney.com
REAL ESTATES ASSOCIATES, INC.	realestates.com
REAL ESTATES ASSOCIATES, INC.	realestatesassociates.com
WILLIAM LOWE APPRAISALS	williamloweappraisal.com
WILLIAM LOWE APPRAISALS	williamloweappraisals.com
LYNN, SUSAN	lynnsusan.com
LYON, MATTHEW TIMOTHY	lyonmatthewtimothy.com
MAGDEBURG, TRACEY	magdeburgtracey.com
JARRETT HOUSTON MAGEE	jarretthoustonmagee.com
MAINGOT, GARY	maingotgary.com
JULIA MEIGS MALONE	juliameigsmalone.com
PRIORITY APPRAISAL	priorityappraisal.com
PRIORITY APPRAISAL	priorityappraisals.com
MANSFIELD, MICHAEL TODD	mansfieldmichaeltodd.com
ROY PATRICK MARLINE	roypatrickmarline.com
KIMBERLY MAYNORD	kimberlymaynord.com
MCCORKLE, ELI	mccorkleeli.com
MCDANIEL, JARED	mcdanieljared.com
MCELROY, LANCE AUSTINE	mcelroylanceaustine.com
MCGINLEY, BRYAN D	mcginleybryand.com
REMAC LLC	remac.com
MCKENZIE, IAN GEORGE	mckenzieiangeorge.com
MCPEAK, WILLIAM LEON JR	mcpeakwilliamleonjr.com
MCWHORTER, NICHOLAS ALAN	mcwhorternicholasalan.com
MILA, MICHAEL ROBGET	milamichaelrobget.com
MILLER & ASSOCIATES	millerandassociates.com
MILLER & ASSOCIATES	millerand.com
MILSTEAD'S APPRAISAL SERVICE	milsteadsappraisalervice.com
MILSTEAD'S APPRAISAL SERVICE	milsteadsappraisalservice.com
MILSTEAD'S APPRAISAL SERVICE	milsteadsappraisal.com
MILLER, CHARLOTTE M	millercharlottem.com
MILLER, MARISSA	millermarissa.com
DEBRA LYNN MIR	debralynnmir.com
MITCHELL, REBEKAH ANN	mitchellrebekahann.com
MOLONEY, GERRI	moloneygerri.com
MONSARRAT, SARAH DEFOREST	monsarratsarahdeforest.com
MOORE, MELISSA ANN	mooremelissaann.com
TIMBER REYNOLDS MOORES	timberreynoldsmoores.com
MORIN, CHRISTOPHER R	morinchristopherr.com
EDMUND TODD MORISON	edmundtoddmorison.com
KANDRA MORISON	kandramorison.com
MOSS, DAVID CECIL JR	mossdavidceciljr.com
WAYNE LEE MOUSER, JR	wayneleemouserjr.com
MARTHA JANE MOYE	marthajanemoye.com
MUSGRAVE, JUDITH L	musgravejudithl.com
NADREAU, SETH	nadreauseth.com
NELSON, LINDA GAIL	nelsonlindagail.com
NELSON, PATRICK	nelsonpatrick.com
NESTOR, DAN STEVEN	nestordansteven.com
FARM CREDIT MID-AMERICA	farmcreditmidamerica.com
O'NEAL, PATRICK M	onealpatrickm.com
MARY O'RYAN JOHNSON	maryoryanjohnson.com
OCHOA, STACY J	ochoastacyj.com
OLSON, COURTNEY LYNN	olsoncourtneylynn.com
SMOKY MOUNTAIN REAL ESTATE APPRAISERS	smokymountainrealestateappraisers.com
PARKER APPRAISAL SERVICE	parkerappraisalservice.com
PARKER APPRAISAL SERVICE	parkerappraisalervice.com
PARKER APPRAISAL SERVICE	parkerappraisal.com
PARNELL, JAMES ALAN	parnelljamesalan.com
JASON B. PAROLINI	jasonbparolini.com
PAYNE, NADA	paynenada.com
PEARSON, ANISSA	pearsonanissa.com
PEAVYHOUSE & ASSOCIATES	peavyhouseandassociates.com
PEAVYHOUSE & ASSOCIATES	peavyhouseand.com
PERDZOCK, HOLT	perdzockholt.com
PERKINS, AMY JEAN	perkinsamyjean.com
PERRY, MARCUS O'NEIL	perrymarcusoneil.com
PERSKY, TANYA	perskytanya.com
ASHLEY MARIE PETERSON	ashleymariepeterson.com
PHILLIPS, KELLY	phillipskelly.com
PILCHER, BRANDON CHASE	pilcherbrandonchase.com
POOLE, ROBERT FRANCIS JR	poolerobertfrancisjr.com
POOR, KIM S	poorkims.com
PRESCOTT, KIMBERLY DAWN	prescottkimberlydawn.com
TED MULLINS AND ASSOCIATES	tedmullinsand.com
TED MULLINS AND ASSOCIATES	tedmullinsandassociates.com
DANIEL HAMPTON QUICK	danielhamptonquick.com
RAGNO, MARK	ragnomark.com
RAMOS, PATRICIA ANN	ramospatriciaann.com
RAWLE, BRENDA	rawlebrenda.com
PHYLLIS D RAY	phyllisdray.com
REDDING, SARAH ELIZABETH	reddingsarahelizabeth.com
REDDING, TALON LOUIS	reddingtalonlouis.com
JEFFREY R REINSCH	jeffreyrreinsch.com
REVELEY, TODD	reveleytodd.com
SCOTT ALAN REZNICEK	scottalanreznicek.com
RIES, DARTAGNAN ARIE	riesdartagnanarie.com
ROBERTS, MATTHEW	robertsmatthew.com
RODRIGUEZ, ALEXANDER	rodriguezalexander.com
ROGERS, JENIFER	rogersjenifer.com
DAVID D ROSS	daviddross.com
STEPHEN SMALL ROSS	stephensmallross.com
RUSSELL, MICHAEL D	russellmichaeld.com
KENNETH SAYLOR APPRAISALS	kennethsaylorappraisal.com
KENNETH SAYLOR APPRAISALS	kennethsaylorappraisals.com
ANGELA DAWN SCHMIDT	angeladawnschmidt.com
SCHMIDT, JOHN MICHAEL	schmidtjohnmichael.com
ALLENDALE APPRAISAL SERVICES, LLC	allendaleappraisal.com
ALLENDALE APPRAISAL SERVICES, LLC	allendaleappraisalervices.com
ALLENDALE APPRAISAL SERVICES, LLC	allendaleappraisalservices.com
SHAUGHNESSY, TERRANCE PATRICK	shaughnessyterrancepatrick.com
SHIN, SUL YOUNG	shinsulyoung.com
KELLY DENISE SHIREY	kellydeniseshirey.com
SHUMATE, BENJAMIN	shumatebenjamin.com
SIMPSON APPRAISALS	simpsonappraisal.com
SIMPSON APPRAISALS	simpsonappraisals.com
SINGLETON, JUSTIN WILLIAM	singletonjustinwilliam.com
ALAN MICHAEL SINQUEFIELD	alanmichaelsinquefield.com
SMITH, DANIEL WINFORD	smithdanielwinford.com
TOWN & COUNTRY REALTY	townandcountryrealty.com
SMITH, EDWARD ANDREW	smithedwardandrew.com
SMITH, GINGER W	smithgingerw.com
SMITH, JAY COURTNEY	smithjaycourtney.com
SMITH, SHAWN HAGAN	smithshawnhagan.com
TERRY SMITH APPRAISALS	terrysmithappraisal.com
TERRY SMITH APPRAISALS	terrysmithappraisals.com
SOMPOLSKI, DANIEL PAUL	sompolskidanielpaul.com
JONATHAN BRAD SORRELLS	jonathanbradsorrells.com
SPENCER, DONALD	spencerdonald.com
PAUL ALAN STAGNER	paulalanstagner.com
STANGER, MICHAEL B	stangermichaelb.com
STARR IV, ANDREW CLAY	starrivandrewclay.com
ACCURATE APPRAISAL GROUP	accurateappraisal.com
ACCURATE APPRAISAL GROUP	accurateappraisalgroup.com
ACCURATE APPRAISAL GROUP	accurateappraisalsgroup.com
STEPNICK, SHARI	stepnickshari.com
STIEGHAN, KURT A	stieghankurta.com
STINE APPRAISAL SERVICES INC	stineappraisalservices.com
STINE APPRAISAL SERVICES INC	stineappraisalervices.com
STINE APPRAISAL SERVICES INC	stineappraisal.com
STONE, ANNA NALENE	stoneannanalene.com
STONE, KALEY	stonekaley.com
LLOYD E. STOUDER II	lloydestouderii.com
STOUDER, SETH	stouderseth.com
STREJAN, HEATHER	strejanheather.com
SULAMO, CYNTHIA A	sulamocynthiaa.com
JOHN SURBER APPRAISALS	johnsurberappraisal.com
JOHN SURBER APPRAISALS	johnsurberappraisals.com
SWANSON, CHERYL LYNN	swansoncheryllynn.com
SZALACINSKI, ERIC JAMES	szalacinskiericjames.com
TAMAS, COSMIN	tamascosmin.com
TARY, GERALD	tarygerald.com
TAYLOR, JASON	taylorjason.com
SELLERS REALTY, LLC.	sellersrealty.com
TAYLOR, ROBERT ALLEN JR	taylorrobertallenjr.com
TEAL, JOSEPH	tealjoseph.com
TELWAR, AYUBKHAN	telwarayubkhan.com
TERRY, LOGAN MCKINLEY	terryloganmckinley.com
CLEVELAND APPRAISAL SERVICES & HOME INSP	clevelandappraisalservicesandhomeinsp.com
CLEVELAND APPRAISAL SERVICES & HOME INSP	clevelandappraisalervicesandhomeinsp.com
BOB THOMAS	bobthomas.com
THOMAS APPRAISAL	thomasappraisal.com
THOMAS APPRAISAL	thomasappraisals.com
THOMPSON, BRIAN ALLEN	thompsonbrianallen.com
ELITE APPRAISALS INC	eliteappraisals.com
ELITE APPRAISALS INC	eliteappraisal.com
TOUNEY, BRYAN JOSEPH	touneybryanjoseph.com
TREMBLAY, JOHN BRYAN	tremblayjohnbryan.com
TRICE, CAROL LOUISE	tricecarollouise.com
SOUTHERN APPRAISAL NETWORK INC	southernappraisalsnetwork.com
SOUTHERN APPRAISAL NETWORK INC	southernappraisalnetwork.com
TROSPER, JENNIFER S	trosperjennifers.com
SANDRA C TUCK	sandractuck.com
UPHOLD, MOLLIE	upholdmollie.com
VEST, NICHOLAS CHARLES	vestnicholascharles.com
VONDRAN, THOMAS PATRICK	vondranthomaspatrick.com
VOSSLER, MAGGIE	vosslermaggie.com
WALDROP, JASON	waldropjason.com
WALKER, RAYMOND CLINTON	walkerraymondclinton.com
WAMPLER, WILLIAM RUSSELL	wamplerwilliamrussell.com
SANDRA KAY WARD	sandrakayward.com
CELESTE MARIE SULLIVAN	celestemariesullivan.com
WATTS, NATHAN ANDREW	wattsnathanandrew.com
WEBB, KORY BRANDON	webbkorybrandon.com
WHITE, WILLIAM T	whitewilliamt.com
BLAIR & WHITE APPRAISALS, LLC	blairandwhiteappraisal.com
BLAIR & WHITE APPRAISALS, LLC	blairandwhiteappraisals.com
JEFF CRAWFORD & ASSOCIATES	jeffcrawfordandassociates.com
JEFF CRAWFORD & ASSOCIATES	jeffcrawfordand.com
WHOLIHAN, PADDY ANTHONY	wholihanpaddyanthony.com
WIGGINS, CODY	wigginscody.com
WILCOXON, ANDREW DUDLEY	wilcoxonandrewdudley.com
WILLIAMS APPRAISAL SERVICE	williamsappraisalservice.com
WILLIAMS APPRAISAL SERVICE	williamsappraisalervice.com
WILLIAMS APPRAISAL SERVICE	williamsappraisal.com
CYNTHIA SUE WILLS	cynthiasuewills.com
WILSON, BROOKE	wilsonbrooke.com
COUNTRY BOY REALTY AND AUCTION	countryboyrealtyandauction.com
WILSON, MATTHEW DARWIN	wilsonmatthewdarwin.com
WIMBERLY APPRAISAL SERVICE	wimberlyappraisalervice.com
WIMBERLY APPRAISAL SERVICE	wimberlyappraisal.com
WIMBERLY APPRAISAL SERVICE	wimberlyappraisalservice.com
WINGET, ANDREW STEVEN	wingetandrewsteven.com
WINKELMAN, JONATHAN STEPHEN	winkelmanjonathanstephen.com
DAVID MORRIS WOLFF	davidmorriswolff.com
1 TREE REAL ESTATE APPRAISAL SERVICE	1treerealestateappraisalervice.com
1 TREE REAL ESTATE APPRAISAL SERVICE	1treerealestateappraisalservice.com
1 TREE REAL ESTATE APPRAISAL SERVICE	1treerealestateappraisal.com
WRIGHT, TIMOTHY NOTEN	wrighttimothynoten.com
YOUNG, RACHAEL	youngrachael.com
ZIMMERMAN, CHRISTINA HOLBROOK	zimmermanchristinaholbrook.com
ABBOTT, ROBERT JACKSON	abbottrobertjackson.com
ABURIME, IKPONMWOSA ODARO	aburimeikponmwosaodaro.com
ACKER, JOSEPH EDWARD	ackerjosephedward.com
VERITAS APPRAISAL PARTNERS	veritasappraisalspartners.com
VERITAS APPRAISAL PARTNERS	veritasappraisalpartners.com
AGBONIFO, UGIOMO ELIZABETH	agbonifougiomoelizabeth.com
AGUIRRE CERVANTES, ALEJANDRO	aguirrecervantesalejandro.com
AKIN, CHASE DAVIS	akinchasedavis.com
ALBERT, AARON WAYNE	albertaaronwayne.com
ALBERTSON, JEFFREY DEAN	albertsonjeffreydean.com
ALBERTSON, LAWRENCE EDWARD	albertsonlawrenceedward.com
ALLENDORF, DUSTY SUZANNE	allendorfdustysuzanne.com
ALLEY, BRADFORD DOUGLAS	alleybradforddouglas.com
ALONZO, HOLLY	alonzoholly.com
AMORIELLO, ANGELO FRANK	amorielloangelofrank.com
ANDREWS, JAMES ANTHONY	andrewsjamesanthony.com
ANDREWS, NICOLE DIANE	andrewsnicolediane.com
ANSARI, ED	ansaried.com
ANSELMO, MARK-DAVID	anselmomarkdavid.com
ARMOUR, JOHN MICHAEL	armourjohnmichael.com
ARNOLD, AARON CHARLES	arnoldaaroncharles.com
ARNOLD, ROBERT KENNEDY	arnoldrobertkennedy.com
ARNOLD, SHARON B	arnoldsharonb.com
ARVESEN, THOMAS F	arvesenthomasf.com
ASCIOTI, CHRISTOPHER ANTHONY	asciotichristopheranthony.com
ASHE, JOHN PARKER	ashejohnparker.com
ASHMORE, STACIA LEIGH	ashmorestacialeigh.com
ATWOOD, TRAVIS E	atwoodtravise.com
AUFFET, SHARON KAY	auffetsharonkay.com
AULT, MICHAEL ONEAL	aultmichaeloneal.com
AYALA, RIGO ALBERT	ayalarigoalbert.com
BACA, LUCIAN VIRGIL	bacalucianvirgil.com
BACHER, MARK	bachermark.com
BACHER, SARA	bachersara.com
BAETZ, CAL WILLIAM	baetzcalwilliam.com
BAKER, FRANK EUGENE	bakerfrankeugene.com
BAKER, JAMES D	bakerjamesd.com
BARBER, CHRISTOPHER CHARLES	barberchristophercharles.com
BARNES, PAUL A	barnespaula.com
BARRETT, LAWSON R	barrettlawsonr.com
BARRIGA, RAUL ANTONIO	barrigaraulantonio.com
BATES, MATTHEW WELLINGTON	batesmatthewwellington.com
BATEY, ROSS ANDREW	bateyrossandrew.com
BAYLON, ERIK	baylonerik.com
BEAIRD, CHRISTOPHER ALLEN	beairdchristopherallen.com
BEAUCHESNE MACK, DEBORAH A	beauchesnemackdeboraha.com
BECKER, DOLORES ANN	beckerdoloresann.com
BECKER, KENNETH LYNWOOD	beckerkennethlynwood.com
BEEVERS, ROBERT DAVID	beeversrobertdavid.com
BELL, JONATHAN WAYNE	belljonathanwayne.com
BENEFIEL, MARY CATHRYN	benefielmarycathryn.com
BENNETT, TRAVIS J	bennetttravisj.com
BENSO, EVERETT TOBIAS	bensoeveretttobias.com
BERGERON, REBECCA JANE	bergeronrebeccajane.com
BIELAMOWICZ, GREGORY ADAM	bielamowiczgregoryadam.com
BIGGERS, TERESA GAY	biggersteresagay.com
BIGGS, DANIELLE NICHOLE	biggsdaniellenichole.com
BINGHAM, JOHN ANDREW	binghamjohnandrew.com
BIRD, AMANDA KATHERINE	birdamandakatherine.com
BLACK, AMY LYNN	blackamylynn.com
BLACKINGTON, ASHLEY NICOLE	blackingtonashleynicole.com
BLACKKETTER, KAREN KATHLEEN	blackketterkarenkathleen.com
BLACKMON, JAMES SHAUN	blackmonjamesshaun.com
BLUM, GREGORY TODD	blumgregorytodd.com
BOCOCK, JOHN IRVIN	bocockjohnirvin.com
BODDEN, VILMA	boddenvilma.com
BODE, KERRY NELSON	bodekerrynelson.com
BOGGESS, CHARLES REYNOLD	boggesscharlesreynold.com
BOLF, ALVIN JEROME	bolfalvinjerome.com
BOLLACK, BRANDI LEIGH	bollackbrandileigh.com
BOND, DOUGLAS RYAN	bonddouglasryan.com
BOND, LANCE ALAN	bondlancealan.com
BOWDEN, ERIC	bowdeneric.com
BOWLES, JAMES M	bowlesjamesm.com
BOWMAN, ROBERT CLIFFORD	bowmanrobertclifford.com
BOX, TRAVIS KIP	boxtraviskip.com
BOYD, JEFFREY TODD	boydjeffreytodd.com
BRACKIN, GARY LOYD	brackingaryloyd.com
BRADEN, TRACY ELIZABETH	bradentracyelizabeth.com
BRADLEY, ROBERT LEE JR	bradleyrobertleejr.com
BRANN, LEE	brannlee.com
BRAZEAL, CON EVAN	brazealconevan.com
BREDICE, ALLAN E	brediceallane.com
BREWSTER, CARYL MARQUETT	brewstercarylmarquett.com
BRIGHTWELL, LARRY EDWIN	brightwelllarryedwin.com
BROWN, JACK	brownjack.com
BROWN, JOEL EVERETT JR	brownjoeleverettjr.com
BROWN, SARRA VERONA	brownsarraverona.com
BROWN, SELINA LEE	brownselinalee.com
BROWN, STEVEN GLEN	brownstevenglen.com
BRYANT, GRACE PATRICIA	bryantgracepatricia.com
BUBEL, PAUL DAVID	bubelpauldavid.com
BUCHANAN, REBECCA ANN	buchananrebeccaann.com
BUCK, ROBERT LEE	buckrobertlee.com
BURKETT, WHITNEY PAIGE	burkettwhitneypaige.com
BURNETT, ANDREW LARRY	burnettandrewlarry.com
BURTON, DOUGLAS ALAN	burtondouglasalan.com
BUTLER, JADON	butlerjadon.com
BYRD, WENDY NICOLE	byrdwendynicole.com
CAGLE, PAMALA SUE	caglepamalasue.com
CAIN, THOMAS EDWARD JR	cainthomasedwardjr.com
CALE, DAVID DONALD	caledaviddonald.com
CALZAVARA, CHRISTOPHER	calzavarachristopher.com
CAMERON, MARK EDWARD	cameronmarkedward.com
CAMMERER, LAURA C	cammererlaurac.com
CAMP, NICHOLAS DANIEL	campnicholasdaniel.com
CAMP, TERRY RAY JR	campterryrayjr.com
CANFIELD, ELIZABETH BYERS	canfieldelizabethbyers.com
CANGELOSE, MARTIN GERARD	cangelosemartingerard.com
CAO, TAM	caotam.com
CARROLL, STEVEN PAUL	carrollstevenpaul.com
CARSON, LAURA E	carsonlaurae.com
CARTER, JARED WAYNE	carterjaredwayne.com
CARTER, RICHARD WESLEY	carterrichardwesley.com
CASANOVA, JACOB ALFONSO	casanovajacobalfonso.com
CASHMAN, KEVIN MICHAEL	cashmankevinmichael.com
CASTILLO, LEONIDES LERMA	castilloleonideslerma.com
CASTO, ADAM CHRISTIAN	castoadamchristian.com
CATHERS, COURTNIE MEAGAN	catherscourtniemeagan.com
CAVALIERE, SALVADOR	cavalieresalvador.com
CHANDLER, CHRISTOPHER	chandlerchristopher.com
CHANDLER, JOEY PATRICK	chandlerjoeypatrick.com
CHANGOS, GEORGE STEPHEN	changosgeorgestephen.com
CHERWONOGRODZKY, ROMAN	cherwonogrodzkyroman.com
CHIARA, DANIEL ISAAC	chiaradanielisaac.com
CHISUM, CARRIE LANE	chisumcarrielane.com
CHRISTIAN, RAYMOND BERYL JR	christianraymondberyljr.com
CIFUENTES, RAUL ALBERTO	cifuentesraulalberto.com
CITTY, JAMES DEREK	cittyjamesderek.com
CLARK, CHERYL ANN	clarkcherylann.com
CLARK, ERIK	clarkerik.com
CLARK, HAYDEN JUSTIN	clarkhaydenjustin.com
CLARK, TERRY KILEY	clarkterrykiley.com
CLAWSON, HELEN JO	clawsonhelenjo.com
CLAYTON, DAVID CARLOS	claytondavidcarlos.com
CLEMONS, JAMAR ANTHONY	clemonsjamaranthony.com
CLONINGER, MACKENZIE JORDAN	cloningermackenziejordan.com
COATS, PATRICK K	coatspatrickk.com
COGUOX, TATIANA GABRIELA CABRERA	coguoxtatianagabrielacabrera.com
COHEN, MARK STEVEN	cohenmarksteven.com
COKER, SCOTT JERRY	cokerscottjerry.com
COLE, LAWRENCE CLAYTON	colelawrenceclayton.com
COLEMAN, MYRON LERONE	colemanmyronlerone.com
COLLINS, AMANDA LORAINE	collinsamandaloraine.com
COLTHARP, ROBERT GREGORY	coltharprobertgregory.com
HABITAT APPRAISAL	habitatappraisals.com
HABITAT APPRAISAL	habitatappraisal.com
CORCORAN, TIMOTHY WILLIAM	corcorantimothywilliam.com
CORTEZ, JOSEPH ANTHONY	cortezjosephanthony.com
COTTRELL, RODNEY LEWIS	cottrellrodneylewis.com
COUTEE, JOHN ZACHARY	couteejohnzachary.com
COX, MARK WILLIAM	coxmarkwilliam.com
COX, RHONDA SHEREE	coxrhondasheree.com
CRAWFORD, DENNIS D	crawforddennisd.com
CRELLIN, STEVEN KELLY	crellinstevenkelly.com
CROMWELL, ANGELA	cromwellangela.com
CROWELL, STEPHEN RONNY	crowellstephenronny.com
CUNNINGHAM, MICHAEL S	cunninghammichaels.com
CURIEL, DAVID	curieldavid.com
CURRIE, CARLTON	curriecarlton.com
CURRIER, PATRICK JOSEPH	currierpatrickjoseph.com
CZARNECKI-GRIFFIN, ROBIN DEANN	czarneckigriffinrobindeann.com
DAGLEY, JARED EUGENE	dagleyjaredeugene.com
DANCHAK, ANDREA REBECCA	danchakandrearebecca.com
DAVILA, SYLVIA	davilasylvia.com
DAVIS, CHAD ALAN	davischadalan.com
DAVIS, CHRIS BRYAN	davischrisbryan.com
DAVIS, DUSTIN LANE	davisdustinlane.com
DAVIS, KEVIN CARL	daviskevincarl.com
DAVIS, ROBERT DWAYNE	davisrobertdwayne.com
DAVIS, ROBERT L	davisrobertl.com
DAVIS, TODD EUGENE	davistoddeugene.com
DAY, GRANT RYAN	daygrantryan.com
DE DIESBACH, YVES	dediesbachyves.com
DELANEY, PATRICK MICHAEL	delaneypatrickmichael.com
DELONG, LESA CAROL	delonglesacarol.com
GEORGE K. DEMOPULOS, APPRAISER	georgekdemopulosappraiser.com
DENOYER, JOSHUA PAUL	denoyerjoshuapaul.com
DEXTER, DARIN W	dexterdarinw.com
DIAMOND, BRICE BRITTAN	diamondbricebrittan.com
DICKEN, MARTY LYNN	dickenmartylynn.com
DICKERSON, JASON ALLEN	dickersonjasonallen.com
DICKERSON, KERI RENAE	dickersonkerirenae.com
DIETERT, TRENT WILKES	dieterttrentwilkes.com
DIETRICH, DAVID MICHAEL	dietrichdavidmichael.com
DIETSCHWEILER, MICHAEL SCOTT	dietschweilermichaelscott.com
DIEUDONNE, AARON FRANK	dieudonneaaronfrank.com
DILL, PHILIP JAY	dillphilipjay.com
DIRKMAAT, BREEANE	dirkmaatbreeane.com
DOBBS, HANSEL	dobbshansel.com
DODSON, ANN M	dodsonannm.com
DORMAN, MONICA SHERIDAN	dormanmonicasheridan.com
DOTSON, DAVID KYLE	dotsondavidkyle.com
DOW, BENJAMIN	dowbenjamin.com
DRANGUET, BENJAMIN NORRIS	dranguetbenjaminnorris.com
DRAPELA, CHARLES DAVID	drapelacharlesdavid.com
DRENNAN, TIMOTHY L	drennantimothyl.com
DUCLOUX, KASEY CHRISTIAN	duclouxkaseychristian.com
DUNAGAN, BRADLEY SEAN	dunaganbradleysean.com
DUNCAN, BARRY KEITH	duncanbarrykeith.com
DUNCAN, GLENDA L	duncanglendal.com
DUNNING, CHRISTOPHER JOHN	dunningchristopherjohn.com
DYER, LARRY JOE	dyerlarryjoe.com
DYSART, MARGARET KILEY	dysartmargaretkiley.com
EBELING, JUSTIN ALAN	ebelingjustinalan.com
EBOH, ALLISON OKENNA	ebohallisonokenna.com
EDDLETON, MICHAEL DAVID	eddletonmichaeldavid.com
EDGAR, BRADFORD LEE	edgarbradfordlee.com
EDWARDS, MICHAEL ALLEN	edwardsmichaelallen.com
EHR, KIMBERLY ALLISON	ehrkimberlyallison.com
EHRMAN, ANDREW MARK	ehrmanandrewmark.com
ELIZONDO, CARLOS A	elizondocarlosa.com
ELLIS, LAWRENCE A	ellislawrencea.com
ELLISOR, RANDY RAY	ellisorrandyray.com
ELZA, JAYLEEN BREIONA	elzajayleenbreiona.com
EMMETT, BRETT HUNTER	emmettbretthunter.com
ESPADA, NICOLE MARIE	espadanicolemarie.com
ESSA, CHARLES FRED	essacharlesfred.com
EVANS, CHRIS	evanschris.com
FANCHER, BRYAN JASON	fancherbryanjason.com
FANNIN, CYNTHIA GAIL	fannincynthiagail.com
FANNIN, SAMUEL RAY	fanninsamuelray.com
FARMER, STACY L	farmerstacyl.com
FARRIS, CHARLES JOHN	farrischarlesjohn.com
FELSKE, CHARLES ADAM	felskecharlesadam.com
FERGUSON, JENNIFER DAWN	fergusonjenniferdawn.com
FICHT, JAMES EDWARD	fichtjamesedward.com
FLAA, RICHARD ANDREW	flaarichardandrew.com
FLEETWOOD, BRIAN CHARLES	fleetwoodbriancharles.com
FLORES, JARED R	floresjaredr.com
FLORES, JUDITH	floresjudith.com
FLORES, MARIA DEL CARMEN	floresmariadelcarmen.com
DWAYNE FLOWERS APPRAISALS, LLC	dwayneflowersappraisals.com
DWAYNE FLOWERS APPRAISALS, LLC	dwayneflowersappraisal.com
FOLEY, EMMETT LEONARD III	foleyemmettleonardiii.com
FOLTZ, JOHN F JR	foltzjohnfjr.com
FONTANA, LAURIE CARDEN	fontanalauriecarden.com
FOSTER, BRADLEY KEITH	fosterbradleykeith.com
FOSTER, ROBERT GREGG	fosterrobertgregg.com
FOX, STEVEN WAYNE	foxstevenwayne.com
FREEMAN, JORDAN KOBY	freemanjordankoby.com
FRITZ, ANGELA KAY	fritzangelakay.com
FROST, KRISTA JO	frostkristajo.com
FULLER, LARRY PAUL	fullerlarrypaul.com
FUNKHOUSER, BRIAN	funkhouserbrian.com
FURDON, JONATHAN MICHAEL	furdonjonathanmichael.com
GALASSI, DAVID CARL	galassidavidcarl.com
GALLOWAY, PAULA ANN	gallowaypaulaann.com
GALVIN, RYAN EDWARD	galvinryanedward.com
GAMBLE, CHRISTOPHER THOMAS	gamblechristopherthomas.com
GANTT, SARAH STELLA	ganttsarahstella.com
GARCES, EDUARDO	garceseduardo.com
GARCIA, FERNANDO	garciafernando.com
GARCIA, MIKE R	garciamiker.com
GARDNER, CHARLES WILLIAM	gardnercharleswilliam.com
GARITO, ERICA MICHELLE	garitoericamichelle.com
GARNER, KRISTIN LEIGH	garnerkristinleigh.com
GARNER, KYLE	garnerkyle.com
GARRETT, DANIEL JAY	garrettdanieljay.com
GARRISON, BRYAN WESLEY	garrisonbryanwesley.com
GARTH, TYRRELL THOMAS	garthtyrrellthomas.com
GARVIN, KRISTI DAWN	garvinkristidawn.com
GARZA, NANCY JO	garzanancyjo.com
GASPARD, CRAIG THOMAS	gaspardcraigthomas.com
GASTIN, TIMOTHY DAVID	gastintimothydavid.com
GATES, ROBERT W	gatesrobertw.com
GAUTREAUX, ROBERT LAWRENCE	gautreauxrobertlawrence.com
GAYLER, AMANDA RENEE	gayleramandarenee.com
GEBHARDT, JADE	gebhardtjade.com
GEORGE, SHERRE ANDREWS	georgesherreandrews.com
GERBER, JACOB	gerberjacob.com
GERLICH, DWAYNE	gerlichdwayne.com
GIMBLET, CHRISTOPHER JOHN	gimbletchristopherjohn.com
GOATES, JOSEPH KEVIN	goatesjosephkevin.com
GODINA, SERGIO	godinasergio.com
GODWIN, AMANDA BROOKE	godwinamandabrooke.com
GOLDEN, AMY NICOLE	goldenamynicole.com
GOLDSMITH, BYRON LANCE	goldsmithbyronlance.com
GOMEZ, TERESA ANN	gomezteresaann.com
GOMEZ, XAVIER DE	gomezxavierde.com
GONTERMAN, BRIAN NICHOLAS	gontermanbriannicholas.com
GONZALEZ, JAMES ANTHONY	gonzalezjamesanthony.com
GONZALEZ, RODRIGO	gonzalezrodrigo.com
GONZALEZ, SAMUEL	gonzalezsamuel.com
GOOD, MITCHELL EUGENE	goodmitchelleugene.com
GOOD, TIFFANY MICHELLE	goodtiffanymichelle.com
GOODMAN, JOHN H	goodmanjohnh.com
GRAHAM, JONATHAN LEE	grahamjonathanlee.com
GRAMBLING, RYAN OWEN	gramblingryanowen.com
GRANGER, TERRY MARK	grangerterrymark.com
GRAY, ROGER WAYNE	grayrogerwayne.com
GRAZIANO, VINCENT RALPH	grazianovincentralph.com
GREEN, CHRISTOPHER JAMES	greenchristopherjames.com
GREEN, JONATHON LEE	greenjonathonlee.com
GREMAR, DAVID MICHAEL	gremardavidmichael.com
GREMAR, SUE NELL	gremarsuenell.com
GRIFFIN, DINA MILLER	griffindinamiller.com
GRIMES, DOUGLAS WILLIAM	grimesdouglaswilliam.com
GROSS, BENIAMIN	grossbeniamin.com
GROSS, OTNIEL	grossotniel.com
GUERRERO, GRISELDA	guerrerogriselda.com
GUTIERREZ, NATHANIEL ALEXANDER	gutierreznathanielalexander.com
HADEN, EARL NOBLE JR	hadenearlnoblejr.com
HALL, CHRISTOPHER DOUGLAS	hallchristopherdouglas.com
HALL, DANIEL TRAVIS	halldanieltravis.com
HALL, GARY ROGER	hallgaryroger.com
HALL, ROGER BRYAN	hallrogerbryan.com
HALLMARK, PRISCILLA JEAN	hallmarkpriscillajean.com
HAMILTON, JOHN WILLIAM JR	hamiltonjohnwilliamjr.com
HAMRIC, MARK HUGHES	hamricmarkhughes.com
HANCOCK, WENDY RUTH	hancockwendyruth.com
HANKINS, SCOTT RUSSELL	hankinsscottrussell.com
HANKS, MICHAEL EUGENE	hanksmichaeleugene.com
HANNA, BRANDON LEWIS	hannabrandonlewis.com
HARKRIDER, DEREK WADE	harkriderderekwade.com
HARP-STEARNS, CHELSEA NICOLE	harpstearnschelseanicole.com
HARPER, JULIE ANNE	harperjulieanne.com
HARRIS, BENJAMIN EDWARD	harrisbenjaminedward.com
HARRIS, CAROL C	harriscarolc.com
HARRIS, JAMES ADRIAN	harrisjamesadrian.com
HARRIS, ZAIRE I'KEE	harriszaireikee.com
HART, TRAVIS EDWARD	harttravisedward.com
HARTNEY, CHRISTOPHER PAUL	hartneychristopherpaul.com
HARVEY, ROBERT ANTHONY	harveyrobertanthony.com
HASHEMI, SHAHRIAR SHAIN	hashemishahriarshain.com
HASHIMOTO, DIANE M	hashimotodianem.com
HATFIELD, JOSHUA SHAE	hatfieldjoshuashae.com
HAWES, SEAN TAYLOR	hawesseantaylor.com
HAYES, RACHEL	hayesrachel.com
HAYS, JEFFREY LELL	haysjeffreylell.com
HEARD, MARSHALL E	heardmarshalle.com
HEARNE, RICHARD BRIAN	hearnerichardbrian.com
HEEREN, JOHN PAUL	heerenjohnpaul.com
HEEREN, TAMARA SUSAN	heerentamarasusan.com
HEIDECKER, ANGELA LYNN	heideckerangelalynn.com
HELLUMS, KALEB JOSEF	hellumskalebjosef.com
HENDERSON, JANA KAY	hendersonjanakay.com
HENDRICKS, DOUGLAS E	hendricksdouglase.com
HENDRIX, SUSAN RENEE	hendrixsusanrenee.com
HENLEY, JANET L	henleyjanetl.com
HENNESSEY, SUSAN ELAINE	hennesseysusanelaine.com
HENSON, JERRY PAUL	hensonjerrypaul.com
HEREDIA, GEORGE	herediageorge.com
HERNANDEZ, EMILIO ALBERTO	hernandezemilioalberto.com
HERNDON, RICHARD FARMER JR	herndonrichardfarmerjr.com
HETTLER, DEANNA LYNN	hettlerdeannalynn.com
HEWERDINE, CRAIG RICHARD	hewerdinecraigrichard.com
HILL, JASON CHAD	hilljasonchad.com
HILL, TRISTA REVES	hilltristareves.com
HILTY, DARRON MICHAEL	hiltydarronmichael.com
HINSHAW, STEPHEN SIMPSON	hinshawstephensimpson.com
HODGE, RICHARD POPE	hodgerichardpope.com
HODGES, JACOB RYAN	hodgesjacobryan.com
HOFFMAN, MYLES BRENT	hoffmanmylesbrent.com
HOGAN, SAMUEL DUANE	hogansamuelduane.com
HOLLAR, SKIPPER KEITH	hollarskipperkeith.com
HOLLE, GUNNER	hollegunner.com
HOLLE, MARILYN STALBAUM	hollemarilynstalbaum.com
HOLLINGSWORTH, RICHARD LEE	hollingsworthrichardlee.com
HOLLOMAN, JASON WAYNE	hollomanjasonwayne.com
HOLLOWELL, KYLE LANE	hollowellkylelane.com
HOLYOAK, DONNA JO	holyoakdonnajo.com
HONEY, JOSHUA ALLEN	honeyjoshuaallen.com
HOPKINS, JAMIE DAWN	hopkinsjamiedawn.com
HOPPER, WALTER HENRY	hopperwalterhenry.com
HORNBERGER, ROBERT WAYNE	hornbergerrobertwayne.com
HOUSE, CATINA T	housecatinat.com
HOUSEWRIGHT, DERREK SEAN	housewrightderreksean.com
HOWARD, ADAM CHARLES	howardadamcharles.com
HOWELL, BARRY TORINO	howellbarrytorino.com
HUGGINS, JAKE LARSON	hugginsjakelarson.com
HUGHES, ANDREW GEORGE	hughesandrewgeorge.com
HUGHES, ROBERT HEATH	hughesrobertheath.com
HUNT, CHRISTOPHER M	huntchristopherm.com
HUNTER, ANGELA MARTINI	hunterangelamartini.com
HUNTER, BARRY SCOTT	hunterbarryscott.com
HUNTER, CLIFTON	hunterclifton.com
HUSSONG, JOSHUA DEAN	hussongjoshuadean.com
HYBNER, MEGAN	hybnermegan.com
IKENBERRY, MATTHEW JAMES	ikenberrymatthewjames.com
INGRAM, PATRICK	ingrampatrick.com
ISOM, ALISON DARE	isomalisondare.com
JACKSON, DEAN EDWARD	jacksondeanedward.com
JACKSON, OLIVER GIL	jacksonolivergil.com
JACKSON, SUSAN DALTON	jacksonsusandalton.com
JAMES, RODNEY CRAIG	jamesrodneycraig.com
JANTZEN, CARMEN GUADALUPE	jantzencarmenguadalupe.com
JEAN, CASEY	jeancasey.com
JEFFERSON, JASON LAMONT	jeffersonjasonlamont.com
JEFFRIES, DEBRA PAMELA	jeffriesdebrapamela.com
JENNINGS, ROBERT LAURENCE	jenningsrobertlaurence.com
JESSEN, JOSHUA JOSEPH	jessenjoshuajoseph.com
JIMENEZ, MARCELLA	jimenezmarcella.com
JIVIDEN, DOUGLAS EDWIN	jividendouglasedwin.com
JOHNSON, AMANDA JEAN	johnsonamandajean.com
JOHNSON, ANDREA ROSE	johnsonandrearose.com
JOHNSON, CALLIE DEE	johnsoncalliedee.com
JOHNSON, CHERI	johnsoncheri.com
JOHNSON, CLINTON ALAN	johnsonclintonalan.com
JOHNSON, KATHRYN BELLE	johnsonkathrynbelle.com
JOHNSON, SHANNON EUGENE	johnsonshannoneugene.com
JOHNSON, WILLIAM NOEL	johnsonwilliamnoel.com
JOHNSON ANDRUS, KIMBERLY	johnsonandruskimberly.com
JOHNSTON, HANSEN BEAU	johnstonhansenbeau.com
JONES, ALLAN D	jonesalland.com
JONES, JANA CAROL	jonesjanacarol.com
JONES, RICHARD GRAHAM	jonesrichardgraham.com
JORDAN, PERI LEIGH	jordanperileigh.com
JOVANE, KELLIE RENEE	jovanekellierenee.com
JUDD, LANCE RAY	juddlanceray.com
JULIAN, MARK HAYNES	julianmarkhaynes.com
KAHANE, STEVE S	kahanesteves.com
KANGIESER, JEFFREY MICHAEL	kangieserjeffreymichael.com
KASTNER, KRISTOPHER M	kastnerkristopherm.com
KELLY, KAITLIN BOMAR	kellykaitlinbomar.com
KESHANI, SURESH A	keshanisuresha.com
KETCHUM, TIMOTHY WAYMON	ketchumtimothywaymon.com
KEY, CARLTON SCOTT	keycarltonscott.com
KEY, RENEE	keyrenee.com
KIDD, CHRISTINE MARIE	kiddchristinemarie.com
KIDD, JACOB ADAM	kiddjacobadam.com
KIMZEY, PATRICIA MAY	kimzeypatriciamay.com
KING, DANA	kingdana.com
KING, TERRY A	kingterrya.com
KIRBY, BRADY ALAN	kirbybradyalan.com
KIRCHEN, JOHN WALTER	kirchenjohnwalter.com
KIRCHMAN, DEVLIN DREW	kirchmandevlindrew.com
KIRK, PATRICIA S	kirkpatricias.com
KIRKPATRICK, BRIAN NOLEN	kirkpatrickbriannolen.com
KISER, JACKSON COLE	kiserjacksoncole.com
KISER, SAMUEL CHASE	kisersamuelchase.com
KITTEN, MINDI LEIGH	kittenmindileigh.com
KNABE, CARRIE DAWN	knabecarriedawn.com
KNIBBE, SKYLER	knibbeskyler.com
KOCIAN, COURTNEY LYNN	kociancourtneylynn.com
KOENTOPP, SANDRA K	koentoppsandrak.com
KOOB, RICHARD EDWARD	koobrichardedward.com
KORRECK, DANIEL ROBERT	korreckdanielrobert.com
KORREY, JACOB	korreyjacob.com
KOVAR, JERRY C	kovarjerryc.com
KOZSUCH, SETH ANDREW	kozsuchsethandrew.com
KRACY, JOHN CLAYTON	kracyjohnclayton.com
KUBENA, JESSICA	kubenajessica.com
KUEHN, SUSAN GAY	kuehnsusangay.com
LACHOWSKY, PAUL JOSEPH	lachowskypauljoseph.com
LAGOW, KYLE WILLIAM	lagowkylewilliam.com
LAIRD, STANTON JAMES	lairdstantonjames.com
LAKE, CARRIE JEAN	lakecarriejean.com
LAMBERT, HOLLY ANN	lamberthollyann.com
LANGFORD, MADISON	langfordmadison.com
LANGHENRY, LORI LYNN	langhenrylorilynn.com
PEDEN, DELAINE	pedendelaine.com
LAY, MICHAEL SCOTT	laymichaelscott.com
LEAL, JENELLE LIZETTE	lealjenellelizette.com
LEE, AUSTAN GEOFFREY	leeaustangeoffrey.com
LEFFORGE, KATHY DELL	lefforgekathydell.com
LEHARDY, RAOUL ETIENNE	lehardyraouletienne.com
LEHRMANN, JEANNE LEE	lehrmannjeannelee.com
LEIBHAM, TESSA EILEEN	leibhamtessaeileen.com
LEMMON, PAUL	lemmonpaul.com
LEONARD, JOHN WILLIAM III	leonardjohnwilliamiii.com
LEVA, JONATHAN HOWARD	levajonathanhoward.com
LEVY, DAVID M	levydavidm.com
LEWIS, ALFRED MILTON	lewisalfredmilton.com
LEWIS, DONNA JEAN	lewisdonnajean.com
LEWIS, KATHERINE L	lewiskatherinel.com
LEWIS, MARLAENA JO	lewismarlaenajo.com
LINK, CHRISTOPHER PETER	linkchristopherpeter.com
LINK, PAUL JONATHAN	linkpauljonathan.com
LLAMAS, MADELINE	llamasmadeline.com
LONG, LESLEE ANNE	longlesleeanne.com
LONG, LOGAN ASHTON	longloganashton.com
LONG, MICAH	longmicah.com
LONG, PEGGY JO	longpeggyjo.com
LOPEZ, JESSE JERIEL	lopezjessejeriel.com
LOPRESTI, PHILIP MICHAEL	loprestiphilipmichael.com
LOVE, AMANDA CHRISTINE	loveamandachristine.com
LOVE, PAUL EDWARD	lovepauledward.com
LOZANO, MONICA MEDINA	lozanomonicamedina.com
LUBBERS, ASHLEY BLASE	lubbersashleyblase.com
LUCY, PAUL A	lucypaula.com
LUECKEMEYER, EDWARD CHARLES	lueckemeyeredwardcharles.com
LUNA, LAURA ANN	lunalauraann.com
LUNDIN, KARL	lundinkarl.com
LUNN, JON ERIC	lunnjoneric.com
MABRAY, WYNN MCKNIGHT	mabraywynnmcknight.com
MACK, LAUREN	macklauren.com
MADDEN, RANDA L	maddenrandal.com
MAKE, JAMES STEVEN	makejamessteven.com
MAKINGS, KYLE JAMES	makingskylejames.com
MALLORY, LINDA ANN	mallorylindaann.com
MALONE, MICHELE LEE	malonemichelelee.com
MANDES, CARLOS	mandescarlos.com
MANN, CASEY RYAN	manncaseyryan.com
MARINO, MARY LEILA	marinomaryleila.com
MARKER, KERRY LEE	markerkerrylee.com
MARKER, PAULA HOLLAR	markerpaulahollar.com
MARLOW, BRIAN JAMES	marlowbrianjames.com
MARLOW, MARK STANLEY	marlowmarkstanley.com
MARSHALL, DAVID JOHN	marshalldavidjohn.com
THIRKILL, ASHLEY	thirkillashley.com
GARCIA, LISA D	garcialisad.com
MARTIN, RICHARD DANIEL	martinricharddaniel.com
MARTIN, THOMAS RAY	martinthomasray.com
MARTINEZ, RICHARD R	martinezrichardr.com
MARTSOLF, DALE	martsolfdale.com
MASSA, ALESANDRO R	massaalesandror.com
MATTHEWS, MARQUIS	matthewsmarquis.com
MAXEY, JORDAN MADISON	maxeyjordanmadison.com
MAXEY, TIFFANY MARIE	maxeytiffanymarie.com
MAY, WILLIAM GERALD	maywilliamgerald.com
MAYER, MARY ELIZABETH	mayermaryelizabeth.com
MAYORGA, DAVID PAUL	mayorgadavidpaul.com
MCANEAR, WILLIAM AUSTIN	mcanearwilliamaustin.com
MCCOLLUM, CHRISTOPHER MICHAEL	mccollumchristophermichael.com
MCCONATHY, DARYL GLENN	mcconathydarylglenn.com
MCCONATHY, TYLER GARRETT	mcconathytylergarrett.com
MCCONNICO, JOHN WILLIAM	mcconnicojohnwilliam.com
MCCOY, MICHELLE	mccoymichelle.com
MCCOY, TONOSHA	mccoytonosha.com
MCDANIEL, TERRY OTTIS	mcdanielterryottis.com
MCGARITY, TIMOTHY WAYNE	mcgaritytimothywayne.com
MCGARRAH, JEREMY	mcgarrahjeremy.com
MCGEE, DAVID LEE	mcgeedavidlee.com
MCINTYRE, ADAM B	mcintyreadamb.com
MCLEOD, DAVID	mcleoddavid.com
MCLEOD, JUDSON EDWARD	mcleodjudsonedward.com
MCNELIS, MELISSA ANN	mcnelismelissaann.com
MEALEY, JENEEN ANNAROSE	mealeyjeneenannarose.com
MEAUX, DAVID WAGENER	meauxdavidwagener.com
MEDINA, IRIS I	medinairisi.com
MEIXNER, ZACHARY	meixnerzachary.com
MELCHER, DONNA MICHELLE	melcherdonnamichelle.com
MENTESANA, FRANK VINCENT SR	mentesanafrankvincentsr.com
MERRITT, MICHAEL LEE	merrittmichaellee.com
MEYER, TRAVIS W	meyertravisw.com
MICHEL, SEAN PATRICK	michelseanpatrick.com
MILAN, RUSSELL EARL	milanrussellearl.com
MILLER, BRANDON JAMES	millerbrandonjames.com
MILLER, GARY KING	millergaryking.com
MILLER, WINDY LYNN	millerwindylynn.com
MILLIGAN, KENNETH SCOTT	milligankennethscott.com
MILLIGAN, TERESA LYNN	milliganteresalynn.com
MILLIORN APPRAISAL COMPANY	milliornappraisal.com
MILLIORN APPRAISAL COMPANY	milliornappraisals.com
MILLS, CALEB	millscaleb.com
MILLS, MICHAEL PRESTON	millsmichaelpreston.com
MITCHELL, CHRISTOPHER HANS	mitchellchristopherhans.com
MITTLEMAN, PERRY	mittlemanperry.com
MOBBS, DENISE	mobbsdenise.com
MOBLEY, JUSTIN MARK	mobleyjustinmark.com
MOBLEY, RANDALL SCOTT	mobleyrandallscott.com
MONGRAIN, MICHAEL	mongrainmichael.com
MOORE, CALI	moorecali.com
MOORE, ERIC GREGORY	mooreericgregory.com
MOORE-HENDERSON, NIKKI SUE	moorehendersonnikkisue.com
MORA, FRANCIS DAVID	morafrancisdavid.com
MORA, JUAN G	morajuang.com
MORADO, SPENCER ELAINE	moradospencerelaine.com
MORFORD, MEGAN	morfordmegan.com
MORRIS, BRIAN ALLEN	morrisbrianallen.com
MORRIS, DARYL K	morrisdarylk.com
MORRIS, JAMES	morrisjames.com
MORRIS, MICHAEL K	morrismichaelk.com
MOSS, ADDISON	mossaddison.com
MOSS, PAULA E	mosspaulae.com
MOSTY, FRANK JEFFREY	mostyfrankjeffrey.com
MOTTO, EUGENIE C	mottoeugeniec.com
MUDD, DONALD WAYNE	mudddonaldwayne.com
MUDD, MICHAEL ROSS	muddmichaelross.com
MUHAMMAD, KEVIN PRYOR	muhammadkevinpryor.com
MUMFORD, RONNY K	mumfordronnyk.com
MUNOZ, ROGELIO RENE	munozrogeliorene.com
MURDOCK, RYAN	murdockryan.com
MURPHY, TAYLOUR WARREN	murphytaylourwarren.com
MURRAY, MICHAEL DAVID	murraymichaeldavid.com
MYERS, MELISSA CHRISTINE	myersmelissachristine.com
NANCE, TREVOR	nancetrevor.com
NEAL, PATRICK THOMAS	nealpatrickthomas.com
NELSON, DOUGLAS GLEN	nelsondouglasglen.com
NELSON, MATTHEW WILLIAM	nelsonmatthewwilliam.com
NELSON, TREVOR RAY	nelsontrevorray.com
NEVILL, KYLA N	nevillkylan.com
NEWSOM, ADAM GLENN	newsomadamglenn.com
NGUYEN, PHUONG DUC HOANG	nguyenphuongduchoang.com
NGUYEN, SAM	nguyensam.com
NICHOLS, CORY A	nicholscorya.com
NICHOLS, STEVEN SEARCY	nicholsstevensearcy.com
NOLEN, CHRISTOPHER MATTHEW	nolenchristophermatthew.com
NOLTE, KATHRYN JUDITH	noltekathrynjudith.com
NORTON, MATTHEW ALAN	nortonmatthewalan.com
NOVELL, MARK ALLEN	novellmarkallen.com
NOVIKOFF, BLAIR COLIN	novikoffblaircolin.com
O'QUINN, ROBERT FRANKLIN	oquinnrobertfranklin.com
OBRIEN, COLIN DELANEY	obriencolindelaney.com
OESTREICH, KARIE	oestreichkarie.com
OFFUTT, BRADLEY QUENTIN	offuttbradleyquentin.com
OLIVER, MIKE KINNEY	olivermikekinney.com
OTT, ALBERT FREDERICK	ottalbertfrederick.com
OVERLEY, ANGELA ROSE	overleyangelarose.com
OVERTON, MARIANNE EDWARDS	overtonmarianneedwards.com
OZAETA, GREGORY SANVICTORES	ozaetagregorysanvictores.com
PAGANO, SHEILA MARIA	paganosheilamaria.com
PAGE, TYLER	pagetyler.com
PALACIOS, DANNY	palaciosdanny.com
PALACIOS, SIMON A JR	palaciossimonajr.com
PARHAM, MICHAEL	parhammichael.com
PARISH, LUCAS RAYMOND	parishlucasraymond.com
PARK, RICHARD KEITH	parkrichardkeith.com
PARKER, DONALD K	parkerdonaldk.com
PARKER, JOSEPH	parkerjoseph.com
PARKER, KRISTY COLLEEN	parkerkristycolleen.com
PARKER, RONALD LYNN	parkerronaldlynn.com
PARKINSON, MARC DAVID	parkinsonmarcdavid.com
PARTIN, ROBERT PAUL	partinrobertpaul.com
PATRICK-DIRDEN, CORRINE JOY	patrickdirdencorrinejoy.com
PATTERSON, ADRIENNE MICHELLE	pattersonadriennemichelle.com
PATTILLO, ADAM SETH	pattilloadamseth.com
PAUL, STEPHANIE J	paulstephaniej.com
PAULSON, SHANA KENDAHL	paulsonshanakendahl.com
PEARSON, ANTHONY CHARLES	pearsonanthonycharles.com
PEREZ, TONJA BENSON	pereztonjabenson.com
PERKINS, BRANDON S	perkinsbrandons.com
PERRITT, JUDITH MAE	perrittjudithmae.com
PETREUS, LAURA L	petreuslaural.com
PETTY, CALVIN CODY	pettycalvincody.com
PEWITT, KEVAN CHRISTOPHER	pewittkevanchristopher.com
PFLEIGER, RODNEY LYNN	pfleigerrodneylynn.com
PHILLIPSON, WARREN CRAIG	phillipsonwarrencraig.com
PHILSON, KYLE ANDREW	philsonkyleandrew.com
PIAZZA, JOSEPH RICHARD	piazzajosephrichard.com
PIERCE, CHARLIE DANIEL	piercecharliedaniel.com
PIKE, SCOTT THOMAS	pikescottthomas.com
PINNIX, LAURIE	pinnixlaurie.com
PISTILLI, JAMES ANTHONY	pistillijamesanthony.com
SPRING, STEPHANIE	springstephanie.com
PLUMLEE, AARON	plumleeaaron.com
POE, AMY ELLIOTT	poeamyelliott.com
POPE, BILLY JOE	popebillyjoe.com
PORRAS, PAUL RENE	porraspaulrene.com
PORTER, MELISSA YOLANDA	portermelissayolanda.com
PORTER, TALMADGE WADE	portertalmadgewade.com
POSEY, TERRY LEE	poseyterrylee.com
POWELL, JILL RILEY	powelljillriley.com
PRESTON, SHARON MICHELE	prestonsharonmichele.com
PRIETO, JORGE	prietojorge.com
PRIKRYL, PHYLLIS ANETTE	prikrylphyllisanette.com
PRYZANT, ANDREW SETH	pryzantandrewseth.com
QUINTERO, VINCE	quinterovince.com
RAGLE, CHARLOTTE FAY	raglecharlottefay.com
RAGNO, MARK PETER	ragnomarkpeter.com
RAMIREZ, OSCAR LEE	ramirezoscarlee.com
RAMSEY, PHILLIP ALLEN	ramseyphillipallen.com
RANSOM, CLAYTON KYLE	ransomclaytonkyle.com
RAY, ANITA GAIL	rayanitagail.com
RAY, DAVID BRUCE	raydavidbruce.com
RE, ANDREW MICHAEL	reandrewmichael.com
REAL, KYLE RAY	realkyleray.com
REAM, JANICE D	reamjaniced.com
REASONER, MICHAEL CORY	reasonermichaelcory.com
REDDICK, JULIE BOX	reddickjuliebox.com
REED, CYNTHIA BOYLES	reedcynthiaboyles.com
REED, JOHN ROBERT	reedjohnrobert.com
REED, JUDY STEPHENSON	reedjudystephenson.com
REEVES, CLIFFORD EUGENE	reevescliffordeugene.com
REEVES, ZACK	reeveszack.com
REGESTER, JONATHON KYLE	regesterjonathonkyle.com
REID, WALTER DILLON	reidwalterdillon.com
RENFREW, KYLE BRAYTON	renfrewkylebrayton.com
RENFREW, PATRICK WENDELL	renfrewpatrickwendell.com
REVELES, ROBERT LEE	revelesrobertlee.com
REYES, JARED DELFIN	reyesjareddelfin.com
REYNA, VICENTE III	reynavicenteiii.com
RHEE, CANDICE YOUNG	rheecandiceyoung.com
RHODES, BARRY ALLEN	rhodesbarryallen.com
RICHARDSON, RONALD R	richardsonronaldr.com
RICHARDSON, SHARON HERRING	richardsonsharonherring.com
RICHEY, JAMES NOLAN	richeyjamesnolan.com
RIDLEY, JOHN DAN	ridleyjohndan.com
RIEVE, CHRISTOPHER J	rievechristopherj.com
RIGBY, JED ANTHONY	rigbyjedanthony.com
RITTENBERRY APPRAISAL SERVICES	rittenberryappraisal.com
RITTENBERRY APPRAISAL SERVICES	rittenberryappraisalservices.com
RITTENBERRY APPRAISAL SERVICES	rittenberryappraisalervices.com
RITTENHOUSE, AARON ANTHONY	rittenhouseaaronanthony.com
RIVERA, JOAQUIN SANCHEZ	riverajoaquinsanchez.com
ROBERSON, DONALD C	robersondonaldc.com
ROBERTS, AMBER	robertsamber.com
ROBERTS, KELVIN JEROME	robertskelvinjerome.com
ROBERTSON, JEREMY LEROY	robertsonjeremyleroy.com
ROBERTSON, KERIA	robertsonkeria.com
ROBERTSON, SAMUEL HUTCHINS	robertsonsamuelhutchins.com
ROBINSON, AARON MICHAEL	robinsonaaronmichael.com
ROBINSON, CLINT DWAYNE	robinsonclintdwayne.com
ROBINSON, LOVINA ANTOINETTE	robinsonlovinaantoinette.com
ROBY, DOUGLAS SCOTT	robydouglasscott.com
ROCKOV-MEDINA, STEPHANIE	rockovmedinastephanie.com
RODRIGUEZ, ALLISON PAIGE	rodriguezallisonpaige.com
RODRIGUEZ, JAVIER	rodriguezjavier.com
RODRIGUEZ, JOSE RAMON	rodriguezjoseramon.com
RODRIGUEZ, KELLY LOUISA	rodriguezkellylouisa.com
RODRIGUEZ, MARIA CHRISTINA	rodriguezmariachristina.com
RODRIGUEZ, MICHELLE	rodriguezmichelle.com
RODRIGUEZ, ROBERT ANTHONY	rodriguezrobertanthony.com
ROGERS, BARBRA K	rogersbarbrak.com
ROGERS, CALEB LEE	rogerscaleblee.com
ROGERS, PAUL RENE	rogerspaulrene.com
ROHAL, NICHOLAS ALEXANDER	rohalnicholasalexander.com
ROMANS, ZACHARY	romanszachary.com
ROPER, MICHAEL BOYCE	ropermichaelboyce.com
LONQUIST, ALEXIS CLAIRE	lonquistalexisclaire.com
ROUNDTREE, JAMES RYAN	roundtreejamesryan.com
ROUNDTREE, KIA LEIGHANN	roundtreekialeighann.com
ROWAN, JOHN EDWIN	rowanjohnedwin.com
RUMMEL, KRISTEN NEILL	rummelkristenneill.com
RUSHING, MICHAEL WAYNE	rushingmichaelwayne.com
RUSSELL, CAROLYN ANN	russellcarolynann.com
RUSSELL, VALARIE GENEVA	russellvalariegeneva.com
RUSSO, CHRISTOPHER	russochristopher.com
RUTHVEN, JEFFREY ALLAN	ruthvenjeffreyallan.com
SAMUELS, SYLVIA E	samuelssylviae.com
SAND, STARLA KAY	sandstarlakay.com
SANDERS, GARY	sandersgary.com
SANTOS, FRANK JOSEPH	santosfrankjoseph.com
SCARPA, RON MICHAEL	scarparonmichael.com
VALSTAR APPRAISAL COMPANY LLC	valstarappraisal.com
VALSTAR APPRAISAL COMPANY LLC	valstarappraisals.com
SCHERER, KURT CHRISTOPHER	schererkurtchristopher.com
SCHMEDEMANN, DEBRA PAIGE	schmedemanndebrapaige.com
SCHOEN, WILLIAM THOMAS	schoenwilliamthomas.com
SCHRAMM, FRANK HELGE	schrammfrankhelge.com
SCHUMPERT, MISTY LINA	schumpertmistylina.com
SCHUTTE, E CHRISTOPHER	schutteechristopher.com
SCORZA, GREGORY MICHAEL	scorzagregorymichael.com
SCZERBA, BRENDA ANN	sczerbabrendaann.com
SEBENIECHER, JOHN SCOTT	sebeniecherjohnscott.com
SEBENIECHER, SCOT DAVID	sebeniecherscotdavid.com
SEEGER, JOSHUA RYAN	seegerjoshuaryan.com
SEIDEMAN, JARET JAMES	seidemanjaretjames.com
SEILER, LANETTE RENEE	seilerlanetterenee.com
SELL, LORRI JEANETTE	selllorrijeanette.com
SEVER, DANE FREDRIC	severdanefredric.com
SHAFFER, JERALD EARL	shafferjeraldearl.com
SHARP, LEIGHA LYN	sharpleighalyn.com
SHARWANI, SAYYAM	sharwanisayyam.com
SHAW, ERIC	shaweric.com
SHEHATA, MEENA STEPHEN	shehatameenastephen.com
SHELLNER, ALEXANDER DAVID	shellneralexanderdavid.com
SHIN, AMY	shinamy.com
SHINDLE, CHAD J	shindlechadj.com
SHINPAUGH, CARL CLIFTON	shinpaughcarlclifton.com
SHORE, CHRISTOPHER WILLIAM	shorechristopherwilliam.com
SIDDALL, CARY JUSTIN	siddallcaryjustin.com
SIDIQI, ELYAS	sidiqielyas.com
SIDLER, JENNIFER MARIE	sidlerjennifermarie.com
SIDLER, STEVEN ROBERT	sidlerstevenrobert.com
MYRA SIERRA	myrasierra.com
SIMONS, WALTER EUGENE	simonswaltereugene.com
SINCLAIR, ASHLEY NICOLE	sinclairashleynicole.com
SINGLETERRY, RAMONA	singleterryramona.com
SINGLETON, JEANNA RENEE	singletonjeannarenee.com
SISSEL, TRACY DALE	sisseltracydale.com
SKAGGS, FRED MACK	skaggsfredmack.com
SMART, THERESA M	smarttheresam.com
SMITH, AUSTIN	smithaustin.com
SMITH, CINDY BUCEK	smithcindybucek.com
SMITH, DAMON G	smithdamong.com
SMITH, JUSTIN ROY	smithjustinroy.com
SMITH, KATHRYN MARKS	smithkathrynmarks.com
SMITH, KEVIN GEOFFREY	smithkevingeoffrey.com
SMITH, ROGER DALE	smithrogerdale.com
SMITH, RONALD GENE	smithronaldgene.com
SMITH, TANGI MARIE	smithtangimarie.com
SMITH, VIRGINIA LYNN	smithvirginialynn.com
SMITH, JUAN IV	smithjuaniv.com
SNOKE-HUEZO, LORETTA	snokehuezoloretta.com
SNYDER, JESSICA MOORING	snyderjessicamooring.com
SOVACOOL, RICHARD BARRY	sovacoolrichardbarry.com
SOWASH, JOHN RICHARD III	sowashjohnrichardiii.com
SPILLER, JARED	spillerjared.com
SPILLMAN, NATHANIEL COLIN	spillmannathanielcolin.com
SPROULL, LINDSEY KENYON	sproulllindseykenyon.com
STACY, LAUREN KAY	stacylaurenkay.com
STAFFORD, JAMES ROBERT	staffordjamesrobert.com
STAFFORD, KIMBERLY ANNE	staffordkimberlyanne.com
STAIR, DAVID GALE	stairdavidgale.com
STANTON, MARVIN FOWLER	stantonmarvinfowler.com
STAYTON, CHARLCYA E	staytoncharlcyae.com
STEARNS, TERESA CISNEROS	stearnsteresacisneros.com
STEGALL, JOSHUA M	stegalljoshuam.com
STETSON, THOMAS RAIDY	stetsonthomasraidy.com
STICKNEY, RAECHEL RENE	stickneyraechelrene.com
STOKES, RODNEY FRANCIS	stokesrodneyfrancis.com
STOUT, ROBERT L	stoutrobertl.com
STRAHAN, SAMUEL LEE	strahansamuellee.com
STRATTON, BLAKE TAYLOR	strattonblaketaylor.com
STREEP, WILLIAM CLOKE	streepwilliamcloke.com
STRESOW, VAUGHN MATEO	stresowvaughnmateo.com
STRICKLAND, SCOTT GENE	stricklandscottgene.com
STRINGER, MARK DAVID	stringermarkdavid.com
STUART, WENDY ANN	stuartwendyann.com
SUAREZ, MATTHEW JAMES	suarezmatthewjames.com
SUBOTICH, SANDRA CHRISTINE	subotichsandrachristine.com
SUMMERS, ANDREW DAVIS	summersandrewdavis.com
SWANSON, ERIC MORA	swansonericmora.com
SWEENEY, MARK LEE	sweeneymarklee.com
TABORSKY, DAVID DUSAN	taborskydaviddusan.com
TADLOCK, CRAIG CLAYTON	tadlockcraigclayton.com
TALBOT, MICHAEL DAIN	talbotmichaeldain.com
TALLEY, CHRISTOPHER CHARLES	talleychristophercharles.com
TAMEZ, JOSEPH MICHAEL	tamezjosephmichael.com
TANKERSLEY, MADISON SCOTT	tankersleymadisonscott.com
TAPP, TIMOTHY MICHAEL	tapptimothymichael.com
TAWIL, RYAN ALI	tawilryanali.com
TAYLOR, ALEXANDER SCOTT	tayloralexanderscott.com
TAYLOR, JAY SCOTT	taylorjayscott.com
TAYLOR, JOSIAH ROBERT	taylorjosiahrobert.com
TAYLOR, KENT MURPHY	taylorkentmurphy.com
TAYLOR, RICHARD ALLEN	taylorrichardallen.com
TECKLENBURG, MATTHEW S	tecklenburgmatthews.com
TEIG, JASON PAUL	teigjasonpaul.com
TEMPLIN, RONALD AWTON	templinronaldawton.com
TERRY, JEROLD MARK	terryjeroldmark.com
TETRAULT, RICHARD DONALD	tetraultricharddonald.com
THARPE, MARSHALL ALLEN	tharpemarshallallen.com
THOMAS, ANTHONY C II	thomasanthonycii.com
THOMAS, ZOLEE	thomaszolee.com
THOMPSON, NATALIE HOPE	thompsonnataliehope.com
THOMPSON, PAUL HENRY III	thompsonpaulhenryiii.com
TIDWELL, SCOTT EDWARD	tidwellscottedward.com
TIEMANN, SCOTT	tiemannscott.com
TILBURY, COLE	tilburycole.com
TILLOTSON, GINA MARIE	tillotsonginamarie.com
TILTON, NEIL WAYNE	tiltonneilwayne.com
TOLOPKA, MICHAEL ANTHONY	tolopkamichaelanthony.com
TOMPKINS, LARRY GENE	tompkinslarrygene.com
TONE, STEPHANIE	tonestephanie.com
TOOHEY, JEFFREY STEPHEN	tooheyjeffreystephen.com
TORRES, CHRISTOPHER MARTIN	torreschristophermartin.com
TORRES, MARGARITO JR	torresmargaritojr.com
TOTH, LINDA M	tothlindam.com
TRAMMELL, EVANS	trammellevans.com
TRAN, PHONG THANH	tranphongthanh.com
TRAVIS, JUSTIN GLENN	travisjustinglenn.com
TREADWELL, RACHEL OLIVER	treadwellracheloliver.com
TREDWAY, KATHRYN R	tredwaykathrynr.com
TREES, TAOS DON	treestaosdon.com
TROST, RYAN KYLE	trostryankyle.com
TUCKER, MEGAN L	tuckermeganl.com
TULLOS, KEITH PARSONS	tulloskeithparsons.com
TURNER, ANDREW NEAL	turnerandrewneal.com
TURNEY, LINDSEY SHEA	turneylindseyshea.com
TUTTLE, WREN MARIE	tuttlewrenmarie.com
ULLRICH, THOMAS REED	ullrichthomasreed.com
VALENTIN, NELIDA	valentinnelida.com
VALVERDE, JACOB FRANCISCO	valverdejacobfrancisco.com
VAN NATTA, BLAZE CHANTRY	vannattablazechantry.com
VAN VOORHIS, BROOKE ASHLEY	vanvoorhisbrookeashley.com
VANSCHEPEN, DANIEL TODD	vanschependanieltodd.com
VELARDE-PEREZ, CATHERINE	velardeperezcatherine.com
VERHALEN, RUFUS ERIK	verhalenrufuserik.com
VICK, JAMES CLAYTON	vickjamesclayton.com
VILLARREAL, MARK CHRISTIAN	villarrealmarkchristian.com
VISSER, ROBERT KYLE	visserrobertkyle.com
WAGNER, THOMAS GERALD	wagnerthomasgerald.com
WALDEN, WILLIAM KEITH	waldenwilliamkeith.com
WALIOR, DAWN RENEE	waliordawnrenee.com
WALKER, BECKY DELL	walkerbeckydell.com
WALKER, DAVID GORDON	walkerdavidgordon.com
WALKER, LORI ANNETTE	walkerloriannette.com
WALPOLE, DUSTON D	walpoledustond.com
WALSH, TIFFANY JEAN	walshtiffanyjean.com
WALSHAK, MARK ALAN	walshakmarkalan.com
WALTER, CINDY	waltercindy.com
WALTON, ERIC	waltoneric.com
WANG, LINGYUN	wanglingyun.com
WARNER, ALLISON	warnerallison.com
WARREN, AARON MICHAEL	warrenaaronmichael.com
WARREN, BLAKE BOWERS	warrenblakebowers.com
WASHBURN, GREGORY FELIX	washburngregoryfelix.com
WEBB, ANDREW D	webbandrewd.com
WEBER, ROY L	weberroyl.com
WEBSTER, ZOEIE RENE	websterzoeierene.com
WELLS, DANNY WESLEY	wellsdannywesley.com
WELLS, MICHAEL SHANNON	wellsmichaelshannon.com
WELLS, MONICA SCHEPF	wellsmonicaschepf.com
WERTENBERGER, DAVID CHARLES	wertenbergerdavidcharles.com
WESTBROOK, DEREK RYAN	westbrookderekryan.com
WHITE, CRAIG ANDREW	whitecraigandrew.com
WHITE, DWAIN LEE	whitedwainlee.com
WHITEHORN, WALKER WES	whitehornwalkerwes.com
WIGGINS, EMILY	wigginsemily.com
WILLIAMS, ARTHUR ALBERT	williamsarthuralbert.com
WILLIAMS, JASON MICHAEL	williamsjasonmichael.com
WILLIAMS, KENNETH WAYNE	williamskennethwayne.com
WILLIAMS, SHERRI LYTWYN	williamssherrilytwyn.com
WILLINGHAM, RONNY L	willinghamronnyl.com
WILSON, ARIA A	wilsonariaa.com
WILSON, KENNETH CHRISTOPHER	wilsonkennethchristopher.com
WINCHESTER, BRIAN GUNN	winchesterbriangunn.com
WISNOSKI, MARTHA MEGAN	wisnoskimarthamegan.com
WOMACK, FRANK EUGENE III	womackfrankeugeneiii.com
WOOD, DYLAN ROBERT	wooddylanrobert.com
WOODRUFF, EDWARD EUGENE	woodruffedwardeugene.com
WOODUM, GAYLE ROBERTSON	woodumgaylerobertson.com
WOODWARD, DARLA DLYN	woodwarddarladlyn.com
WOOLET, KYLE WARREN	wooletkylewarren.com
WORD, CHRISTIAN	wordchristian.com
WRENN, EDWARD SHEROD	wrennedwardsherod.com
WRIGHT, GLORIA ANN	wrightgloriaann.com
WRIGHT, VAN JOHNSTON	wrightvanjohnston.com
WYNN, RON DARIUS JAMAR	wynnrondariusjamar.com
YANCEY, RACHEL ELIZABETH	yanceyrachelelizabeth.com
YANNIMARAS, GEORGE D	yannimarasgeorged.com
YEARWOOD, MICHAEL CLAYTON	yearwoodmichaelclayton.com
YORK, GUY JOSEPH	yorkguyjoseph.com
YOUNG, MATTHEW ZACHARY	youngmatthewzachary.com
YVANOVICH, SUSAN S	yvanovichsusans.com
ZACCARIA, NANCY I P	zaccarianancyip.com
ZARVOS, LAUREN STREET	zarvoslaurenstreet.com
ZEIGLER, JOHN WILLIAMSON III	zeiglerjohnwilliamsoniii.com
ZELLER, SANDRA GAYLE GRAY	zellersandragaylegray.com
ZINKGRAF, ROBERT DUKE	zinkgrafrobertduke.com
ZULUAGA, MARK JOACHIM	zuluagamarkjoachim.com
MARAGRETTE ACEVEDO APPRAISALS LLC	maragretteacevedoappraisals.com
MARAGRETTE ACEVEDO APPRAISALS LLC	maragretteacevedoappraisal.com
JANINE S. MCBEAN	janinesmcbean.com
AAA Appraisals LLC	aaaappraisal.com
AAA Appraisals LLC	aaaappraisals.com
Allie Realty, LLC	allierealty.com
Heritage House Appraisal	heritagehouseappraisals.com
Heritage House Appraisal	heritagehouseappraisal.com
Arkfeld Appraisals	arkfeldappraisal.com
Arkfeld Appraisals	arkfeldappraisals.com
Valuewise Appraisals, LLC	valuewiseappraisals.com
Valuewise Appraisals, LLC	valuewiseappraisal.com
Excel Appraisal Group, Inc.	excelappraisalsgroup.com
Excel Appraisal Group, Inc.	excelappraisal.com
Excel Appraisal Group, Inc.	excelappraisalgroup.com
Reliable Appraisal Services	reliableappraisal.com
Reliable Appraisal Services	reliableappraisalervices.com
Reliable Appraisal Services	reliableappraisalservices.com
Spice Run Appraisal Company	spicerunappraisal.com
Spice Run Appraisal Company	spicerunappraisals.com
Boggs & Associates, Inc.	boggsandassociates.com
Boggs & Associates, Inc.	boggsand.com
Melissa Bond	melissabond.com
Specialty Valuation Group	specialtyvaluation.com
Specialty Valuation Group	specialtyvaluationgroup.com
Braham Appraisals Services	brahamappraisals.com
Braham Appraisals Services	brahamappraisalservices.com
Braham Appraisals Services	brahamappraisalsservices.com
Country View Appraisals	countryviewappraisals.com
Country View Appraisals	countryviewappraisal.com
Country View Appraisals, LLC	countryviewappraisals.com
Country View Appraisals, LLC	countryviewappraisal.com
Short Real Estate Services	shortrealestate.com
Short Real Estate Services	shortrealestateservices.com
Legacy appraisals, llc	legacyappraisals.com
Legacy appraisals, llc	legacyappraisal.com
Butler Real Estate Brokerage	butlerrealestatebrokerage.com
JPB Realty, Inc.	jpbrealty.com
Appraisal Allie	appraisalsallie.com
Appraisal Allie	appraisalallie.com
Mountain State Appraisal Services	mountainstateappraisal.com
Mountain State Appraisal Services	mountainstateappraisalservices.com
Mountain State Appraisal Services	mountainstateappraisalervices.com
Carte Appraisal Service	carteappraisalervice.com
Carte Appraisal Service	carteappraisal.com
Carte Appraisal Service	carteappraisalservice.com
Ryan Carter Appraisals	ryancarterappraisals.com
Ryan Carter Appraisals	ryancarterappraisal.com
JJ Casto Certified Real Estate Appraisals	jjcastocertifiedrealestateappraisals.com
JJ Casto Certified Real Estate Appraisals	jjcastocertifiedrealestateappraisal.com
TS&A Appraisals	tsandaappraisal.com
TS&A Appraisals	tsandaappraisals.com
Wise Appraisal Services, Inc.	wiseappraisalervices.com
Wise Appraisal Services, Inc.	wiseappraisalservices.com
Wise Appraisal Services, Inc.	wiseappraisal.com
AREAS Appraisers, Inc.	areasappraisers.com
Matthew Sweeney Appraisals	matthewsweeneyappraisal.com
Matthew Sweeney Appraisals	matthewsweeneyappraisals.com
CS Valuation	csvaluation.com
The Corbin Appraisal Firm	thecorbinappraisalfirm.com
The Corbin Appraisal Firm	thecorbinappraisalsfirm.com
Lincoln Real Estate Services, LLC	lincolnrealestate.com
Lincoln Real Estate Services, LLC	lincolnrealestateservices.com
Crisp Appraisals	crispappraisal.com
Crisp Appraisals	crispappraisals.com
Dandelet Appraisal Services	dandeletappraisalervices.com
Dandelet Appraisal Services	dandeletappraisalservices.com
Dandelet Appraisal Services	dandeletappraisal.com
ADL Appraisal Services, LLC	adlappraisalservices.com
ADL Appraisal Services, LLC	adlappraisalervices.com
ADL Appraisal Services, LLC	adlappraisal.com
MPD Appraisals, LLC	mpdappraisals.com
MPD Appraisals, LLC	mpdappraisal.com
Valley Appraisals LLC	valleyappraisal.com
Valley Appraisals LLC	valleyappraisals.com
Jarvis Appraisal Service	jarvisappraisalservice.com
Jarvis Appraisal Service	jarvisappraisal.com
Jarvis Appraisal Service	jarvisappraisalervice.com
Allegheny Appraisal, LLC	alleghenyappraisals.com
Allegheny Appraisal, LLC	alleghenyappraisal.com
Realco	realco.com
Mid-Atlantic Real Estate Appraisal Services	midatlanticrealestateappraisalservices.com
Mid-Atlantic Real Estate Appraisal Services	midatlanticrealestateappraisal.com
Mid-Atlantic Real Estate Appraisal Services	midatlanticrealestateappraisalervices.com
Fisher Appraisal, LLC	fisherappraisal.com
Fisher Appraisal, LLC	fisherappraisals.com
Neal Appraisal Services	nealappraisalervices.com
Neal Appraisal Services	nealappraisalservices.com
Neal Appraisal Services	nealappraisal.com
Funari Appraisal Services	funariappraisalservices.com
Funari Appraisal Services	funariappraisalervices.com
Funari Appraisal Services	funariappraisal.com
SG Appraisal Company	sgappraisal.com
SG Appraisal Company	sgappraisals.com
Appraisals by Gamble & Associates, LLC	appraisalsbygambleand.com
Appraisals by Gamble & Associates, LLC	appraisalbygambleandassociates.com
Appraisals by Gamble & Associates, LLC	appraisalsbygambleandassociates.com
Valley Appraisal Services	valleyappraisalervices.com
Valley Appraisal Services	valleyappraisalservices.com
Valley Appraisal Services	valleyappraisal.com
Goddard Appraisal Services, LLC	goddardappraisalervices.com
Goddard Appraisal Services, LLC	goddardappraisalservices.com
Goddard Appraisal Services, LLC	goddardappraisal.com
Goodall Appraisal Services	goodallappraisalservices.com
Goodall Appraisal Services	goodallappraisalervices.com
Goodall Appraisal Services	goodallappraisal.com
Hadley Apprasial Services, LLC	hadleyapprasialservices.com
Hadley Apprasial Services, LLC	hadleyapprasial.com
Five Two Appraisals	fivetwoappraisals.com
Five Two Appraisals	fivetwoappraisal.com
William G. Bowen, Inc.	williamgbowen.com
Greenbrier Appraisals, LLC	greenbrierappraisal.com
Greenbrier Appraisals, LLC	greenbrierappraisals.com
Houser Enterprises, Inc.	houserenterprises.com
Valley Creek Appraisal Services, LLC	valleycreekappraisalervices.com
Valley Creek Appraisal Services, LLC	valleycreekappraisalservices.com
Valley Creek Appraisal Services, LLC	valleycreekappraisal.com
Hyett Appraisals, LLC	hyettappraisal.com
Hyett Appraisals, LLC	hyettappraisals.com
HLH Appraisal Service	hlhappraisal.com
HLH Appraisal Service	hlhappraisalservice.com
HLH Appraisal Service	hlhappraisalervice.com
James Appraisals, LLC	jamesappraisals.com
James Appraisals, LLC	jamesappraisal.com
Appraisal Firm, Inc.	appraisalsfirm.com
Appraisal Firm, Inc.	appraisalfirm.com
Anytime Appraisals, LLC	anytimeappraisal.com
Anytime Appraisals, LLC	anytimeappraisals.com
Premier Home Appraisals, Inc.	premierhomeappraisals.com
Premier Home Appraisals, Inc.	premierhomeappraisal.com
William G Bowen, Inc.	williamgbowen.com
Kotur Appraisal Services	koturappraisalervices.com
Kotur Appraisal Services	koturappraisal.com
Kotur Appraisal Services	koturappraisalservices.com
Verdant Appraisal, LLC	verdantappraisals.com
Verdant Appraisal, LLC	verdantappraisal.com
Preferred Appraisers, LLC	preferredappraisers.com
Jackson-Williams Appraisers, Inc	jacksonwilliamsappraisers.com
Ashley James Appraisals	ashleyjamesappraisals.com
Ashley James Appraisals	ashleyjamesappraisal.com
Legler, Scott and Associates Appraisal	leglerscottandassociatesappraisal.com
Legler, Scott and Associates Appraisal	leglerscottandassociatesappraisals.com
CLL Appraisals	cllappraisal.com
CLL Appraisals	cllappraisals.com
Mountainside Appraisals	mountainsideappraisal.com
Mountainside Appraisals	mountainsideappraisals.com
Proficient Appraisal Services, LLC	proficientappraisalservices.com
Proficient Appraisal Services, LLC	proficientappraisal.com
Proficient Appraisal Services, LLC	proficientappraisalervices.com
Flagship Appraisal	flagshipappraisals.com
Flagship Appraisal	flagshipappraisal.com
Lyons Appraisal Services, LLC	lyonsappraisal.com
Lyons Appraisal Services, LLC	lyonsappraisalservices.com
Lyons Appraisal Services, LLC	lyonsappraisalervices.com
The RPC Group, LLC	therpcgroup.com
The RPC Group, LLC	therpc.com
Martin & Associates, LLC	martinandassociates.com
Martin & Associates, LLC	martinand.com
Real Estate Marketing	realestatemarketing.com
Times Realty, Inc.	timesrealty.com
Big Dreams, LLC dba HomeTown Appraisals and Realty	bigdreamsdbahometownappraisalandrealty.com
Big Dreams, LLC dba HomeTown Appraisals and Realty	bigdreamsdbahometownappraisalsandrealty.com
Carter & Roque Real Estate	carterandroquerealestate.com
WV Coalfield Appraisals	wvcoalfieldappraisal.com
WV Coalfield Appraisals	wvcoalfieldappraisals.com
McQuade Appraisal Service	mcquadeappraisalservice.com
McQuade Appraisal Service	mcquadeappraisal.com
McQuade Appraisal Service	mcquadeappraisalervice.com
DMI	dmi.com
Miller & Assoc Real Estate	millerandassocrealestate.com
Athena Appraisals	athenaappraisal.com
Athena Appraisals	athenaappraisals.com
Appalachian Real Estate Appraisal Services, LLC	appalachianrealestateappraisalservices.com
Appalachian Real Estate Appraisal Services, LLC	appalachianrealestateappraisalervices.com
Appalachian Real Estate Appraisal Services, LLC	appalachianrealestateappraisal.com
Innovation Properties, LLC	innovationproperties.com
SinnenGreen & Associates	sinnengreenand.com
SinnenGreen & Associates	sinnengreenandassociates.com
Mullan Appraisals	mullanappraisal.com
Mullan Appraisals	mullanappraisals.com
APPLE APPRAISAL LLC	appleappraisals.com
APPLE APPRAISAL LLC	appleappraisal.com
Appalachian Appraisal Services, LLC	appalachianappraisalservices.com
Appalachian Appraisal Services, LLC	appalachianappraisalervices.com
Appalachian Appraisal Services, LLC	appalachianappraisal.com
Erfird Appraisals	erfirdappraisal.com
Erfird Appraisals	erfirdappraisals.com
Lori A. Noble, SRA	lorianoblesra.com
415 LLC	415.com
Wole Valuation LLC	wolevaluation.com
CJP Appraisal Company	cjpappraisals.com
CJP Appraisal Company	cjpappraisal.com
A+ Appraisal Services, LLC	aappraisal.com
A+ Appraisal Services, LLC	aappraisalervices.com
A+ Appraisal Services, LLC	aappraisalservices.com
Maryland Appraisal Company, LLC	marylandappraisal.com
Maryland Appraisal Company, LLC	marylandappraisals.com
Big Dreams LLC, DBA Hometown Appraisals & Realty	bigdreamsdbahometownappraisalandrealty.com
Big Dreams LLC, DBA Hometown Appraisals & Realty	bigdreamsdbahometownappraisalsandrealty.com
Keri Phillips Appraisals	keriphillipsappraisals.com
Keri Phillips Appraisals	keriphillipsappraisal.com
Appraisal Professionals	appraisalprofessionals.com
Appraisal Professionals	appraisalsprofessionals.com
Lemaster Appraising	lemasterappraising.com
Price Appraisal Services, Inc.	priceappraisalervices.com
Price Appraisal Services, Inc.	priceappraisal.com
Price Appraisal Services, Inc.	priceappraisalservices.com
Carolyn Ragan Realty & Appraisal	carolynraganrealtyandappraisal.com
Carolyn Ragan Realty & Appraisal	carolynraganrealtyandappraisals.com
RSR Appraisals LLC	rsrappraisal.com
RSR Appraisals LLC	rsrappraisals.com
Rea Appraisals	reaappraisals.com
Rea Appraisals	reaappraisal.com
Redden Appraisals, Inc	reddenappraisals.com
Redden Appraisals, Inc	reddenappraisal.com
Mullenix-Richards Appraisal Service	mullenixrichardsappraisal.com
Mullenix-Richards Appraisal Service	mullenixrichardsappraisalservice.com
Mullenix-Richards Appraisal Service	mullenixrichardsappraisalervice.com
Riverbank Appraiser Service	riverbankappraiserservice.com
Riverbank Appraiser Service	riverbankappraiser.com
Sanicola Appraisals, LLC	sanicolaappraisal.com
Sanicola Appraisals, LLC	sanicolaappraisals.com
Advantage Valley Appraisal, LLC	advantagevalleyappraisals.com
Advantage Valley Appraisal, LLC	advantagevalleyappraisal.com
Stephen Scohy & Associates, LLC	stephenscohyand.com
Stephen Scohy & Associates, LLC	stephenscohyandassociates.com
Scott Appraisal Service	scottappraisal.com
Scott Appraisal Service	scottappraisalservice.com
Scott Appraisal Service	scottappraisalervice.com
RealCo, Inc.	realco.com
All Pro Appraisal Services, LLC	allproappraisalservices.com
All Pro Appraisal Services, LLC	allproappraisalervices.com
All Pro Appraisal Services, LLC	allproappraisal.com
Titan Appraisals, LLC	titanappraisal.com
Titan Appraisals, LLC	titanappraisals.com
Shumate Appraisals, LLC	shumateappraisal.com
Shumate Appraisals, LLC	shumateappraisals.com
Barton M Simpson Appraisals	bartonmsimpsonappraisal.com
Barton M Simpson Appraisals	bartonmsimpsonappraisals.com
Sinclair Appraisal Service	sinclairappraisalservice.com
Sinclair Appraisal Service	sinclairappraisalervice.com
Sinclair Appraisal Service	sinclairappraisal.com
Smith Appraisals	smithappraisals.com
Smith Appraisals	smithappraisal.com
ABC Appraisals, LLC	abcappraisal.com
ABC Appraisals, LLC	abcappraisals.com
Antitam Appraisals	antitamappraisal.com
Antitam Appraisals	antitamappraisals.com
Potomac Highlands Appraisal Group, LLC	potomachighlandsappraisal.com
Potomac Highlands Appraisal Group, LLC	potomachighlandsappraisalsgroup.com
Potomac Highlands Appraisal Group, LLC	potomachighlandsappraisalgroup.com
CW Appraisals, Ltd.	cwappraisal.com
CW Appraisals, Ltd.	cwappraisals.com
10KBA.Inc	10kbainc.com
Tatterson Appraisal, LLC	tattersonappraisals.com
Tatterson Appraisal, LLC	tattersonappraisal.com
Ronnie L. Toler Appraisal Services Inc	ronnieltolerappraisal.com
Ronnie L. Toler Appraisal Services Inc	ronnieltolerappraisalervices.com
Ronnie L. Toler Appraisal Services Inc	ronnieltolerappraisalservices.com
Appraisal Property Services, LLC	appraisalpropertyservices.com
Appraisal Property Services, LLC	appraisalspropertyservices.com
Appraisal Property Services, LLC	appraisalproperty.com
Tyree Appraisal Services	tyreeappraisalservices.com
Tyree Appraisal Services	tyreeappraisalervices.com
Tyree Appraisal Services	tyreeappraisal.com
Elite Appraisal of Parkersburg, LLC	eliteappraisalsofparkersburg.com
Elite Appraisal of Parkersburg, LLC	eliteappraisalofparkersburg.com
Washington Appraisal Group	washingtonappraisal.com
Washington Appraisal Group	washingtonappraisalsgroup.com
Washington Appraisal Group	washingtonappraisalgroup.com
WaltonWorks Appraisal Services	waltonworksappraisalervices.com
WaltonWorks Appraisal Services	waltonworksappraisal.com
WaltonWorks Appraisal Services	waltonworksappraisalservices.com
Mid-Ohio Valley Appraisal Services	midohiovalleyappraisalservices.com
Mid-Ohio Valley Appraisal Services	midohiovalleyappraisalervices.com
Mid-Ohio Valley Appraisal Services	midohiovalleyappraisal.com
Toby Ward Appraisals, LLC	tobywardappraisal.com
Toby Ward Appraisals, LLC	tobywardappraisals.com
Webb Home Services LLC	webbhome.com
Webb Home Services LLC	webbhomeservices.com
Teresa Moore, Inc.	teresamoore.com
Wigal Group, LLC	wigal.com
Wigal Group, LLC	wigalgroup.com
Associated Appraisers Inc	associatedappraisers.com
WV Coalfield Appraisals, Inc.	wvcoalfieldappraisal.com
WV Coalfield Appraisals, Inc.	wvcoalfieldappraisals.com
Wyant Appraisal Service	wyantappraisal.com
Wyant Appraisal Service	wyantappraisalervice.com
Wyant Appraisal Service	wyantappraisalservice.com
Yost Appraisal Services	yostappraisalervices.com
Yost Appraisal Services	yostappraisalservices.com
Yost Appraisal Services	yostappraisal.com
Zaferatos Real Estate and Appraisal Services	zaferatosrealestateandappraisalservices.com
Zaferatos Real Estate and Appraisal Services	zaferatosrealestateandappraisalervices.com
Zaferatos Real Estate and Appraisal Services	zaferatosrealestateandappraisal.com
Zaf Appraisals, Inc	zafappraisal.com
Zaf Appraisals, Inc	zafappraisals.com
Zarnich & Associates Real Estate Appraisers	zarnichandassociatesrealestateappraisers.com
AANERUD APPRAISAL SERVICE	aanerudappraisalervice.com
AANERUD APPRAISAL SERVICE	aanerudappraisalservice.com
AANERUD APPRAISAL SERVICE	aanerudappraisal.com
Hughes Appraisal Services, Inc	hughesappraisal.com
Hughes Appraisal Services, Inc	hughesappraisalervices.com
Hughes Appraisal Services, Inc	hughesappraisalservices.com
JOHN BAYER, RE APPRAISER	johnbayerreappraiser.com
BEEMAN APPRAISALS LLC	beemanappraisal.com
BEEMAN APPRAISALS LLC	beemanappraisals.com
Steamboat Appraisals, LLC	steamboatappraisal.com
Steamboat Appraisals, LLC	steamboatappraisals.com
Elevate Appraisals, LLC	elevateappraisal.com
Elevate Appraisals, LLC	elevateappraisals.com
BROWN APPRAISAL SERVICES, LLC	brownappraisalservices.com
BROWN APPRAISAL SERVICES, LLC	brownappraisal.com
BROWN APPRAISAL SERVICES, LLC	brownappraisalervices.com
Chatterton Appraisals, LLC	chattertonappraisal.com
Chatterton Appraisals, LLC	chattertonappraisals.com
Hillcrest Appraisal Inc.	hillcrestappraisal.com
Hillcrest Appraisal Inc.	hillcrestappraisals.com
Gutwein Appraisal Service	gutweinappraisalservice.com
Gutwein Appraisal Service	gutweinappraisal.com
Gutwein Appraisal Service	gutweinappraisalervice.com
COOK APPRAISALS, INC.	cookappraisals.com
COOK APPRAISALS, INC.	cookappraisal.com
Advantage Home Appraisal	advantagehomeappraisals.com
Advantage Home Appraisal	advantagehomeappraisal.com
CENTRAL WYO APPRAISAL SERVICES	centralwyoappraisalervices.com
CENTRAL WYO APPRAISAL SERVICES	centralwyoappraisalservices.com
CENTRAL WYO APPRAISAL SERVICES	centralwyoappraisal.com
Appraisal West, Inc	appraisalswest.com
Appraisal West, Inc	appraisalwest.com
THE APPRAISAL COMPANY OF WY	theappraisalsofwy.com
THE APPRAISAL COMPANY OF WY	theappraisalofwy.com
Consolidated Analytics, Inc	consolidatedanalytics.com
J. EDWARDS APPRAISAL	jedwardsappraisals.com
J. EDWARDS APPRAISAL	jedwardsappraisal.com
CGE APPRAISAL SERVICE	cgeappraisalervice.com
CGE APPRAISAL SERVICE	cgeappraisal.com
CGE APPRAISAL SERVICE	cgeappraisalservice.com
ERNST APPRAISAL GROUP, INC.	ernstappraisalgroup.com
ERNST APPRAISAL GROUP, INC.	ernstappraisalsgroup.com
ERNST APPRAISAL GROUP, INC.	ernstappraisal.com
Cowboy Appraisal	cowboyappraisal.com
Cowboy Appraisal	cowboyappraisals.com
Melissa Eversfield	melissaeversfield.com
Teton Appraisals & Consulting, Inc.	tetonappraisalsandconsulting.com
Teton Appraisals & Consulting, Inc.	tetonappraisalandconsulting.com
FULLMER & ASSOCIATES APPRAISAL SERVICES	fullmerandassociatesappraisal.com
FULLMER & ASSOCIATES APPRAISAL SERVICES	fullmerandassociatesappraisalservices.com
FULLMER & ASSOCIATES APPRAISAL SERVICES	fullmerandassociatesappraisalervices.com
GARMAN APPRAISALS, LLC	garmanappraisal.com
GARMAN APPRAISALS, LLC	garmanappraisals.com
Garman Appraisals	garmanappraisal.com
Garman Appraisals	garmanappraisals.com
MOUNTAIN PLAINS APPRAISALS	mountainplainsappraisal.com
MOUNTAIN PLAINS APPRAISALS	mountainplainsappraisals.com
GETTER APPRAISALS, LLC	getterappraisal.com
GETTER APPRAISALS, LLC	getterappraisals.com
High Plains Appraisals, LLC	highplainsappraisals.com
High Plains Appraisals, LLC	highplainsappraisal.com
SUMMIT APPRAISAL SERVICES, LLC	summitappraisal.com
SUMMIT APPRAISAL SERVICES, LLC	summitappraisalservices.com
SUMMIT APPRAISAL SERVICES, LLC	summitappraisalervices.com
RUDD AGENCY	ruddagency.com
Hillcrest Appraisal	hillcrestappraisal.com
Hillcrest Appraisal	hillcrestappraisals.com
HENDERSON APPRAISALS	hendersonappraisal.com
HENDERSON APPRAISALS	hendersonappraisals.com
APPRAISL SERVICES	appraislservices.com
APPRAISL SERVICES	appraisl.com
Corelogic Valuation Solutions, Inc	corelogicvaluationsolutions.com
TETON VALLEY APPRAISALS	tetonvalleyappraisals.com
TETON VALLEY APPRAISALS	tetonvalleyappraisal.com
HUGHES APPRAISAL SERVICE	hughesappraisalservice.com
HUGHES APPRAISAL SERVICE	hughesappraisalervice.com
HUGHES APPRAISAL SERVICE	hughesappraisal.com
HYDE-OUT APPRAISALS	hydeoutappraisals.com
HYDE-OUT APPRAISALS	hydeoutappraisal.com
JERRED APPRAISAL SERVICES	jerredappraisalservices.com
JERRED APPRAISAL SERVICES	jerredappraisal.com
JERRED APPRAISAL SERVICES	jerredappraisalervices.com
Getter Appraisers, LLC	getterappraisers.com
GETTER APPRAISAL, LLC	getterappraisal.com
GETTER APPRAISAL, LLC	getterappraisals.com
Knaub Appraisals	knaubappraisals.com
Knaub Appraisals	knaubappraisal.com
Hillcrest Appraisals, Inc	hillcrestappraisal.com
Hillcrest Appraisals, Inc	hillcrestappraisals.com
TETON APPRAISALS & CONSULTING, INC.	tetonappraisalsandconsulting.com
TETON APPRAISALS & CONSULTING, INC.	tetonappraisalandconsulting.com
Legner Appraisals, LLC	legnerappraisal.com
Legner Appraisals, LLC	legnerappraisals.com
Brooks Appraisals	brooksappraisal.com
Brooks Appraisals	brooksappraisals.com
American Appraisals, LLC	americanappraisal.com
American Appraisals, LLC	americanappraisals.com
Appraisal Precision & Consulting Group, Inc	appraisalprecisionandconsulting.com
Appraisal Precision & Consulting Group, Inc	appraisalsprecisionandconsultinggroup.com
Appraisal Precision & Consulting Group, Inc	appraisalprecisionandconsultinggroup.com
Rels Valuation	relsvaluation.com
Mitchell Peak Appraisals, LLC	mitchellpeakappraisal.com
Mitchell Peak Appraisals, LLC	mitchellpeakappraisals.com
1-2-3 Appraisal, Inc	123appraisals.com
1-2-3 Appraisal, Inc	123appraisal.com
HIGHPLAINS REAL ESTATE CONSULT	highplainsrealestateconsult.com
R & L APPRAISALS INC.	randlappraisals.com
R & L APPRAISALS INC.	randlappraisal.com
Osborn Appraisal Services	osbornappraisalervices.com
Osborn Appraisal Services	osbornappraisal.com
Osborn Appraisal Services	osbornappraisalservices.com
PAGE APPRAISAL CO., LLC	pageappraisals.com
PAGE APPRAISAL CO., LLC	pageappraisal.com
AP Appraisals, LLC	apappraisals.com
AP Appraisals, LLC	apappraisal.com
Konstant & Klein Appraisals	konstantandkleinappraisals.com
Konstant & Klein Appraisals	konstantandkleinappraisal.com
Prewitt Appraisal Service	prewittappraisal.com
Prewitt Appraisal Service	prewittappraisalervice.com
Prewitt Appraisal Service	prewittappraisalservice.com
Big Horn Appraisals	bighornappraisals.com
Big Horn Appraisals	bighornappraisal.com
RICHEY ENTERPROSES LLC	richeyenterproses.com
Real Estate of the West, LLC - Appraisal Services	realestateofthewestappraisal.com
Real Estate of the West, LLC - Appraisal Services	realestateofthewestappraisalservices.com
Real Estate of the West, LLC - Appraisal Services	realestateofthewestappraisalervices.com
Robison Appraisal Service	robisonappraisalervice.com
Robison Appraisal Service	robisonappraisalservice.com
Robison Appraisal Service	robisonappraisal.com
BRIAN ROGNON	brianrognon.com
INTEGRITY APPRAISAL SERVICES, LLC	integrityappraisal.com
INTEGRITY APPRAISAL SERVICES, LLC	integrityappraisalervices.com
INTEGRITY APPRAISAL SERVICES, LLC	integrityappraisalservices.com
Frontier Appraisals, Inc	frontierappraisals.com
Frontier Appraisals, Inc	frontierappraisal.com
BEAR APPRAISALS	bearappraisals.com
BEAR APPRAISALS	bearappraisal.com
LE Appraisals LLC	leappraisals.com
LE Appraisals LLC	leappraisal.com
Melinda S Sealander	melindassealander.com
Brett Shaffer	brettshaffer.com
Integrity Appraisal Services, LLC	integrityappraisal.com
Integrity Appraisal Services, LLC	integrityappraisalervices.com
Integrity Appraisal Services, LLC	integrityappraisalservices.com
Deb Simpson, Appraiser	debsimpsonappraiser.com
MOUNTAIN VALLEY APPRAISAL, LLC	mountainvalleyappraisal.com
MOUNTAIN VALLEY APPRAISAL, LLC	mountainvalleyappraisals.com
Sorensen Appraisal Services	sorensenappraisalservices.com
Sorensen Appraisal Services	sorensenappraisalervices.com
Sorensen Appraisal Services	sorensenappraisal.com
DMS APPRAISAL LLC	dmsappraisals.com
DMS APPRAISAL LLC	dmsappraisal.com
MOUNTAIN FRONT APPRAISAL SERV	mountainfrontappraisalerv.com
MOUNTAIN FRONT APPRAISAL SERV	mountainfrontappraisalserv.com
Cater-Isakson Appraisals	caterisaksonappraisal.com
Cater-Isakson Appraisals	caterisaksonappraisals.com
TAKUSKI APPRAISALS	takuskiappraisals.com
TAKUSKI APPRAISALS	takuskiappraisal.com
RED BARN APPRAISALS	redbarnappraisal.com
RED BARN APPRAISALS	redbarnappraisals.com
A-1 APPRAISAL SERVICES, INC.	a1appraisalervices.com
A-1 APPRAISAL SERVICES, INC.	a1appraisalservices.com
A-1 APPRAISAL SERVICES, INC.	a1appraisal.com
JACKSON HOLE APPRAISALS	jacksonholeappraisals.com
JACKSON HOLE APPRAISALS	jacksonholeappraisal.com
SWEETWATER APPRAISAL SERVICES	sweetwaterappraisalservices.com
SWEETWATER APPRAISAL SERVICES	sweetwaterappraisalervices.com
SWEETWATER APPRAISAL SERVICES	sweetwaterappraisal.com
APPRAISAL AGENCY LLC	appraisalagency.com
APPRAISAL AGENCY LLC	appraisalsagency.com
Mad Inspections	madinspections.com
CASPER APPRAISAL SERVICE	casperappraisal.com
CASPER APPRAISAL SERVICE	casperappraisalervice.com
CASPER APPRAISAL SERVICE	casperappraisalservice.com
GRAND APPRAISALS	grandappraisal.com
GRAND APPRAISALS	grandappraisals.com
Snowy Range Appraisals, LLC	snowyrangeappraisals.com
Snowy Range Appraisals, LLC	snowyrangeappraisal.com
WESTBROOK APPRAISAL, LLC	westbrookappraisals.com
WESTBROOK APPRAISAL, LLC	westbrookappraisal.com
AMERICAN APPRAISALS, LLC	americanappraisal.com
AMERICAN APPRAISALS, LLC	americanappraisals.com
WILLIAMS APPRAISALS LLC	williamsappraisals.com
WILLIAMS APPRAISALS LLC	williamsappraisal.com
WILSON APPRAISAL SERVICE, INC.	wilsonappraisal.com
WILSON APPRAISAL SERVICE, INC.	wilsonappraisalservice.com
WILSON APPRAISAL SERVICE, INC.	wilsonappraisalervice.com
Cameron Wilson Appraisal	cameronwilsonappraisals.com
Cameron Wilson Appraisal	cameronwilsonappraisal.com
