Achee Appraisals	acheeappraisal.com	dead	000
Ace Valuation Services, LLC	acevaluationservices.com	dead	000
Appraisals4U, LLC	appraisals4u.com	dead	000
Abercrombie Appraisal	abercrombieappraisal.com	dead	000
Acker Appraisals, Inc.	ackerappraisal.com	dead	000
Ace Valuation Services, LLC	acevaluation.com	HIT_strong	200
Acker Appraisals, Inc.	ackerappraisals.com	dead	000
ACA Appraisals, Inc.	acaappraisal.com	dead	000
FMA Appraisals, LLC	fmaappraisal.com	dead	000
Abercrombie Appraisals, LLC	abercrombieappraisal.com	dead	000
ACA Appraisals, Inc.	acaappraisals.com	dead	000
Abercrombie Appraisals, LLC	abercrombieappraisals.com	HIT_strong	200
Achee Appraisals	acheeappraisals.com	dead	000
Michael K. Adams	michaelkadams.com	nomatch	200
MountainSeed Appraisal Management	mountainseedappraisalsmanagement.com	dead	000
Abercrombie Appraisal	abercrombieappraisals.com	HIT_strong	200
George A. Allen, CRA	georgeaallencra.com	dead	000
FMA Appraisals, LLC	fmaappraisals.com	dead	000
Allison Appraisals	allisonappraisal.com	dead	000
Allison Appraisal Service	allisonappraisalservice.com	dead	000
Allison Appraisals	allisonappraisals.com	dead	000
Appraisal Aid	appraisalsaid.com	dead	000
Allison Appraisal Service	allisonappraisalervice.com	dead	000
Allison Appraisal Service	allisonappraisal.com	dead	000
SouthEastern Appraisal Services, LLC	southeasternappraisalervices.com	dead	000
Amis Appraisals, LLC	amisappraisals.com	dead	000
Amis Appraisals, LLC	amisappraisal.com	dead	000
SouthEastern Appraisal Services, LLC	southeasternappraisal.com	dead	000
Arnold Appraisal Services	arnoldappraisal.com	dead	000
SouthEastern Appraisal Services, LLC	southeasternappraisalservices.com	dead	000
River Region Appraisals, LLC	riverregionappraisal.com	dead	000
Bobby Andrews Appraisals	bobbyandrewsappraisals.com	dead	000
Bobby Andrews Appraisals	bobbyandrewsappraisal.com	dead	000
Arnold Appraisal Services	arnoldappraisalservices.com	dead	000
Arnold Appraisal Services	arnoldappraisalervices.com	dead	000
Appraisal Aid	appraisalaid.com	HIT_strong	200
A Plus Appraisal & Real Estate, Inc.	aplusappraisalsandrealestate.com	dead	000
A Plus Appraisal & Real Estate, Inc.	aplusappraisalandrealestate.com	dead	000
MountainSeed Appraisal Management	mountainseedappraisalmanagement.com	dead	403
Synovus Financial Corporation	synovusfinancial.com	parked	body
Bach Appraisal Services, LLC	bachappraisalervices.com	dead	000
River Region Appraisals, LLC	riverregionappraisals.com	dead	000
Bagwell Appraisal Service	bagwellappraisal.com	dead	000
Lisa Baine	lisabaine.com	dead	000
Bach Appraisal Services, LLC	bachappraisalservices.com	dead	000
Bagwell Appraisal Service	bagwellappraisalservice.com	dead	000
Southeastern Valuation, LLC	southeasternvaluation.com	HIT_strong	200
Alabama Power Company	alabamapower.com	HIT_weak	200
Tiffany Arnold	tiffanyarnold.com	empty	200
Baggett Appraisals	baggettappraisal.com	dead	000
Bach Appraisal Services, LLC	bachappraisal.com	dead	000
Able Appraisal Services, LLC	ableappraisalervices.com	dead	000
MBT Appraisals	mbtappraisal.com	dead	000
Baggett Appraisals	baggettappraisals.com	dead	000
Baker Appraisal, Inc.	bakerappraisals.com	parked	body
Appraisals4U, LLC	appraisal4u.com	HIT_strong	200
Dart Appraisal	dartappraisal.com	HIT_strong	200
Bagwell Appraisal Service	bagwellappraisalervice.com	dead	000
Appraisal Services of North Alabama	appraisalervicesofnorthalabama.com	dead	000
Able Appraisal Services, LLC	ableappraisalservices.com	HIT_strong	200
Cheryl Barnes Appraisals	cherylbarnesappraisal.com	dead	000
Appraisal Services of North Alabama	appraisalservicesofnorthalabama.com	dead	000
MBT Appraisals	mbtappraisals.com	HIT_strong	200
Baker Appraisal, Inc.	bakerappraisal.com	HIT_strong	200
Banzhoff Appraisal Service	banzhoffappraisal.com	dead	000
Banzhoff Appraisal Service	banzhoffappraisalervice.com	dead	000
Able Appraisal Services, LLC	ableappraisal.com	HIT_strong	200
WAIV Valuation, Inc.	waivvaluation.com	HIT_strong	200
Gary Bean Appraisal	garybeanappraisal.com	dead	000
Jeremy Bearden Appraisals, LLC	jeremybeardenappraisal.com	dead	000
Banzhoff Appraisal Service	banzhoffappraisalservice.com	dead	000
Jeremy Bearden Appraisals, LLC	jeremybeardenappraisals.com	dead	000
Amrock, LLC	amrock.com	dead	000
Jones Appraisal Service	jonesappraisalservice.com	parked	body
Bennett Appraisal Service	bennettappraisal.com	dead	000
Cheryl Barnes Appraisals	cherylbarnesappraisals.com	dead	000
Gary Bean Appraisal	garybeanappraisals.com	dead	000
Dr. Russell A. Bean	drrussellabean.com	dead	000
Beckman Appraisal and Valuation	beckmanappraisalandvaluation.com	dead	000
Paramount Appraisal Service, LLC	paramountappraisalervice.com	dead	000
Paramount Appraisal Service, LLC	paramountappraisal.com	HIT_strong	200
Jones Appraisal Service	jonesappraisalervice.com	dead	000
Paramount Appraisal Service, LLC	paramountappraisalservice.com	dead	000
Beckman Appraisal and Valuation	beckmanappraisalsandvaluation.com	dead	000
Bennett Appraisal Service	bennettappraisalervice.com	dead	000
Berry Appraisal Service, LLC	berryappraisalervice.com	dead	000
Jeff Blackmon Residential Appraisals	jeffblackmonresidentialappraisals.com	dead	000
Bennett Appraisal Service	bennettappraisalservice.com	dead	000
Bishop Appraisal	bishopappraisals.com	dead	000
Berry Appraisal Service, LLC	berryappraisal.com	dead	000
Berry Appraisal Service, LLC	berryappraisalservice.com	dead	000
Blankenship Appraisals, LLC	blankenshipappraisals.com	dead	000
Jeff Blackmon Residential Appraisals	jeffblackmonresidentialappraisal.com	dead	000
Citiwide Appraisal	citiwideappraisals.com	dead	000
William K. Blair	williamkblair.com	dead	000
Blankenship Appraisals, LLC	blankenshipappraisal.com	dead	000
Citiwide Appraisal	citiwideappraisal.com	dead	000
Monarch Appraisal Service, LLC	monarchappraisalervice.com	dead	000
Jones Appraisal Service	jonesappraisal.com	HIT_strong	200
Monarch Appraisal Service, LLC	monarchappraisalservice.com	dead	000
DB Appraisal Service, Inc.	dbappraisal.com	dead	000
DB Appraisal Service, Inc.	dbappraisalervice.com	dead	000
Bishop Appraisal	bishopappraisal.com	dead	000
Bolton Appraisal, LLC	boltonappraisals.com	dead	000
MCB Appraisals, LLC	mcbappraisals.com	HIT_strong	200
Bolton Appraisal, LLC	boltonappraisal.com	HIT_strong	200
MCB Appraisals, LLC	mcbappraisal.com	dead	000
DB Appraisal Service, Inc.	dbappraisalservice.com	dead	000
Atlas Appraisal Service, Inc.	atlasappraisalervice.com	dead	000
Atlas Appraisal Service, Inc.	atlasappraisalservice.com	HIT_strong	200
WAIV	waiv.com	HIT_weak	200
Bostick Appraisal Service	bostickappraisal.com	dead	000
Atlas Appraisal Service, Inc.	atlasappraisal.com	parked	body
Monarch Appraisal Service, LLC	monarchappraisal.com	HIT_strong	200
Bostick Appraisal Service	bostickappraisalservice.com	dead	000
Boswell & Associates Appraisal Co.	boswellandassociatesappraisals.com	dead	000
Stephen D. Boswell	stephendboswell.com	dead	000
Chris Bradford Appraisals	chrisbradfordappraisal.com	dead	000
Bostick Appraisal Service	bostickappraisalervice.com	dead	000
Boswell & Associates Appraisal Co.	boswellandassociatesappraisal.com	dead	000
James T. Bowen	jamestbowen.com	HIT_weak	200
Braxton Appraisal Service, LLC	braxtonappraisal.com	dead	000
Chris Bradford Appraisals	chrisbradfordappraisals.com	dead	000
Community RE Appraisal Services, LLC	communityreappraisalservices.com	dead	000
Brewster Appraisal Service	brewsterappraisalervice.com	dead	000
Braxton Appraisal Service, LLC	braxtonappraisalservice.com	dead	000
Braxton Appraisal Service, LLC	braxtonappraisalervice.com	dead	000
Bradford Appraisals	bradfordappraisal.com	HIT_strong	200
Bradford Appraisal Inc.	bradfordappraisals.com	HIT_strong	200
Bradford Appraisal Inc.	bradfordappraisal.com	HIT_strong	200
Brewster Appraisal Service	brewsterappraisalservice.com	dead	000
Brewster Appraisal Service	brewsterappraisal.com	dead	000
Red Sky Risk Services, LLC	redskyrisk.com	dead	000
Bradford Appraisals	bradfordappraisals.com	HIT_strong	200
Community RE Appraisal Services, LLC	communityreappraisal.com	dead	000
Community RE Appraisal Services, LLC	communityreappraisalervices.com	dead	000
Bryant Appraisal Service	bryantappraisalervice.com	dead	000
Brock Appraisal	brockappraisals.com	dead	000
Red Sky Risk Services, LLC	redskyriskservices.com	dead	000
North Alabama Appraisals	northalabamaappraisal.com	dead	000
North Alabama Appraisals	northalabamaappraisals.com	dead	000
R. E. Browne & Associates, LLC	rebrowneand.com	dead	000
AK Appraisals, LLC	akappraisals.com	HIT_strong	200
Brock Appraisal	brockappraisal.com	dead	000
R. E. Browne & Associates, LLC	rebrowneandassociates.com	dead	000
Clayton Brooks	claytonbrooks.com	dead	000
AK Appraisals, LLC	akappraisal.com	HIT_strong	200
Bryant Appraisal Service	bryantappraisalservice.com	dead	000
Bryant Appraisal Service	bryantappraisal.com	HIT_strong	200
Bufkin Appraisal Company	bufkinappraisals.com	dead	000
Farrow Burks Appraisals, LLC	farrowburksappraisals.com	dead	000
CMP Appraisals	cmpappraisal.com	HIT_strong	202
Bufkin Appraisal Company	bufkinappraisal.com	dead	000
Farrow Burks Appraisals, LLC	farrowburksappraisal.com	dead	000
Landguard Appraisals, Inc.	landguardappraisals.com	dead	000
MB Valuations, LLC	mbvaluations.com	dead	000
Landguard Appraisals, Inc.	landguardappraisal.com	dead	000
Volkert, Inc.	volkert.com	HIT_weak	200
The RBI Group	therbigroup.com	HIT_weak	200
Dart Appraisal	dartappraisals.com	dead	000
Bluewater Appraisal Services, LLC	bluewaterappraisalservices.com	dead	000
Byrd Appraisal Services	byrdappraisalervices.com	dead	000
Bluewater Appraisal Services, LLC	bluewaterappraisal.com	dead	000
Bluewater Appraisal Services, LLC	bluewaterappraisalervices.com	dead	000
Byrd Appraisal Services	byrdappraisalservices.com	dead	000
Byrd Appraisal Services	byrdappraisal.com	dead	000
Cade Appraisal Services, LLC	cadeappraisalservices.com	dead	000
Cade Appraisal Services, LLC	cadeappraisal.com	dead	000
Cade Appraisal Services, LLC	cadeappraisalervices.com	dead	000
Byars Real Estate, LLC	byarsrealestate.com	empty	200
Patrick Callison, Appraiser	patrickcallisonappraiser.com	dead	000
Cabral & Company	cabraland.com	dead	000
Capps Appraisal Service	cappsappraisalservice.com	dead	000
Cantley Appraisals	cantleyappraisal.com	dead	000
Premier Appraisals, LLC	premierappraisals.com	parked	body
Carden Appraisals	cardenappraisal.com	dead	000
Ms. Melissa Calloway	msmelissacalloway.com	dead	000
Capps Appraisal Service	cappsappraisal.com	dead	000
Capps Appraisal Service	cappsappraisalervice.com	dead	000
Gulf Coast Appraisal Services, LLC	gulfcoastappraisalservices.com	dead	000
Gulf Coast Appraisal Services, LLC	gulfcoastappraisalervices.com	dead	000
Carden Appraisals	cardenappraisals.com	dead	000
Bevel & Company	beveland.com	HIT_weak	200
Johnson Appraisal Services, Inc.	johnsonappraisalervices.com	dead	000
Premier Appraisals, LLC	premierappraisal.com	dead	000
Becky Campbell	beckycampbell.com	nomatch	200
Case Appraisal Service	caseappraisalervice.com	dead	000
Superior Real Estate Services	superiorrealestateservices.com	dead	000
Superior Real Estate Service	superiorrealestateservice.com	dead	000
Case Appraisal Service	caseappraisalservice.com	dead	000
Johnson Appraisal Services, Inc.	johnsonappraisalservices.com	dead	000
Crest Appraisal Group, LLC	crestappraisalgroup.com	dead	000
Superior Real Estate Service	superiorrealestate.com	empty	200
Johnson Appraisal Services, Inc.	johnsonappraisal.com	HIT_strong	200
Griffin Appraisals	griffinappraisal.com	dead	000
Case Appraisal Service	caseappraisal.com	dead	000
Crest Appraisal Group, LLC	crestappraisalsgroup.com	dead	000
Chatham Appraisals	chathamappraisals.com	dead	000
Chatham Appraisals	chathamappraisal.com	dead	000
Griffin Appraisals	griffinappraisals.com	HIT_strong	202
Superior Real Estate Services	superiorrealestate.com	empty	200
Linda Cheers	lindacheers.com	dead	000
Cheney Appraisal Services	cheneyappraisalervices.com	dead	000
More Doors Appraisals	moredoorsappraisal.com	dead	000
Clark Appraisal Group	clarkappraisalsgroup.com	dead	000
More Doors Appraisals	moredoorsappraisals.com	dead	000
Clark Appraisal Group	clarkappraisalgroup.com	HIT_strong	200
Titan Appraisal Services	titanappraisalservices.com	dead	000
Clark Appraisal Group	clarkappraisal.com	HIT_strong	200
Titan Appraisal Services	titanappraisalervices.com	dead	000
Clark Appraisals, LLC	clarkappraisal.com	HIT_strong	200
Cheney Appraisal Services	cheneyappraisalservices.com	parked	body
Titan Appraisal Services	titanappraisal.com	HIT_strong	200
R.S. Clark Real Estate Services	rsclarkrealestateservices.com	dead	000
Kitchens Realty, Inc.	kitchensrealty.com	dead	000
Claybrook Appraisal and Review Service, LLC	claybrookappraisalsandreviewservice.com	dead	000
R.S. Clark Real Estate Services	rsclarkrealestate.com	dead	000
Cheney Appraisal Services	cheneyappraisal.com	HIT_strong	200
Claybrook Appraisal and Review Service, LLC	claybrookappraisalandreviewservice.com	dead	000
Claybrook Appraisal and Review Service, LLC	claybrookappraisalandreview.com	dead	000
Collett Appraisal Service, LLC	collettappraisalservice.com	dead	000
Cope Appraisals	copeappraisal.com	dead	000
Copeland Appraisals, LLC	copelandappraisal.com	dead	000
Collett Appraisal Service, LLC	collettappraisal.com	dead	000
Collett Appraisal Service, LLC	collettappraisalervice.com	dead	000
ServiceLink	servicelink.com	HIT_strong	200
Copeland Appraisals, LLC	copelandappraisals.com	dead	000
Cope Appraisals	copeappraisals.com	dead	000
ACRE Appraisals, LLC	acreappraisal.com	dead	000
Michael Cordell Certified Residential Appr	michaelcordellcertifiedresidentialappr.com	dead	000
Counts Appraisal Group	countsappraisalsgroup.com	dead	000
Counts Appraisal Group	countsappraisalgroup.com	dead	000
GAC Appraisal, LLC	gacappraisals.com	dead	000
GAC Appraisal, LLC	gacappraisal.com	dead	000
ACRE Appraisals, LLC	acreappraisals.com	HIT_strong	200
Courson Appraisals	coursonappraisal.com	dead	000
Counts Appraisal Group	countsappraisal.com	dead	000
Courson Appraisals	coursonappraisals.com	dead	000
Courtney & Morris Appraisals, Inc.	courtneyandmorrisappraisal.com	dead	000
AJC Appraisal Services, Inc.	ajcappraisalservices.com	dead	000
AJC Appraisal Services, Inc.	ajcappraisal.com	dead	000
Courtney & Morris Appraisals, Inc.	courtneyandmorrisappraisals.com	dead	000
AJC Appraisal Services, Inc.	ajcappraisalervices.com	dead	000
Pettey & Associates	petteyandassociates.com	dead	000
Pettey & Associates	petteyand.com	dead	000
Appraisal Services	appraisalervices.com	dead	000
Appraisal Services	appraisalservices.com	HIT_strong	200
Crochen & Associates, LLC	crochenandassociates.com	dead	000
Crochen & Associates, LLC	crochenand.com	dead	000
Alabama Appraisal & Associates	alabamaappraisalandassociates.com	dead	000
Alabama Appraisal & Associates	alabamaappraisaland.com	dead	000
Alabama Appraisal & Associates	alabamaappraisalsandassociates.com	dead	000
Curren Appraisal Service	currenappraisalservice.com	dead	000
Curren Appraisal Service	currenappraisalervice.com	dead	000
Dalton Appraisal Group	daltonappraisalsgroup.com	dead	000
Darling Appraisal Group, LLC	darlingappraisalgroup.com	dead	000
Dalton Appraisal Group	daltonappraisalgroup.com	HIT_slug	202
Assured Appraisal Company	assuredappraisals.com	dead	000
Darling Appraisal Group, LLC	darlingappraisalsgroup.com	dead	000
Boothe & Associates, LLC	bootheand.com	dead	000
Boothe & Associates, LLC	bootheandassociates.com	dead	000
CMP Appraisals	cmpappraisals.com	dead	000
Kathy P. Davis Appraisals, Inc.	kathypdavisappraisals.com	dead	000
Charles Davis Appraisals	charlesdavisappraisal.com	dead	000
Charles Davis Appraisals	charlesdavisappraisals.com	dead	000
Darling Appraisal Group, LLC	darlingappraisal.com	HIT_strong	200
Kathy P. Davis Appraisals, Inc.	kathypdavisappraisal.com	dead	000
Appraisers of Baldwin/Mobile	appraisersofbaldwinmobile.com	dead	000
Assured Appraisal Company	assuredappraisal.com	dead	000
Davis Appraisal Services	davisappraisalervices.com	dead	000
Appraisal Associates	appraisalsassociates.com	dead	000
Davis Appraisal Services	davisappraisal.com	HIT_strong	200
Appraisal Associates	appraisalassociates.com	dead	000
Deerman Appraisal Service	deermanappraisalervice.com	dead	000
Davis Appraisal Services	davisappraisalservices.com	HIT_strong	200
Corporate Settlement Solutions	corporatesettlementsolutions.com	parked	body
Deerman Appraisal Service	deermanappraisal.com	dead	000
Valbridge Property Advisors	valbridgepropertyadvisors.com	HIT_strong	200
DeFelix Appraisal Services	defelixappraisalservices.com	dead	000
DeFelix Appraisal Services	defelixappraisalervices.com	dead	000
DeFelix Appraisal Services	defelixappraisal.com	dead	000
Deerman Appraisal Service	deermanappraisalservice.com	dead	000
Appraisal Partners, LLC	appraisalspartners.com	dead	000
Dettling Valuations, Inc.	dettlingvaluations.com	dead	000
Appraisal Partners, LLC	appraisalpartners.com	HIT_strong	202
Dettling & Associates	dettlingandassociates.com	dead	000
Dettling & Associates	dettlingand.com	dead	000
DiCicco & Associates, LLC	diciccoandassociates.com	dead	000
DiCicco & Associates, LLC	diciccoand.com	dead	000
E3 Appraisals, LLC	e3appraisals.com	dead	000
Crest Appraisal Group, LLC	crestappraisal.com	dead	000
Chris Dixon & Associates, Inc.	chrisdixonand.com	dead	000
Chris Dixon & Associates, Inc.	chrisdixonandassociates.com	dead	000
Dekalb County Appraisal Service	dekalbcountyappraisalservice.com	dead	000
Dekalb County Appraisal Service	dekalbcountyappraisalervice.com	dead	000
Aloft, Inc.	aloft.com	dead	000
D. Shannon Johnson Appraisals	dshannonjohnsonappraisals.com	dead	000
D. Shannon Johnson Appraisals	dshannonjohnsonappraisal.com	dead	000
Dekalb County Appraisal Service	dekalbcountyappraisal.com	dead	000
E3 Appraisals, LLC	e3appraisal.com	dead	404
Druhan Appraisal Company	druhanappraisals.com	dead	000
Douglas Residential Appraisal	douglasresidentialappraisals.com	dead	000
Douglas Residential Appraisal	douglasresidentialappraisal.com	dead	000
Druhan Appraisal Company	druhanappraisal.com	dead	000
Mountain Brook Appraisals	mountainbrookappraisals.com	dead	000
Mountain Brook Appraisals	mountainbrookappraisal.com	dead	000
Alabama Appraisal Company	alabamaappraisal.com	dead	000
Mark Dunn Appraisals, LLC	markdunnappraisal.com	dead	000
Mark Dunn Appraisals, LLC	markdunnappraisals.com	dead	000
All Terrain Appraisal Services, LLC	allterrainappraisalervices.com	dead	000
All Terrain Appraisal Services, LLC	allterrainappraisal.com	dead	000
Alabama Appraisal Company	alabamaappraisals.com	HIT_strong	200
Eady Appraisal Service	eadyappraisal.com	dead	000
All Terrain Appraisal Services, LLC	allterrainappraisalservices.com	dead	000
Eady Appraisal Service	eadyappraisalervice.com	dead	000
Rehab Creations, LLC dba Greg Easter Appraisals	rehabcreationsdbagregeasterappraisal.com	dead	000
Easter Appraisal Services, LLC	easterappraisalervices.com	dead	000
Eady Appraisal Service	eadyappraisalservice.com	dead	000
Easter Appraisal Services, LLC	easterappraisal.com	dead	000
Rehab Creations, LLC dba Greg Easter Appraisals	rehabcreationsdbagregeasterappraisals.com	dead	000
Easter Appraisal Services, LLC	easterappraisalservices.com	dead	000
Cypress Creek Appraisals	cypresscreekappraisals.com	dead	000
Mark England Appraisals	markenglandappraisals.com	dead	000
Patricia A. Edwards	patriciaaedwards.com	dead	000
SMP Appraisal Services, LLC	smpappraisal.com	dead	000
Cypress Creek Appraisals	cypresscreekappraisal.com	dead	000
Mark England Appraisals	markenglandappraisal.com	dead	000
Curren Appraisal Service	currenappraisal.com	dead	000
England Appraisals, LLC	englandappraisals.com	dead	000
England Appraisals, LLC	englandappraisal.com	dead	000
SMP Appraisal Services, LLC	smpappraisalervices.com	dead	000
Epps Appraisal Services	eppsappraisalervices.com	dead	000
Epps Appraisal Services	eppsappraisalservices.com	dead	000
SMP Appraisal Services, LLC	smpappraisalservices.com	dead	000
Epps Appraisal Services	eppsappraisal.com	dead	000
ACG Baldwin, LLC	acgbaldwin.com	dead	000
City of Birmingham, Finance Department	cityofbirminghamfinancedepartment.com	dead	000
Appraisal Research & Consultants	appraisalsresearchandconsultants.com	dead	000
Appraisal Research & Consultants	appraisalresearchandconsultants.com	dead	000
Faulkner Real Estate Appraisals, LLC	faulknerrealestateappraisal.com	dead	000
Southern Appraisal, LLC	southernappraisals.com	dead	000
North County Appraisers	northcountyappraisers.com	dead	000
Southern Appraisal, LLC	southernappraisal.com	HIT_strong	200
Faulkner Real Estate Appraisals, LLC	faulknerrealestateappraisals.com	dead	000
Fendley Appraisals	fendleyappraisals.com	dead	000
Baldwin County Commission	baldwincountycommission.com	dead	000
Fendley Appraisals	fendleyappraisal.com	dead	000
Gill Johnson Appraisal	gilljohnsonappraisals.com	dead	000
Gill Johnson Appraisal	gilljohnsonappraisal.com	dead	000
Scott Ferguson	scottferguson.com	HIT_weak	200
Donna Fernandes	donnafernandes.com	dead	000
Fikes Appraisal Company	fikesappraisal.com	dead	000
Fikes Appraisal Company	fikesappraisals.com	dead	000
Franklin Home Appraisal, LLC	franklinhomeappraisals.com	dead	000
Franklin Home Appraisal, LLC	franklinhomeappraisal.com	dead	000
Franklin Home Appraisals, LLC	franklinhomeappraisal.com	dead	000
Forester Appraisals	foresterappraisal.com	dead	000
Forester Appraisals	foresterappraisals.com	dead	000
Mr. Samuel K. Fuller	mrsamuelkfuller.com	dead	000
Definitive Valuations	definitivevaluations.com	HIT_strong	200
Franklin Home Appraisals, LLC	franklinhomeappraisals.com	dead	000
Fullco Realty Services dba Fullco Appraisal Services	fullcorealtyservicesdbafullcoappraisal.com	dead	000
Neal Freeman Appraisal Company	nealfreemanappraisals.com	dead	000
Neal Freeman Appraisal Company	nealfreemanappraisal.com	dead	000
Joseph Gall Residential Appraisals, Inc.	josephgallresidentialappraisal.com	dead	000
Fullco Realty Services dba Fullco Appraisal Services	fullcorealtyservicesdbafullcoappraisalervices.com	dead	000
Joseph Gall Residential Appraisals, Inc.	josephgallresidentialappraisals.com	dead	000
Edwin Garrison Appraisals	edwingarrisonappraisal.com	dead	000
Carolyn Hinkey Garnett, Appraiser	carolynhinkeygarnettappraiser.com	dead	000
Edwin Garrison Appraisals	edwingarrisonappraisals.com	dead	000
Discovery Appraisal	discoveryappraisal.com	parked	body
Garrison Appraisals, Inc.	garrisonappraisals.com	dead	000
Garrison Appraisals, Inc.	garrisonappraisal.com	dead	000
The RBI Group	therbi.com	dead	000
Gartman Appraisals, LLC	gartmanappraisal.com	dead	000
Gattozzi Appraisals, Inc.	gattozziappraisal.com	dead	000
GVI Appraisals, Inc.	gviappraisal.com	dead	000
RCG Appraisal Services, LLC	rcgappraisalservices.com	dead	000
Your Appraiser	yourappraiser.com	dead	000
GVI Appraisals, Inc.	gviappraisals.com	dead	000
RCG Appraisal Services, LLC	rcgappraisalervices.com	dead	000
Gattozzi Appraisals, Inc.	gattozziappraisals.com	HIT_strong	200
Gartman Appraisals, LLC	gartmanappraisals.com	HIT_strong	200
Given Appraisal Service	givenappraisal.com	dead	000
Ben Glass & Co, LLC	benglassand.com	dead	000
Gibson Appraisals, LLC	gibsonappraisals.com	dead	000
Cantley Appraisals	cantleyappraisals.com	dead	000
Given Appraisal Service	givenappraisalervice.com	dead	000
Given Appraisal Service	givenappraisalservice.com	dead	000
RCG Appraisal Services, LLC	rcgappraisal.com	dead	000
Glenn Appraisals, LLC	glennappraisal.com	dead	000
Goff Appraisal Service	goffappraisal.com	dead	000
Glenn Appraisals, LLC	glennappraisals.com	dead	000
Goff Appraisal Service	goffappraisalservice.com	dead	000
Goff Appraisal Service	goffappraisalervice.com	dead	000
Gulf Coast Appraisal Services, LLC	gulfcoastappraisal.com	dead	000
Gordon Appraisal Group	gordonappraisalgroup.com	dead	000
Gordon Appraisal Group	gordonappraisalsgroup.com	dead	000
Certified Valuation Group	certifiedvaluation.com	HIT_strong	200
Elite Appraisal Services, LLC	eliteappraisalervices.com	dead	000
Certified Valuation Group	certifiedvaluationgroup.com	dead	000
Gordy Appraisal Services	gordyappraisalervices.com	dead	000
Gordy Appraisal Services	gordyappraisal.com	dead	000
Gordy Appraisal Services	gordyappraisalservices.com	dead	000
Elite Appraisal Services, LLC	eliteappraisalservices.com	HIT_strong	200
Graben Real Estate Services, LLC	grabenrealestate.com	dead	000
Gravitt Appraisal Service	gravittappraisalservice.com	dead	000
Gordon Appraisal Group	gordonappraisal.com	HIT_strong	200
Gravitt Appraisal Service	gravittappraisalervice.com	dead	000
Graben Real Estate Services, LLC	grabenrealestateservices.com	dead	000
Graham Appraisal, LLC	grahamappraisal.com	dead	000
KG Appraisal Services, LLC	kgappraisalervices.com	dead	000
Gravitt Appraisal Service	gravittappraisal.com	dead	000
KG Appraisal Services, LLC	kgappraisalservices.com	dead	000
KG Appraisal Services, LLC	kgappraisal.com	HIT_strong	200
Kitchens Realty & Appraisal Office	kitchensrealtyandappraisalsoffice.com	dead	000
Graham Appraisal, LLC	grahamappraisals.com	HIT_strong	200
Talley Appraisal Services, LLC	talleyappraisal.com	dead	000
Talley Appraisal Services, LLC	talleyappraisalervices.com	dead	000
Kitchens Realty & Appraisal Office	kitchensrealtyandappraisaloffice.com	dead	000
Quantum Real Estate Appraisals	quantumrealestateappraisals.com	dead	000
Quantum Real Estate Appraisals	quantumrealestateappraisal.com	dead	000
Talley Appraisal Services, LLC	talleyappraisalservices.com	dead	000
D.S. Murphy & Associates	dsmurphyandassociates.com	dead	000
D.S. Murphy & Associates	dsmurphyand.com	dead	000
Griffin Appraisal Service, Inc.	griffinappraisalervice.com	dead	000
Appraisals by Ted Gregg, LLC	appraisalsbytedgregg.com	dead	000
Appraisals by Ted Gregg, LLC	appraisalbytedgregg.com	dead	000
Marshall Green	marshallgreen.com	empty	200
Clark Appraisals, LLC	clarkappraisals.com	dead	000
Appraisals, Research & Consultants of Cullman	appraisalresearchandconsultantsofcullman.com	dead	000
Griffin Appraisal Service, Inc.	griffinappraisalservice.com	dead	000
Taylor Groce Appraisal Services, Inc.	taylorgroceappraisalservices.com	dead	000
Taylor Groce Appraisal Services, Inc.	taylorgroceappraisal.com	dead	000
Taylor Groce Appraisal Services, Inc.	taylorgroceappraisalervices.com	dead	000
Adam Guthrie/Appraisal Solutions	adamguthrieappraisalsolutions.com	dead	000
Northwest Alabama Appraisal	northwestalabamaappraisals.com	dead	000
Northwest Alabama Appraisal	northwestalabamaappraisal.com	dead	000
Adam Guthrie/Appraisal Solutions	adamguthrieappraisalolutions.com	dead	000
Griffin Appraisal Service, Inc.	griffinappraisal.com	dead	000
Dalton Appraisal Group	daltonappraisal.com	dead	000
Haggard Appraisals	haggardappraisals.com	dead	000
Hallman Appraisals	hallmanappraisals.com	dead	000
Hallman Appraisals	hallmanappraisal.com	dead	000
Hale Appraisal Firm, LLC	haleappraisalsfirm.com	dead	000
Haggard Appraisals	haggardappraisal.com	dead	000
Hamby Homes and Valuations, LLC	hambyhomesandvaluations.com	dead	000
Hale Appraisal Firm, LLC	haleappraisalfirm.com	dead	000
Hagan Real Estate, Inc.	haganrealestate.com	empty	200
Ms. Judith E. Haney	msjudithehaney.com	dead	000
Hardy Appraisal Service	hardyappraisalervice.com	dead	000
Zane Harris Appraisal Company	zaneharrisappraisal.com	dead	000
Hardy Appraisal Service	hardyappraisalservice.com	dead	000
Hardy Appraisal Service	hardyappraisal.com	dead	000
Zane Harris Appraisal Company	zaneharrisappraisals.com	dead	000
Finlay & Company, LLC	finlayand.com	dead	000
Hatfield Real Estate Consulting	hatfieldrealestateconsulting.com	dead	000
The Valuation Group, LLC	thevaluationgroup.com	HIT_strong	200
Hayes Appraisal Services, LLC	hayesappraisalervices.com	dead	000
Haynes Appraisal Service, LLC	haynesappraisalervice.com	dead	000
Hayes Appraisal Services, LLC	hayesappraisalservices.com	dead	000
Harris Appraisals, LLC	harrisappraisals.com	dead	000
Waiv Valuation, Inc.	waivvaluation.com	HIT_strong	200
Regions Bank	regionsbank.com	dead	000
Glenn's Quality Appraisal Services	glennsqualityappraisalservices.com	dead	000
Hayes Appraisal Services, LLC	hayesappraisal.com	HIT_strong	200
Hickman Valuation, LLC	hickmanvaluation.com	dead	000
Glenn's Quality Appraisal Services	glennsqualityappraisal.com	dead	000
Appraisal Services	appraisal.com	dead	000
Glenn's Quality Appraisal Services	glennsqualityappraisalervices.com	dead	000
Cornerstone Appraisal Partners, LLC	cornerstoneappraisalspartners.com	dead	000
Haynes Appraisal Service, LLC	haynesappraisalservice.com	dead	000
Coosa Valley Appraisal	coosavalleyappraisal.com	dead	000
Coosa Valley Appraisal	coosavalleyappraisals.com	dead	000
Hill Appraisal Services	hillappraisalservices.com	dead	000
Craig Enterprises, Inc.	craigenterprises.com	dead	000
Hill Appraisal Services	hillappraisalervices.com	dead	000
Accurate Appraisal Service, LLC	accurateappraisalervice.com	dead	000
Hill Appraisal Services	hillappraisal.com	dead	000
Freeman Appraisal Co.	freemanappraisals.com	dead	000
Jim Hilpert Appraisal Co.	jimhilpertappraisals.com	dead	000
Jim Hilpert Appraisal Co.	jimhilpertappraisal.com	dead	000
Haynes Appraisal Service, LLC	haynesappraisal.com	HIT_strong	200
Hill Appraisals, LLC	hillappraisal.com	dead	000
Accurate Appraisal Service, LLC	accurateappraisalservice.com	dead	000
Cornerstone Appraisal Partners, LLC	cornerstoneappraisalpartners.com	dead	404
Carly Hinson Appraisal Service	carlyhinsonappraisalservice.com	dead	000
Carly Hinson Appraisal Service	carlyhinsonappraisalervice.com	dead	000
Carly Hinson Appraisal Service	carlyhinsonappraisal.com	dead	000
Hixon & Associates, LLC	hixonandassociates.com	dead	000
Hixon & Associates, LLC	hixonand.com	dead	000
Hodges Appraisals, LLC	hodgesappraisal.com	dead	000
Discovery Appraisal	discoveryappraisals.com	HIT_strong	200
Hodges Appraisals, LLC	hodgesappraisals.com	dead	000
Holland Appraisal Services, LLC	hollandappraisalervices.com	dead	000
NE Alabama Appraisal Services, LLC dba NE AL Appraisals	nealabamaappraisalervicesdbanealappraisal.com	dead	000
Acceleration Appraisal	accelerationappraisals.com	dead	000
KMH Appraisal Services, LLC	kmhappraisalervices.com	dead	000
KMH Appraisal Services, LLC	kmhappraisal.com	dead	000
KMH Appraisal Services, LLC	kmhappraisalservices.com	HIT_strong	200
Acceleration Appraisal	accelerationappraisal.com	dead	000
Holland Appraisal Services, LLC	hollandappraisalservices.com	dead	000
Thomas Horn Real Estate Appraisal Services	thomashornrealestateappraisal.com	dead	000
Thomas Horn Real Estate Appraisal Services	thomashornrealestateappraisalservices.com	dead	000
Thomas Horn Real Estate Appraisal Services	thomashornrealestateappraisalervices.com	dead	000
Horton Appraisal Services	hortonappraisalervices.com	dead	000
The Holyfield Company	theholyfield.com	HIT_weak	200
Horton Appraisal Services	hortonappraisalservices.com	dead	000
Tommy Horton Appraiser, LLC	tommyhortonappraiser.com	dead	000
CDR	cdr.com	HIT_weak	200
Marketplace Appraisals, LLC	marketplaceappraisal.com	dead	000
Appraisal Solutions, LLC	appraisalolutions.com	dead	000
Marketplace Appraisals, LLC	marketplaceappraisals.com	dead	000
Ikard Valuation, LLC	ikardvaluation.com	dead	000
Amy Ivey Appraisals	amyiveyappraisals.com	dead	000
Amy Ivey Appraisals	amyiveyappraisal.com	dead	000
Solidifi	solidifi.com	HIT_strong	200
The Valuation Group, LLC	thevaluation.com	HIT_strong	200
Jackson Appraisal Services, Inc	jacksonappraisalervices.com	dead	000
Appraisal Associates	appraisal.com	dead	000
Jackson Appraisal Services, Inc	jacksonappraisal.com	parked	body
The Maples Company, LLC	themaples.com	empty	200
Advanced Appraisal Service	advancedappraisal.com	parked	body
Advanced Appraisal Service	advancedappraisalervice.com	dead	000
Jackson Appraisal Services, Inc	jacksonappraisalservices.com	HIT_strong	200
Excel Appraisal Service, LLC	excelappraisalservice.com	dead	000
Excel Appraisal Service, LLC	excelappraisalervice.com	dead	000
Advanced Appraisal Service	advancedappraisalservice.com	parked	body
Excel Appraisal Service, LLC	excelappraisal.com	dead	403
Horton Appraisal Services	hortonappraisal.com	dead	000
Ward Edge Appraisal	wardedgeappraisal.com	dead	000
Wayne Johnston	waynejohnston.com	empty	200
Ward Edge Appraisal	wardedgeappraisals.com	dead	000
Priority Appraisals	priorityappraisal.com	HIT_strong	200
Priority Appraisals	priorityappraisals.com	HIT_strong	200
Crest Appraisal Group, Inc.	crestappraisalgroup.com	dead	000
Charles Robert Jones, III	charlesrobertjonesiii.com	dead	000
Crest Appraisal Group, Inc.	crestappraisalsgroup.com	dead	000
Crest Appraisal Group, Inc.	crestappraisal.com	dead	000
Jones Appraisal Services, LLC	jonesappraisal.com	HIT_strong	200
Goodwyn, Mills & Cawood, Inc.	goodwynmillsandcawood.com	dead	000
Appraisers, Inc.	appraisers.com	dead	000
Jones Real Estate Appraisals	jonesrealestateappraisal.com	dead	000
Jones Real Estate Appraisals	jonesrealestateappraisals.com	dead	000
Jones Appraisal Services, LLC	jonesappraisalservices.com	HIT_strong	200
Jones Appraisal Services, LLC	jonesappraisalervices.com	dead	000
Kaiser Appraisals, LLC	kaiserappraisals.com	dead	000
Southeast Appraisals & Home Inspections, LLC	southeastappraisalandhomeinspections.com	dead	000
Southeast Appraisals & Home Inspections, LLC	southeastappraisalsandhomeinspections.com	dead	000
Kaiser Appraisals, LLC	kaiserappraisal.com	dead	000
Kearley Appraisal	kearleyappraisals.com	dead	000
Kearley Appraisal	kearleyappraisal.com	dead	000
Alabama Appraisal Services, Inc.	alabamaappraisal.com	dead	000
Anthony Appraisers	anthonyappraisers.com	HIT_strong	200
Alabama Appraisal Services, Inc.	alabamaappraisalervices.com	dead	000
Alabama Appraisal Services, Inc.	alabamaappraisalservices.com	dead	000
Bayside Appraisal, LLC	baysideappraisal.com	dead	000
Kennamer Appraisals, Inc.	kennamerappraisal.com	dead	000
Kennedy and Company, LLC	kennedyand.com	HIT_weak	200
Kidd Appraisals	kiddappraisals.com	dead	000
Kennamer Appraisals, Inc.	kennamerappraisals.com	parked	body
Kidd Appraisals	kiddappraisal.com	dead	000
King Residential Appraisals	kingresidentialappraisals.com	dead	000
King Residential Appraisals	kingresidentialappraisal.com	dead	000
Stone Bridge Appraisal Co. LLC	stonebridgeappraisals.com	dead	000
Stone Bridge Appraisal Co. LLC	stonebridgeappraisal.com	dead	000
Klingenbeck Appraisal Services	klingenbeckappraisalservices.com	dead	000
Don H. Kilgore, Realtors	donhkilgorerealtors.com	HIT_strong	200
Klingenbeck Appraisal Services	klingenbeckappraisal.com	dead	000
Klingenbeck Appraisal Services	klingenbeckappraisalervices.com	dead	000
Gibson Appraisals, LLC	gibsonappraisal.com	dead	000
Knight Real Estate Appraisals	knightrealestateappraisal.com	dead	000
Knight Real Estate Appraisals	knightrealestateappraisals.com	dead	000
Kimberly J. Kluegar	kimberlyjkluegar.com	dead	000
Knight Appraisal Service LLC	knightappraisalervice.com	dead	000
Appraisal First, Inc.	appraisalfirst.com	dead	000
Beaird Organization, LLC	beairdorganization.com	dead	000
Elite Appraisal Services, LLC	eliteappraisal.com	dead	000
Knight Appraisal Service LLC	knightappraisalservice.com	dead	000
Knight Appraisal Service LLC	knightappraisal.com	HIT_strong	200
Atlas Appraisal Advisors	atlasappraisaladvisors.com	dead	000
Atlas Appraisal Advisors	atlasappraisalsadvisors.com	dead	000
Talladega Appraisal Service	talladegaappraisalervice.com	dead	000
Talladega Appraisal Service	talladegaappraisal.com	dead	000
Massengale Appraisal Service	massengaleappraisal.com	dead	000
Talladega Appraisal Service	talladegaappraisalservice.com	dead	000
Massengale Appraisal Service	massengaleappraisalervice.com	dead	000
Accurate Appraisal Service, LLC	accurateappraisal.com	dead	000
Massengale Appraisal Service	massengaleappraisalservice.com	dead	000
The Leary Group, LLC	theleary.com	dead	000
J. Robert Lee Appraisals	jrobertleeappraisals.com	dead	000
J. Robert Lee Appraisals	jrobertleeappraisal.com	dead	000
Waiv Valuation	waivvaluation.com	HIT_strong	200
The Leary Group, LLC	thelearygroup.com	dead	000
Smith Realty & Appraisal, Inc.	smithrealtyandappraisal.com	dead	000
Kreg Stewart LeMaster	kregstewartlemaster.com	dead	000
Hunt & Associates	huntandassociates.com	nomatch	202
Lewis Appraisals	lewisappraisal.com	dead	000
Smith Realty & Appraisal, Inc.	smithrealtyandappraisals.com	dead	000
Stuart Lee Company	stuartlee.com	empty	200
Owen Lilly Appraisal	owenlillyappraisals.com	dead	000
Owen Lilly Appraisal	owenlillyappraisal.com	dead	000
Lewis Appraisals	lewisappraisals.com	dead	000
Real Property Appraisal Services, Inc.	realpropertyappraisalervices.com	dead	000
Real Property Appraisal Services, Inc.	realpropertyappraisalservices.com	dead	000
Certified Appraisal Services, LLC	certifiedappraisalervices.com	dead	000
Certified Appraisal Services, LLC	certifiedappraisalservices.com	dead	000
GLM Services, LLC	glmservices.com	dead	000
Harris Appraisals, LLC	harrisappraisal.com	dead	000
Certified Appraisal Services, LLC	certifiedappraisal.com	dead	000
Lowery Appraisal Service, LLC	loweryappraisalservice.com	dead	000
Lowery Appraisal Service, LLC	loweryappraisal.com	dead	000
Real Property Appraisal Services, Inc.	realpropertyappraisal.com	parked	body
Lowery Appraisal Service, LLC	loweryappraisalervice.com	dead	000
Walter Lowery Appraisals	walterloweryappraisal.com	dead	000
Integrity Appraisals	integrityappraisal.com	HIT_strong	200
Integrity Appraisals	integrityappraisals.com	HIT_strong	200
Lundy Appraisals	lundyappraisals.com	dead	000
Lundy Appraisals	lundyappraisal.com	dead	000
Lynn Appraisals	lynnappraisal.com	dead	000
Lynn Appraisals	lynnappraisals.com	dead	000
Midtown Appraisals	midtownappraisals.com	HIT_strong	200
Alliance Appraisal Services, Inc.	allianceappraisalservices.com	dead	000
Walter Lowery Appraisals	walterloweryappraisals.com	dead	000
Alliance Appraisal Services, Inc.	allianceappraisalervices.com	dead	000
Midtown Appraisals	midtownappraisal.com	dead	000
MorganMains, Inc.	morganmains.com	HIT_strong	200
Hill Appraisals, LLC	hillappraisals.com	dead	000
Amrock, Inc.	amrock.com	dead	000
Manley & Associates, Inc.	manleyand.com	dead	000
KIP Appraisal Service, LLC	kipappraisal.com	dead	000
Manley & Associates, Inc.	manleyandassociates.com	nomatch	200
Don Manuel	donmanuel.com	parked	body
Ryan Manning	ryanmanning.com	nomatch	200
KIP Appraisal Service, LLC	kipappraisalservice.com	dead	000
KIP Appraisal Service, LLC	kipappraisalervice.com	dead	000
Marbut Appraisal Service, LLC	marbutappraisalervice.com	dead	000
Freeman Appraisal Co.	freemanappraisal.com	dead	000
Marbut Appraisal Service, LLC	marbutappraisal.com	dead	000
Alliance Appraisal Services, Inc.	allianceappraisal.com	HIT_strong	200
Marbut Appraisal Service, LLC	marbutappraisalservice.com	dead	000
Daniel Martin Residential Appraisals, LLC	danielmartinresidentialappraisal.com	dead	000
Metro Appraisal Service	metroappraisalervice.com	dead	000
Daniel Martin Residential Appraisals, LLC	danielmartinresidentialappraisals.com	dead	000
Holland Appraisal Services, LLC	hollandappraisal.com	dead	000
Corporate South Realty, Inc.	corporatesouthrealty.com	dead	000
NationView, LLC	nationview.com	dead	000
Mayton Appraisal	maytonappraisals.com	dead	000
Marden LLC	marden.com	dead	000
Metro Appraisal Service	metroappraisal.com	dead	000
Mayton Appraisal	maytonappraisal.com	dead	000
McAleer Appraisal Service, Inc.	mcaleerappraisalervice.com	dead	000
McAleer Appraisal Service, Inc.	mcaleerappraisalservice.com	dead	000
Gulf Coast Appraisal Service, Inc.	gulfcoastappraisalservice.com	dead	000
Gulf Coast Appraisal Service, Inc.	gulfcoastappraisalervice.com	dead	000
ALSouth Appraisal Services, LLC	alsouthappraisalservices.com	dead	000
ALSouth Appraisal Services, LLC	alsouthappraisal.com	dead	000
ALSouth Appraisal Services, LLC	alsouthappraisalervices.com	dead	000
Coastal Appraisal, Inc.	coastalappraisal.com	HIT_strong	200
Wells Fargo	wellsfargo.com	HIT_weak	200
McAleer Appraisal Service, Inc.	mcaleerappraisal.com	dead	000
Certified Appraisal Services	certifiedappraisalervices.com	dead	000
McLemore Appraisal Company	mclemoreappraisals.com	dead	000
Certified Appraisal Services	certifiedappraisalservices.com	dead	000
Certified Appraisal Services	certifiedappraisal.com	dead	000
Metro Appraisal Service	metroappraisalservice.com	HIT_strong	200
Ami McKinney Appraisals, LLC	amimckinneyappraisals.com	dead	000
McLemore Appraisal Company	mclemoreappraisal.com	dead	000
Appraisal Solutions, LLC	appraisalsolutions.com	dead	000
Randy V. Messick	randyvmessick.com	dead	000
Sullivan Appraisal Company	sullivanappraisals.com	HIT_strong	200
Tisher Appraisal, LLC	tisherappraisals.com	dead	000
Ami McKinney Appraisals, LLC	amimckinneyappraisal.com	dead	000
Freeman Appraisal Company	freemanappraisals.com	dead	000
J.J. Malone, Inc.	jjmalone.com	empty	200
Billy Cotter Appraisals	billycotterappraisal.com	dead	000
Southern Home Appraisal Services, Inc.	southernhomeappraisalervices.com	dead	000
Southern Home Appraisal Services, Inc.	southernhomeappraisalservices.com	dead	000
Billy Cotter Appraisals	billycotterappraisals.com	dead	000
Ace Appraisal Service	aceappraisalervice.com	dead	000
Southern Home Appraisal Services, Inc.	southernhomeappraisal.com	dead	000
AGM Appraisals LLC	agmappraisals.com	dead	000
AGM Appraisals LLC	agmappraisal.com	dead	000
Mitchell Appraisal and Real Estate	mitchellappraisalsandrealestate.com	dead	000
Mitchell Appraisal and Real Estate	mitchellappraisalandrealestate.com	dead	000
Ace Appraisal Service	aceappraisalservice.com	dead	000
Claybrook Appraisal and Review Service	claybrookappraisalsandreviewservice.com	dead	000
Claybrook Appraisal and Review Service	claybrookappraisalandreview.com	dead	000
Ace Appraisal Service	aceappraisal.com	HIT_strong	200
Claybrook Appraisal and Review Service	claybrookappraisalandreviewservice.com	dead	000
Donna Marie Montgomery	donnamariemontgomery.com	dead	000
GLM Services, LLC	glm.com	dead	000
Alabama Appraisal Services	alabamaappraisal.com	dead	000
Alabama Appraisal Services	alabamaappraisalservices.com	dead	000
Alabama Appraisal Services	alabamaappraisalervices.com	dead	000
Nivens & Associates Appraisals, Inc.	nivensandassociatesappraisals.com	dead	000
Tisher Appraisal, LLC	tisherappraisal.com	dead	000
Nivens & Associates Appraisals, Inc.	nivensandassociatesappraisal.com	dead	000
Montgomery Appraisals, LLC	montgomeryappraisal.com	HIT_strong	200
Alabama Appraisal Service	alabamaappraisalservice.com	dead	000
Alabama Appraisal Service	alabamaappraisalervice.com	dead	000
Moore Appraisals	mooreappraisals.com	dead	000
Montgomery Appraisals, LLC	montgomeryappraisals.com	HIT_strong	200
Alabama Appraisal Service	alabamaappraisal.com	dead	000
Sandra Moore Appraisal, LLC	sandramooreappraisal.com	dead	000
Moore Appraisal Services, LLC	mooreappraisalervices.com	dead	000
Moore Appraisals	mooreappraisal.com	HIT_strong	200
Moore Appraisal Services, LLC	mooreappraisalservices.com	dead	000
Cushman & Wakefield	cushmanandwakefield.com	dead	000
Sandra Moore Appraisal, LLC	sandramooreappraisals.com	dead	000
Ginger W. Morris	gingerwmorris.com	dead	000
Greg Morton Appraisal, LLC	gregmortonappraisal.com	dead	000
Richard Moorefield, Inc.	richardmoorefield.com	dead	000
Greg Morton Appraisal, LLC	gregmortonappraisals.com	dead	000
Moore Appraisal Services, LLC	mooreappraisal.com	HIT_strong	200
Muller Appraisal Service	mullerappraisalervice.com	dead	000
Muller Appraisal Service	mullerappraisalservice.com	dead	000
Shawn Murphy Appraisal Services	shawnmurphyappraisalervices.com	dead	000
Muller Appraisal Service	mullerappraisal.com	HIT_strong	200
Murphree LLC	murphree.com	dead	000
Shawn Murphy Appraisal Services	shawnmurphyappraisal.com	dead	000
Musso Appraisals, LLC	mussoappraisal.com	dead	000
Neely Real Estate & Appraisal	neelyrealestateandappraisals.com	dead	000
Shawn Murphy Appraisal Services	shawnmurphyappraisalservices.com	dead	000
Neely Real Estate & Appraisal	neelyrealestateandappraisal.com	dead	000
Nelson Appraisals, LLC	nelsonappraisal.com	HIT_strong	200
AccuAppraisal	accuappraisal.com	dead	000
AccuAppraisal, LLC	accuappraisal.com	dead	000
JCN Appraisals, Inc.	jcnappraisal.com	dead	000
JCN Appraisals, Inc.	jcnappraisals.com	dead	000
Bayside Appraisal, LLC	baysideappraisals.com	dead	000
Newton Appraisals	newtonappraisals.com	HIT_strong	200
Advanced Appraisal Services, LLC	advancedappraisalservices.com	HIT_strong	200
Advanced Appraisal Services, LLC	advancedappraisal.com	parked	body
Advanced Appraisal Services, LLC	advancedappraisalervices.com	dead	000
Mike Noble Appraisals	mikenobleappraisal.com	dead	000
TJ OHalloran Appraisals LLC	tjohalloranappraisals.com	dead	000
Nelson Appraisals, LLC	nelsonappraisals.com	dead	000
TJ OHalloran Appraisals LLC	tjohalloranappraisal.com	dead	000
Ogden & Associates, LLC	ogdenand.com	dead	000
Ogden & Associates, LLC	ogdenandassociates.com	dead	000
Appraisal Services of the South, Inc.	appraisalservicesofthesouth.com	dead	000
Bay Residential Appraisals, LLC	bayresidentialappraisal.com	dead	000
Appraisal Services of the South, Inc.	appraisalervicesofthesouth.com	dead	000
Bay Residential Appraisals, LLC	bayresidentialappraisals.com	dead	000
Osborn Appraisal Services, Inc.	osbornappraisalervices.com	dead	000
Osborn Appraisal Services, Inc.	osbornappraisal.com	dead	000
Osborn Appraisal Services, Inc.	osbornappraisalservices.com	dead	000
Appraisal First, Inc.	appraisalsfirst.com	dead	000
Owensby Appraisal	owensbyappraisals.com	dead	000
Owensby Appraisal	owensbyappraisal.com	dead	000
Paden Realty & Appraisals, Inc.	padenrealtyandappraisals.com	dead	000
Paden Realty & Appraisals, Inc.	padenrealtyandappraisal.com	dead	000
Alabama Dept. of Transportation	alabamadeptoftransportation.com	dead	000
Musso Appraisals, LLC	mussoappraisals.com	HIT_strong	200
Patterson Services, Inc.	pattersonservices.com	HIT_weak	200
Paramount Appraisal Services, LLC	paramountappraisalervices.com	dead	000
Patterson Services, Inc.	patterson.com	dead	000
Hunt & Associates	huntand.com	dead	000
Jerry W. Pearson, Sr.	jerrywpearsonsr.com	dead	000
Paramount Appraisal Services, LLC	paramountappraisalservices.com	dead	000
Paramount Appraisal Services, LLC	paramountappraisal.com	HIT_strong	200
Bernard Pedersoli	bernardpedersoli.com	dead	000
Pelman Appraisal Services, LLC	pelmanappraisal.com	dead	000
Pelman Appraisal Services, LLC	pelmanappraisalservices.com	dead	000
Pelman Appraisal Services, LLC	pelmanappraisalervices.com	dead	000
William C. Pennington, LLC	williamcpennington.com	dead	000
Real Property Appraisals, LLC	realpropertyappraisal.com	parked	body
Petty Appraisal Service	pettyappraisal.com	dead	000
Real Property Appraisals, LLC	realpropertyappraisals.com	HIT_strong	200
Petty Appraisal Service	pettyappraisalservice.com	dead	000
Petty Appraisal Service	pettyappraisalervice.com	dead	000
Pharr Appraisal Service	pharrappraisalservice.com	dead	000
Pharr Appraisal Service	pharrappraisal.com	dead	000
Pharr Appraisal Service	pharrappraisalervice.com	dead	000
Comprehensive Appraisal Solutions	comprehensiveappraisalolutions.com	dead	000
Alan Associates, LLC	alan.com	HIT_weak	200
Alan Associates, LLC	alanassociates.com	empty	200
Gary Phillips, Real Estate Appraiser	garyphillipsrealestateappraiser.com	dead	000
Pierce Home Appraisals	piercehomeappraisal.com	dead	000
Pierce Home Appraisals	piercehomeappraisals.com	dead	000
Pilcher Appraisals	pilcherappraisal.com	dead	000
B & K Properties and Appraisal	bandkpropertiesandappraisal.com	dead	000
Mike Noble Appraisals	mikenobleappraisals.com	dead	000
Pilcher Appraisals	pilcherappraisals.com	dead	404
B & K Properties and Appraisal	bandkpropertiesandappraisals.com	dead	000
Pitcher & Associates, L.L.C.	pitcherandassociates.com	dead	000
Pitcher & Associates, L.L.C.	pitcherand.com	dead	000
Coastal Appraisal, Inc.	coastalappraisals.com	dead	000
Plott Appraisal Group, LLC	plottappraisalgroup.com	dead	000
Plott Appraisal Group, LLC	plottappraisalsgroup.com	dead	000
Plott Appraisal Group, LLC	plottappraisal.com	dead	000
Gulf Coast Appraisal Service, Inc.	gulfcoastappraisal.com	dead	000
Pullum Real Estate Group, LLC	pullumrealestate.com	dead	000
Pullum Real Estate Group, LLC	pullumrealestategroup.com	HIT_weak	200
PenFed Credit Union	penfedcreditunion.com	dead	000
Real Appraisals	realappraisals.com	dead	000
Jerry B. Porter	jerrybporter.com	dead	000
Southland Appraisers	southlandappraisers.com	dead	000
Real Appraisals	realappraisal.com	parked	body
Pratt Appraisals, LLC	prattappraisals.com	dead	000
Paradise Appraisals	paradiseappraisals.com	dead	000
Sullivan Appraisal Company	sullivanappraisal.com	dead	000
Hamilton Appraisals	hamiltonappraisal.com	dead	000
Holliday Prescott Appraisals	hollidayprescottappraisal.com	dead	000
Hamilton Appraisals	hamiltonappraisals.com	dead	000
Pruitt Appraisal Services, LLC	pruittappraisal.com	dead	000
Pruitt Appraisal Services, LLC	pruittappraisalservices.com	dead	000
Landmark Appraisals, LLC	landmarkappraisal.com	dead	000
Pruitt Appraisal Services, LLC	pruittappraisalervices.com	dead	000
Mullins Appraisals	mullinsappraisals.com	dead	000
Pugh Appraisal Service, LLC	pughappraisalservice.com	dead	000
Freeman Appraisal Company	freemanappraisal.com	dead	000
Mullins Appraisals	mullinsappraisal.com	dead	000
Pugh Appraisal Service, LLC	pughappraisalervice.com	dead	000
Holliday Prescott Appraisals	hollidayprescottappraisals.com	dead	000
Next Day Appraisal, LLC	nextdayappraisal.com	dead	000
Rasberry Appraisals	rasberryappraisal.com	dead	000
Randolph Appraisals, Inc.	randolphappraisal.com	dead	000
Pugh Appraisal Service, LLC	pughappraisal.com	dead	000
Rasberry Appraisals	rasberryappraisals.com	dead	000
AccuAppraisal, LLC	accuappraisals.com	dead	000
Next Day Appraisal, LLC	nextdayappraisals.com	HIT_strong	200
Randolph Appraisals, Inc.	randolphappraisals.com	dead	000
Opteon Appraisal, Inc.	opteonappraisals.com	dead	000
Kimberly Appraisal Service	kimberlyappraisalervice.com	dead	000
David Rhodes Appraisal	davidrhodesappraisals.com	dead	000
Kimberly Appraisal Service	kimberlyappraisalservice.com	dead	000
Kimberly Appraisal Service	kimberlyappraisal.com	dead	000
AccuAppraisal	accuappraisals.com	dead	000
David Rhodes Appraisal	davidrhodesappraisal.com	dead	000
Susan L. Rice	susanlrice.com	dead	000
Brian Richards Residential Appraisals	brianrichardsresidentialappraisals.com	dead	000
Brian Richards Residential Appraisals	brianrichardsresidentialappraisal.com	dead	000
IMS, Inc.	ims.com	HIT_weak	200
Opteon Appraisal, Inc.	opteonappraisal.com	dead	000
Xpert Appraisals, LLC	xpertappraisal.com	dead	000
Andrew Robbins Appraisals, LLC	andrewrobbinsappraisals.com	dead	000
Andrew Robbins Appraisals, LLC	andrewrobbinsappraisal.com	dead	000
Xpert Appraisals, LLC	xpertappraisals.com	dead	000
Charles Roberson Appraisals	charlesrobersonappraisals.com	dead	000
Riley Real Estate, LLC	rileyrealestate.com	HIT_weak	200
Charles Roberson Appraisals	charlesrobersonappraisal.com	dead	000
Accurate Appraisal Associates, Inc.	accurateappraisalsassociates.com	dead	000
Bay Area Valuations, LLC	bayareavaluations.com	dead	000
Jeff Roberts RE Valuation, Inc.	jeffrobertsrevaluation.com	dead	000
River Ridge Appraisal Services, LLC	riverridgeappraisal.com	dead	000
Sandra Moore Appraisal LLC	sandramooreappraisal.com	dead	000
River Ridge Appraisal Services, LLC	riverridgeappraisalservices.com	dead	000
River Ridge Appraisal Services, LLC	riverridgeappraisalervices.com	dead	000
Sandra Moore Appraisal LLC	sandramooreappraisals.com	dead	000
DMR, Inc.	dmr.com	dead	000
Sanford Appraisals, LLC	sanfordappraisals.com	dead	000
The Appraiser Group, Inc.	theappraiser.com	HIT_strong	200
Accurate Appraisal Associates, Inc.	accurateappraisalassociates.com	HIT_strong	200
Bank of America	bankofamerica.com	HIT_weak	200
A-Tech Appraisal	atechappraisal.com	HIT_strong	200
Appraisal West, LLC	appraisalwest.com	dead	000
First Choice Appraisals, LLC	firstchoiceappraisals.com	dead	000
Sanford Appraisals, LLC	sanfordappraisal.com	dead	000
Sands, Inc.	sands.com	dead	400
First Choice Appraisals, LLC	firstchoiceappraisal.com	HIT_strong	200
Schmidt Appraisal Services, LLC	schmidtappraisalervices.com	dead	000
G & S Companies, LLC	gandscompanies.com	dead	000
Self Appraisal Group	selfappraisalsgroup.com	dead	000
Schmidt Appraisal Services, LLC	schmidtappraisal.com	dead	000
Self Appraisal Group	selfappraisalgroup.com	dead	000
Shamrock Appraisals, Inc.	shamrockappraisal.com	HIT_strong	200
Wiregrass Appraisal Services	wiregrassappraisalervices.com	dead	000
Pinnacle Bank	pinnaclebank.com	HIT_weak	200
Wiregrass Appraisal Services	wiregrassappraisalservices.com	dead	000
Wiregrass Appraisal Services	wiregrassappraisal.com	dead	000
Mr. Robert A. Shellhouse	mrrobertashellhouse.com	dead	000
D.W. Shelton	dwshelton.com	dead	000
Newton Appraisals	newtonappraisal.com	dead	000
Shelton Appraisal Service, LLC	sheltonappraisalservice.com	dead	000
Shelton Appraisal Service, LLC	sheltonappraisalervice.com	dead	000
Shamrock Appraisals, Inc.	shamrockappraisals.com	HIT_strong	200
Shepherd Appraisal Service	shepherdappraisal.com	dead	000
Shepherd Appraisal Service	shepherdappraisalervice.com	dead	000
Shepherd Appraisal Service	shepherdappraisalservice.com	dead	000
J & M Enterprise	jandmenterprise.com	dead	000
Shelton Appraisal Service, LLC	sheltonappraisal.com	HIT_strong	200
Shute Appraisal	shuteappraisals.com	dead	000
Shute Appraisal	shuteappraisal.com	dead	000
Lawrence Sides Appraisals, LLC	lawrencesidesappraisal.com	dead	000
Lawrence Sides Appraisals, LLC	lawrencesidesappraisals.com	dead	000
Michael Singleton, SRA	michaelsingletonsra.com	dead	000
CMS Appraisal, LLC	cmsappraisal.com	dead	000
CMS Appraisal, LLC	cmsappraisals.com	dead	000
Skipper & Associates	skipperand.com	dead	000
Smith Appraisal Services	smithappraisalervices.com	dead	000
Smith Appraisal Services	smithappraisalservices.com	dead	000
Smyth Realty & Timber	smythrealtyandtimber.com	dead	000
Citiwide Appraisal Service	citiwideappraisal.com	dead	000
Citiwide Appraisal Service	citiwideappraisalservice.com	dead	000
Citiwide Appraisal Service	citiwideappraisalervice.com	dead	000
Paradise Appraisals	paradiseappraisal.com	dead	000
Advance Appraisal & Consultants, Inc.	advanceappraisalandconsultants.com	dead	000
Advance Appraisal & Consultants, Inc.	advanceappraisalsandconsultants.com	dead	000
Jennifer Spears Appraisal Service	jenniferspearsappraisalservice.com	dead	000
Self Appraisal Group	selfappraisal.com	dead	000
Jennifer Spears Appraisal Service	jenniferspearsappraisalervice.com	dead	000
Jennifer Spears Appraisal Service	jenniferspearsappraisal.com	dead	000
Spiller Appraisal Service, LLC	spillerappraisalservice.com	dead	000
Spiller Appraisal Service, LLC	spillerappraisalervice.com	dead	000
Lauderdale Appraisal Company	lauderdaleappraisals.com	dead	000
Spiller Appraisal Service, LLC	spillerappraisal.com	dead	000
The Appraiser Group, Inc.	theappraisergroup.com	dead	000
Lauderdale Appraisal Company	lauderdaleappraisal.com	dead	000
Appraisals Around Lake Martin, LLC	appraisalsaroundlakemartin.com	dead	000
Statum & Associates Appraisal Services	statumandassociatesappraisalervices.com	dead	000
Appraisals Around Lake Martin, LLC	appraisalaroundlakemartin.com	dead	000
Statum & Associates Appraisal Services	statumandassociatesappraisalservices.com	dead	000
Statum & Associates Appraisal Services	statumandassociatesappraisal.com	dead	000
Stephens Appraisal Service	stephensappraisalservice.com	dead	000
Nathan Stephen Appraisal Service	nathanstephenappraisalervice.com	dead	000
Nathan Stephen Appraisal Service	nathanstephenappraisalservice.com	dead	000
Nathan Stephen Appraisal Service	nathanstephenappraisal.com	dead	000
Schmidt Appraisal Services, LLC	schmidtappraisalservices.com	HIT_strong	200
Stephens Appraisal Service	stephensappraisal.com	dead	000
Stinson Appraisal Services	stinsonappraisal.com	dead	000
Stephens Appraisal Service	stephensappraisalervice.com	dead	000
Stinson Appraisal Services	stinsonappraisalervices.com	dead	000
Mid South Appraisal Service	midsouthappraisalervice.com	dead	000
Mid South Appraisal Service	midsouthappraisal.com	dead	000
Stinson Appraisal Services	stinsonappraisalservices.com	dead	000
Mid South Appraisal Service	midsouthappraisalservice.com	dead	000
Sullivan Appraisal Co.	sullivanappraisals.com	HIT_strong	200
Proficient Appraisals	proficientappraisal.com	dead	000
Comprehensive Appraisal Solutions	comprehensiveappraisalsolutions.com	dead	000
US Bank	usbank.com	HIT_weak	200
Swank Appraisals	swankappraisals.com	dead	000
Proficient Appraisals	proficientappraisals.com	dead	000
Swank Appraisals	swankappraisal.com	dead	000
Apex Appraisals	apexappraisals.com	HIT_strong	200
Taylor Appraisal Service	taylorappraisalervice.com	dead	000
ACG	acg.com	HIT_weak	200
Apex Appraisals	apexappraisal.com	HIT_strong	200
Melissa A. Tapia	melissaatapia.com	dead	000
Taylor Appraisal Service	taylorappraisalservice.com	dead	000
Paden Realty & Appraisals, Inc	padenrealtyandappraisals.com	dead	000
Taylor Appraisal Service	taylorappraisal.com	HIT_strong	200
Accurate Appraisal Associates, Inc.	accurateappraisal.com	dead	000
Bart A. Teracino	bartateracino.com	dead	000
Paden Realty & Appraisals, Inc	padenrealtyandappraisal.com	dead	000
Tindell Appraisals	tindellappraisals.com	dead	000
Appraisal Associates of Jackson County, Inc.	appraisalassociatesofjacksoncounty.com	dead	000
Tindell Appraisals	tindellappraisal.com	dead	000
Appraisal One, LLC	appraisalsone.com	dead	000
Appraisal One, LLC	appraisalone.com	HIT_strong	202
Appraisal Associates of Jackson County, Inc.	appraisalsassociatesofjacksoncounty.com	dead	000
Jaggers & Associates Appraisals	jaggersandassociatesappraisal.com	dead	000
Tomlinson Appraisals	tomlinsonappraisals.com	dead	000
Tomlinson Appraisals	tomlinsonappraisal.com	dead	000
Nationwide Property & Appraisal Services	nationwidepropertyandappraisal.com	dead	000
Jaggers & Associates Appraisals	jaggersandassociatesappraisals.com	dead	000
Nationwide Property & Appraisal Services	nationwidepropertyandappraisalervices.com	dead	000
Nationwide Property & Appraisal Services	nationwidepropertyandappraisalservices.com	dead	000
Tucker Appraisal, LLC	tuckerappraisals.com	dead	000
E. Turner Appraisal, LLC	eturnerappraisals.com	dead	000
E. Turner Appraisal, LLC	eturnerappraisal.com	HIT_strong	200
Monroe Turner	monroeturner.com	dead	000
Tucker Appraisal, LLC	tuckerappraisal.com	HIT_strong	200
Landmark Appraisals, LLC	landmarkappraisals.com	dead	000
Underwood Appraisals, LLC	underwoodappraisal.com	dead	000
Turner Appraisals	turnerappraisal.com	HIT_strong	200
Skipper & Associates	skipperandassociates.com	HIT_weak	200
Turner Appraisals	turnerappraisals.com	HIT_strong	200
Pratt Appraisals, LLC	prattappraisal.com	dead	000
Titan Valuation	titanvaluation.com	dead	000
Coastal Appraisal Services	coastalappraisalservices.com	dead	000
Valuation Risk Solutions, LLC	valuationrisksolutions.com	dead	000
Vinyard Valuation Services	vinyardvaluation.com	dead	000
Coastal Appraisal Services	coastalappraisal.com	HIT_strong	200
Authentic Appraisals, LLC	authenticappraisal.com	dead	000
Coastal Appraisal Services	coastalappraisalervices.com	dead	000
Authentic Appraisals, LLC	authenticappraisals.com	dead	000
Zap Appraisals, LLC	zapappraisal.com	dead	000
C Gaba Appraisals, LLC	cgabaappraisal.com	dead	000
Vinyard Valuation Services	vinyardvaluationservices.com	dead	000
C Gaba Appraisals, LLC	cgabaappraisals.com	dead	000
Zap Appraisals, LLC	zapappraisals.com	HIT_strong	200
Wagner Appraisal Company	wagnerappraisals.com	dead	000
Druid City Appraisals, LLC	druidcityappraisal.com	dead	000
Druid City Appraisals, LLC	druidcityappraisals.com	dead	000
Walker Appraisal Services	walkerappraisalervices.com	dead	000
A-Tech Appraisal	atechappraisals.com	dead	000
Walker Brothers Appraisals	walkerbrothersappraisal.com	dead	000
Metro Appraisals, LLC	metroappraisal.com	dead	000
Bank Independent	bankindependent.com	HIT_weak	200
Walker Appraisal Services	walkerappraisal.com	parked	body
Walker Brothers Appraisals	walkerbrothersappraisals.com	dead	000
Clay County Appraisal Services	claycountyappraisal.com	dead	000
Nathan Wallace Appraisals, LLC	nathanwallaceappraisal.com	dead	000
Walker Appraisal Services	walkerappraisalservices.com	dead	000
Waller Appraisals	wallerappraisal.com	dead	000
Waller Appraisals	wallerappraisals.com	dead	000
Crimson Way Appraisals	crimsonwayappraisal.com	dead	000
Nathan Wallace Appraisals, LLC	nathanwallaceappraisals.com	dead	000
Weatherly Appraisal Services	weatherlyappraisal.com	dead	000
Clay County Appraisal Services	claycountyappraisalservices.com	dead	000
Weatherly Appraisal Services	weatherlyappraisalservices.com	dead	000
Metro Appraisals, LLC	metroappraisals.com	HIT_strong	202
Weatherly Appraisal Services	weatherlyappraisalervices.com	dead	000
Clay County Appraisal Services	claycountyappraisalervices.com	dead	000
Whatley Appraisal Ser.	whatleyappraisalser.com	dead	000
Whatley Appraisal Ser.	whatleyappraisaler.com	dead	000
Crimson Way Appraisals	crimsonwayappraisals.com	dead	000
Citiwide Appraisal Services	citiwideappraisalservices.com	dead	000
Kristina White Appraisals, Inc.	kristinawhiteappraisal.com	dead	000
George White Appraisals	georgewhiteappraisal.com	dead	000
Kristina White Appraisals, Inc.	kristinawhiteappraisals.com	dead	000
Citiwide Appraisal Services	citiwideappraisalervices.com	dead	000
JD White Appraisal	jdwhiteappraisals.com	dead	000
George White Appraisals	georgewhiteappraisals.com	dead	000
Citiwide Appraisal Services	citiwideappraisal.com	dead	000
JD White Appraisal	jdwhiteappraisal.com	dead	000
Whitten Appraisals	whittenappraisal.com	dead	000
Whitten Appraisals, Inc.	whittenappraisal.com	dead	000
Widener Appraisal, Inc.	widenerappraisals.com	dead	000
Appraisal Solutions & Properties, Inc.	appraisalolutionsandproperties.com	dead	000
Whitten Appraisals	whittenappraisals.com	dead	000
Whitten Appraisals, Inc.	whittenappraisals.com	dead	000
Appraisal Solutions & Properties, Inc.	appraisalsolutionsandproperties.com	dead	000
Watson Appraisals, Inc.	watsonappraisals.com	HIT_strong	200
Wilkinson Appraisal Service	wilkinsonappraisalervice.com	dead	000
Wilkinson Appraisal Service	wilkinsonappraisalservice.com	dead	000
Williams Appraisal, Inc.	williamsappraisal.com	dead	000
Appraisal West, LLC	appraisalswest.com	dead	000
Lisa M. White	lisamwhite.com	nomatch	202
Wilkinson Appraisal Service	wilkinsonappraisal.com	HIT_strong	200
Cornerstone Appraisals LLC	cornerstoneappraisal.com	HIT_strong	200
Appraisal Services of the South	appraisalservicesofthesouth.com	dead	000
Appraisal Services of the South	appraisalervicesofthesouth.com	dead	000
Cornerstone Appraisals LLC	cornerstoneappraisals.com	HIT_strong	200
Charlotte Williamson Appraisals	charlottewilliamsonappraisal.com	dead	000
Williams & Williams	williamsandwilliams.com	nomatch	200
Walker Appraisal Service	walkerappraisal.com	parked	body
Charlotte Williamson Appraisals	charlottewilliamsonappraisals.com	dead	000
Walker Appraisal Service	walkerappraisalervice.com	dead	000
Walker Appraisal Service	walkerappraisalservice.com	dead	000
Wingard Appraisals	wingardappraisal.com	dead	000
Wingard Appraisals	wingardappraisals.com	dead	000
Wofford Appraisals	woffordappraisal.com	dead	000
Wofford Appraisals	woffordappraisals.com	dead	000
Wilson Appraisals, LLC	wilsonappraisal.com	HIT_strong	200
Wilson Appraisals, LLC	wilsonappraisals.com	dead	000
Eric Wolfe Appraisals, LLC	ericwolfeappraisals.com	dead	000
Eric Wolfe Appraisals, LLC	ericwolfeappraisal.com	dead	000
Richard Wood Appraisal Service, Inc.	richardwoodappraisal.com	dead	000
Red Rock Appraisals, LLC	redrockappraisal.com	HIT_strong	200
Red Rock Appraisals, LLC	redrockappraisals.com	dead	000
Expert, Inc.	expert.com	dead	000
Richard Wood Appraisal Service, Inc.	richardwoodappraisalservice.com	dead	000
Richard Wood Appraisal Service, Inc.	richardwoodappraisalervice.com	dead	000
11A Incorporated	11a.com	HIT_weak	200
Applied Valuation Services, Inc.	appliedvaluationservices.com	dead	000
Woodall Agency	woodallagency.com	HIT_weak	200
Pinnacle Appraisals, LLC	pinnacleappraisals.com	HIT_strong	200
Applied Valuation Services, Inc.	appliedvaluation.com	parked	body
Charles Zanaty Appraisers, LLC	charleszanatyappraisers.com	dead	000
Pinnacle Appraisals, LLC	pinnacleappraisal.com	dead	000
WINDSTONE APPRAISAL SVCE	windstoneappraisalsvce.com	dead	000
Wright Appraisals, LLC	wrightappraisal.com	dead	000
York Appraisal, LLC	yorkappraisals.com	HIT_strong	200
York Appraisal, LLC	yorkappraisal.com	dead	000
WINDSTONE APPRAISAL SVCE	windstoneappraisalvce.com	dead	000
Zielke & Associates, Inc.	zielkeandassociates.com	dead	000
Aaliyah Appriasals LLC	aaliyahappriasals.com	dead	000
Zielke & Associates, Inc.	zielkeand.com	dead	000
Aaron and Associates, Inc.	aaronand.com	dead	000
AO Appraisal Service	aoappraisalervice.com	dead	000
AO Appraisal Service	aoappraisalservice.com	dead	000
AO Appraisal Service	aoappraisal.com	dead	000
Speedy Appraisals	speedyappraisals.com	HIT_strong	200
Wright Appraisals, LLC	wrightappraisals.com	HIT_strong	200
Kwiqit	kwiqit.com	empty	200
Abbot Appraisal Services	abbotappraisalervices.com	dead	000
Sally Abdelshahed	sallyabdelshahed.com	dead	000
The Appraisal Firm	theappraisalsfirm.com	dead	000
Abbot Appraisal Services	abbotappraisalservices.com	dead	000
The Appraisal Firm	theappraisalfirm.com	HIT_strong	200
Abbot Appraisal Services	abbotappraisal.com	HIT_strong	200
Elite Home Appraisals Inc	elitehomeappraisal.com	dead	000
Superior Appraisal Services, Inc.	superiorappraisalervices.com	dead	000
Superior Appraisal Services, Inc.	superiorappraisalservices.com	dead	000
Independent Property Services	independentpropertyservices.com	dead	000
Superior Appraisal Services, Inc.	superiorappraisal.com	HIT_strong	200
Ranch and Coast Appraisals	ranchandcoastappraisal.com	dead	000
Smith Appraisal Services	smithappraisal.com	dead	000
Independent Property Services	independentproperty.com	HIT_weak	200
PAVE Appraisal Solutions	paveappraisalsolutions.com	dead	000
PAVE Appraisal Solutions	paveappraisalolutions.com	dead	000
Christopher Adaimy	christopheradaimy.com	dead	000
Joseph Adaimy	josephadaimy.com	dead	000
Ranch and Coast Appraisals	ranchandcoastappraisals.com	HIT_strong	200
BCA Appraisal	bcaappraisal.com	dead	000
Burt Adams Real Estate Appraisers	burtadamsrealestateappraisers.com	dead	000
BCA Appraisal	bcaappraisals.com	dead	000
Migliorini & Associates	miglioriniand.com	dead	000
Migliorini & Associates	miglioriniandassociates.com	dead	000
Hannah Adams	hannahadams.com	dead	000
Widener Appraisal, Inc.	widenerappraisal.com	dead	000
Mark A. Adams	markaadams.com	dead	000
Watson Appraisals, Inc.	watsonappraisal.com	dead	000
SmartValuations, LLC	smartvaluations.com	HIT_strong	200
AVS Appraisals	avsappraisal.com	HIT_strong	200
Adams Appraisals	adamsappraisals.com	dead	000
Adams Appraisals	adamsappraisal.com	parked	body
ABC Appraisals	abcappraisal.com	HIT_strong	200
Adams Appraisal 119	adamsappraisals119.com	dead	000
Adcock & Associates	adcockandassociates.com	dead	000
Adams Appraisal 119	adamsappraisal119.com	dead	000
M.D. Bell Co., Inc.	mdbell.com	HIT_weak	200
AVS Appraisals	avsappraisals.com	parked	body
Sullivan Appraisal Co.	sullivanappraisal.com	dead	000
Adcock & Associates	adcockand.com	dead	000
Bay Cities Appraisal Services	baycitiesappraisalservices.com	dead	000
Bay Cities Appraisal Services	baycitiesappraisalervices.com	dead	000
Adelman Appraisals, Inc.	adelmanappraisal.com	dead	000
Bay Cities Appraisal Services	baycitiesappraisal.com	dead	000
Adelman Appraisals, Inc.	adelmanappraisals.com	HIT_strong	200
Agajani Appraisal	agajaniappraisal.com	dead	000
A2C Appraisals	a2cappraisals.com	dead	000
Agajani Appraisal	agajaniappraisals.com	dead	000
A2C Appraisals	a2cappraisal.com	dead	000
The Precision Group	theprecision.com	HIT_weak	200
Jam Appraisals, Inc.	jamappraisal.com	dead	000
The Precision Group	theprecisiongroup.com	nomatch	200
Jam Appraisals, Inc.	jamappraisals.com	dead	000
ATA Appraisal Services	ataappraisalservices.com	dead	000
ATA Appraisal Services	ataappraisal.com	dead	000
Plutuspeak Development	plutuspeakdevelopment.com	dead	000
ATA Appraisal Services	ataappraisalervices.com	dead	000
Peggy R. Aguirre	peggyraguirre.com	dead	000
Speedy Appraisals	speedyappraisal.com	dead	000
S.Aiello Appraisal Service	saielloappraisalservice.com	dead	000
ASH Appraisal Company	ashappraisals.com	dead	000
Dawn Adams	dawnadams.com	nomatch	200
Team Appraisal LLC	teamappraisals.com	dead	000
ASH Appraisal Company	ashappraisal.com	HIT_strong	200
S.Aiello Appraisal Service	saielloappraisal.com	dead	000
S.Aiello Appraisal Service	saielloappraisalervice.com	dead	000
Team Appraisal LLC	teamappraisal.com	parked	body
J. F. Aikens and Associates	jfaikensandassociates.com	dead	000
Quality Appraisal Solution & Services	qualityappraisalolutionandservices.com	dead	000
Quality Appraisal Solution & Services	qualityappraisalsolutionand.com	dead	000
J. F. Aikens and Associates	jfaikensand.com	dead	000
New American Funding	newamericanfunding.com	HIT_weak	200
Quality Appraisal Solution & Services	qualityappraisalsolutionandservices.com	dead	000
Underwood Appraisals, LLC	underwoodappraisals.com	dead	000
Westside Property Appraisal	westsidepropertyappraisals.com	dead	000
Louie Alam	louiealam.com	dead	000
Westside Property Appraisal	westsidepropertyappraisal.com	dead	000
First Choice Appraisal	firstchoiceappraisals.com	dead	000
First Choice Appraisal	firstchoiceappraisal.com	HIT_strong	200
Toby Albers	tobyalbers.com	dead	000
Ruby Aldana-Bonite Appraisals	rubyaldanaboniteappraisal.com	dead	000
Alderson Appraisal Company	aldersonappraisals.com	dead	000
Wells Fargo Bank N.A.	wellsfargobankna.com	empty	200
Wagner Appraisal Company	wagnerappraisal.com	dead	000
Ruby Aldana-Bonite Appraisals	rubyaldanaboniteappraisals.com	dead	000
Williams Appraisal, Inc.	williamsappraisals.com	dead	000
Alexander Appraisal Services	alexanderappraisalervices.com	dead	000
Ibrahim H. Ali	ibrahimhali.com	dead	000
Alameda Appraisal	alamedaappraisals.com	dead	000
Hiram Alguire	hiramalguire.com	dead	000
United Appraisal Services	unitedappraisalervices.com	dead	000
United Appraisal Services	unitedappraisalservices.com	dead	000
Blue Pacific Appraisal Group	bluepacificappraisalsgroup.com	dead	000
Elite Home Appraisals Inc	elitehomeappraisals.com	dead	000
Blue Pacific Appraisal Group	bluepacificappraisal.com	dead	000
J.R. Allen & Associates	jrallenand.com	dead	000
Annina Allen	anninaallen.com	dead	000
J.R. Allen & Associates	jrallenandassociates.com	dead	000
Hale Ohana Group	haleohanagroup.com	dead	000
Hale Ohana Group	haleohana.com	empty	200
Allen's Property Appraisals, Inc.	allenspropertyappraisals.com	dead	000
Allen's Property Appraisals, Inc.	allenspropertyappraisal.com	dead	000
Allen Valuation Services	allenvaluationservices.com	HIT_strong	200
Circle A Valuation, LLC	circleavaluation.com	dead	000
Allgaier & Associates	allgaierand.com	dead	000
Allgaier & Associates	allgaierandassociates.com	dead	000
Anderson Appraisal Services	andersonappraisalervices.com	dead	000
Alonzo Group, Inc.	alonzo.com	dead	000
Anderson Appraisal Services	andersonappraisalservices.com	dead	000
Altamirano Appraisals	altamiranoappraisal.com	dead	000
Alonzo Group, Inc.	alonzogroup.com	empty	200
Altamirano Appraisals	altamiranoappraisals.com	dead	000
Anderson Appraisal Services	andersonappraisal.com	HIT_strong	200
GoAppraisal	goappraisal.com	HIT_strong	200
GoAppraisal	goappraisals.com	dead	000
First Choice Appraisals	firstchoiceappraisal.com	HIT_strong	200
DA Appraisals	daappraisal.com	dead	000
First Choice Appraisals	firstchoiceappraisals.com	dead	000
Aaron and Associates, Inc.	aaronandassociates.com	dead	000
Calculated Realty Solutions	calculatedrealtysolutions.com	dead	000
DA Appraisals	daappraisals.com	dead	000
Tyler Adams	tyleradams.com	dead	000
SoCal Values	socalvalues.com	nomatch	200
MOMENTUM APPRAISAL SERVICE	momentumappraisalervice.com	dead	000
MOMENTUM APPRAISAL SERVICE	momentumappraisalservice.com	dead	000
MOMENTUM APPRAISAL SERVICE	momentumappraisal.com	dead	000
Transwest Realty	transwestrealty.com	dead	000
GreenWay Valuations	greenwayvaluations.com	dead	000
ABC Appraisals	abcappraisals.com	dead	000
True Footage, Inc	truefootage.com	dead	000
Trina Ameral Appraisal Services	trinaameralappraisal.com	dead	000
AXOS Bank	axosbank.com	HIT_weak	200
Trina Ameral Appraisal Services	trinaameralappraisalservices.com	dead	000
Trina Ameral Appraisal Services	trinaameralappraisalervices.com	dead	000
Castle Associates, Inc.	castle.com	HIT_weak	200
Patrick Ames	patrickames.com	HIT_weak	200
Key Appraisal Services	keyappraisalervices.com	dead	000
Melissa Amstein - Sovocool, RE Appraiser	melissaamsteinsovocoolreappraiser.com	dead	000
San Francisco Bay Valuation Group	sanfranciscobayvaluation.com	dead	000
San Francisco Bay Valuation Group	sanfranciscobayvaluationgroup.com	dead	000
Key Appraisal Services	keyappraisalservices.com	dead	000
Happy Appraisers	happyappraisers.com	HIT_strong	200
Prodigy Appraisal Services	prodigyappraisalservices.com	dead	000
Prodigy Appraisal Services	prodigyappraisalervices.com	dead	000
Anderson Appraisals, Inc.	andersonappraisals.com	dead	000
J Anderson Appraisal	jandersonappraisals.com	dead	000
Anderson Appraisal	andersonappraisals.com	dead	000
J Anderson Appraisal	jandersonappraisal.com	dead	000
Endless Summer Appraisal	endlesssummerappraisal.com	dead	000
Universal Valuations	universalvaluations.com	dead	000
Anderson Appraisals, Inc.	andersonappraisal.com	HIT_strong	200
Endless Summer Appraisal	endlesssummerappraisals.com	dead	000
Andrade Appraisals	andradeappraisal.com	dead	000
David J. Andre & Associates, Inc.	davidjandreandassociates.com	dead	000
John D. Anderson	johndanderson.com	dead	000
Anderson Appraisal	andersonappraisal.com	HIT_strong	200
David J. Andre & Associates, Inc.	davidjandreand.com	dead	000
Andreini Appraisal Service	andreiniappraisalservice.com	dead	000
Andreini Appraisal Service	andreiniappraisalervice.com	dead	000
Julie Andrews Appraisals	julieandrewsappraisals.com	dead	000
Andreini Appraisal Service	andreiniappraisal.com	dead	000
Julie Andrews Appraisals	julieandrewsappraisal.com	dead	000
Seaside Appraisal	seasideappraisals.com	dead	000
Alderson Appraisal Company	aldersonappraisal.com	HIT_strong	200
Alexander Appraisal Services	alexanderappraisal.com	parked	body
James G. Andritch II	jamesgandritchii.com	dead	000
Fastapp AMC	fastappamc.com	empty	200
Donald Andrues	donaldandrues.com	dead	000
Denise Anspaugh Appraisals	deniseanspaughappraisal.com	dead	000
Lamdeas Appraisal Company	lamdeasappraisals.com	dead	000
Lamdeas Appraisal Company	lamdeasappraisal.com	dead	000
Seaside Appraisal	seasideappraisal.com	HIT_strong	200
Antoni Appraisals	antoniappraisals.com	dead	000
Denise Anspaugh Appraisals	deniseanspaughappraisals.com	dead	000
Apple Appraisal Service	appleappraisal.com	dead	000
Antoni Appraisals	antoniappraisal.com	dead	000
Apple Appraisal Service	appleappraisalservice.com	dead	000
West Coast Appraisal Group	westcoastappraisalgroup.com	dead	000
Apple Appraisal Service	appleappraisalervice.com	dead	000
West Coast Appraisal Group	westcoastappraisalsgroup.com	dead	000
Aoyama	aoyama.com	empty	200
Chaparral Appraisals	chaparralappraisals.com	dead	000
Chaparral Appraisals	chaparralappraisal.com	dead	000
Aranki Appraisal	arankiappraisal.com	dead	000
Aranki Appraisal	arankiappraisals.com	dead	000
Ali A. Arastu	aliaarastu.com	dead	000
Castle Associates, Inc.	castleassociates.com	HIT_strong	200
MJA Appraisals Services, Inc	mjaappraisalservices.com	dead	000
MJA Appraisals Services, Inc	mjaappraisalsservices.com	dead	000
Flash Valuations Inc.	flashvaluations.com	HIT_strong	200
MJA Appraisals Services, Inc	mjaappraisals.com	dead	000
Arias' Appraisal Services	ariasappraisalservices.com	dead	000
Arias' Appraisal Services	ariasappraisalervices.com	dead	000
Thomas Ariaz Real Estate Services	thomasariazrealestateservices.com	dead	000
Arioto Appraisal	ariotoappraisal.com	dead	000
Thomas Ariaz Real Estate Services	thomasariazrealestate.com	dead	000
Arioto Appraisal	ariotoappraisals.com	dead	000
Armell Appraisal Inc.	armellappraisals.com	dead	000
311 N Robertson Blvd#425	311nrobertsonblvd425.com	dead	000
Armell Appraisal Inc.	armellappraisal.com	dead	000
Arias Appraisals, LLC	ariasappraisals.com	HIT_strong	200
Just Dwelling, Inc.	justdwelling.com	dead	000
Arias' Appraisal Services	ariasappraisal.com	HIT_strong	200
Arias Appraisals, LLC	ariasappraisal.com	HIT_strong	200
Armstrong Appraisal, Inc.	armstrongappraisal.com	dead	000
Andrade Appraisals	andradeappraisals.com	HIT_strong	200
Armstrong Appraisal, Inc.	armstrongappraisals.com	HIT_strong	202
Aronson Real Estate Appraisal Services	aronsonrealestateappraisalervices.com	dead	000
Aronson Real Estate Appraisal Services	aronsonrealestateappraisalservices.com	dead	000
Aronson Real Estate Appraisal Services	aronsonrealestateappraisal.com	dead	000
Class Valuation	classvaluation.com	HIT_strong	200
Arya Appraisal Services, Inc.	aryaappraisalervices.com	dead	000
Santa Cruz Appraisal Factory	santacruzappraisalsfactory.com	dead	000
Streamlinerea Inc.	streamlinerea.com	HIT_strong	200
ARSHAID BROTHERS LLC	arshaidbrothers.com	dead	000
Arya Appraisal Services, Inc.	aryaappraisalservices.com	dead	000
Arya Appraisal Services, Inc.	aryaappraisal.com	dead	000
Forward Appraisals	forwardappraisals.com	dead	000
The Appraisal Management Group	theappraisalsmanagementgroup.com	dead	000
Santa Cruz Appraisal Factory	santacruzappraisalfactory.com	HIT_strong	200
ASMC Appraiser	asmcappraiser.com	dead	000
Forward Appraisals	forwardappraisal.com	HIT_strong	200
The Appraisal Management Group	theappraisalmanagement.com	dead	000
Todd Ashley Appraisal	toddashleyappraisals.com	dead	000
The Appraisal Management Group	theappraisalmanagementgroup.com	dead	000
Ashjian & Co	ashjianand.com	dead	000
Todd Ashley Appraisal	toddashleyappraisal.com	dead	000
Sharo Ashoorian & Associates	sharoashoorianandassociates.com	dead	000
Evan Ashworth Appraisal Services	evanashworthappraisalervices.com	dead	000
Sharo Ashoorian & Associates	sharoashoorianand.com	dead	000
Evan Ashworth Appraisal Services	evanashworthappraisal.com	dead	000
Evan Ashworth Appraisal Services	evanashworthappraisalservices.com	dead	000
Ashworth Appraisal Services of Sutter Creek	ashworthappraisalservicesofsuttercreek.com	dead	000
Ashworth Appraisal Services of Sutter Creek	ashworthappraisalervicesofsuttercreek.com	dead	000
Ask Q Appraisals	askqappraisals.com	dead	000
Ask Q Appraisals	askqappraisal.com	dead	000
Hemet Appraisers	hemetappraisers.com	dead	000
Atkins Group Appraisals	atkinsgroupappraisal.com	dead	000
Austin Residential Appraisal	austinresidentialappraisals.com	dead	000
Austin Residential Appraisal	austinresidentialappraisal.com	dead	000
Atkins Group Appraisals	atkinsgroupappraisals.com	HIT_strong	200
Channel Island Appraisals	channelislandappraisals.com	dead	000
Channel Island Appraisals	channelislandappraisal.com	dead	000
Ramond Real Estate	ramondrealestate.com	dead	000
Avery Appraising	averyappraising.com	dead	000
Elite Appraisals	eliteappraisals.com	dead	000
ABA Appraisal	abaappraisal.com	dead	000
ABA Appraisal	abaappraisals.com	dead	000
Pacific Coast Appraisal	pacificcoastappraisal.com	dead	000
Real Estate Zhone, LLC	realestatezhone.com	dead	000
24/7 Appraisals, Inc.	247appraisals.com	HIT_strong	200
Ace Appraisal Services, Inc.	aceappraisalservices.com	dead	000
24/7 Appraisals, Inc.	247appraisal.com	HIT_strong	200
shirin azadi	shirinazadi.com	dead	404
Allen Valuation Services	allenvaluation.com	dead	000
SCV, Inc.	scv.com	parked	body
Demiana Pro Services Inc.	demianapro.com	dead	000
Ace Appraisal Services, Inc.	aceappraisal.com	HIT_strong	200
Ace Appraisal Services, Inc.	aceappraisalervices.com	dead	000
Socal Appraisal Services	socalappraisalervices.com	dead	000
Demiana Pro Services Inc.	demianaproservices.com	dead	000
Socal Appraisal Services	socalappraisal.com	HIT_strong	200
Socal Appraisal Services	socalappraisalservices.com	dead	000
Babros & Associates, LLC	babrosand.com	dead	000
Babros & Associates, LLC	babrosandassociates.com	dead	000
A & A Services	aanda.com	HIT_weak	200
Northern California Appraisal	northerncaliforniaappraisals.com	dead	000
Hannah Baer	hannahbaer.com	empty	200
L.B.Appraisal Inc. dba Cartwright Associates	lbappraisalsdbacartwrightassociates.com	dead	000
L.B.Appraisal Inc. dba Cartwright Associates	lbappraisaldbacartwright.com	dead	000
Northern California Appraisal	northerncaliforniaappraisal.com	HIT_strong	200
Wayne C. Bahr	waynecbahr.com	dead	000
Mike Bagheri	mikebagheri.com	dead	000
L.B.Appraisal Inc. dba Cartwright Associates	lbappraisaldbacartwrightassociates.com	dead	000
Nathan Baer	nathanbaer.com	dead	525
EZ Appraising	ezappraising.com	dead	000
Excel Appraisal Services	excelappraisalservices.com	dead	000
Excel Appraisal Services	excelappraisalervices.com	dead	000
Appraisal Pros	appraisalspros.com	HIT_strong	200
Hidden Creek Appraisal	hiddencreekappraisal.com	dead	000
Excel Appraisal Services	excelappraisal.com	dead	403
Vanguard Valuations	vanguardvaluations.com	dead	000
Alexander Appraisal Services	alexanderappraisalservices.com	dead	000
Hidden Creek Appraisal	hiddencreekappraisals.com	dead	000
Appraisal Pros	appraisalpros.com	dead	000
Alameda Appraisal	alamedaappraisal.com	dead	000
Inland West Appraisal	inlandwestappraisals.com	dead	000
Inland West Appraisal	inlandwestappraisal.com	dead	000
United Appraisal Services	unitedappraisal.com	dead	000
Advanced Appraisal Services	advancedappraisalervices.com	dead	000
Advanced Appraisal Services	advancedappraisalservices.com	HIT_strong	200
Advanced Appraisal Services	advancedappraisal.com	parked	body
Chris Basler Appraisals Inc	chrisbaslerappraisal.com	dead	000
Chris Basler Appraisals Inc	chrisbaslerappraisals.com	dead	000
Blue Pacific Appraisal Group	bluepacificappraisalgroup.com	dead	000
Bakke Appraisals	bakkeappraisals.com	dead	000
Bakke Appraisals	bakkeappraisal.com	dead	000
Baldini Appraisal Services	baldiniappraisal.com	dead	000
JP Morgan Chase	jpmorganchase.com	HIT_weak	200
Baldini Appraisal Services	baldiniappraisalservices.com	dead	000
Baldino R.E. Services	baldinore.com	dead	000
Alpha Valuation	alphavaluation.com	dead	000
Baldini Appraisal Services	baldiniappraisalervices.com	dead	000
JPMC	jpmc.com	HIT_weak	200
Baldino R.E. Services	baldinoreservices.com	dead	000
Joseph P. Baldino, Real Estate Appraiser	josephpbaldinorealestateappraiser.com	dead	000
D.H. Ball Appraisal	dhballappraisals.com	dead	000
GMB Appraisals	gmbappraisals.com	dead	000
GMB Appraisals	gmbappraisal.com	dead	000
GLENN BALL APPRAISAL	glennballappraisals.com	dead	000
D.H. Ball Appraisal	dhballappraisal.com	dead	000
GLENN BALL APPRAISAL	glennballappraisal.com	dead	000
A & M Appraisals	aandmappraisals.com	dead	000
Kidwell  Appraisals	kidwellappraisal.com	dead	000
Bamish Appraisal Services	bamishappraisal.com	dead	000
Kidwell  Appraisals	kidwellappraisals.com	dead	000
Bamish Appraisal Services	bamishappraisalervices.com	dead	000
Bamish Appraisal Services	bamishappraisalservices.com	dead	000
Allied Appraisals	alliedappraisal.com	HIT_strong	200
Appraisal Elements / Farzad Banifatemi	appraisalelementsfarzadbanifatemi.com	dead	000
Appraisal Elements / Farzad Banifatemi	appraisalselementsfarzadbanifatemi.com	dead	000
Go Appraisals LLC	goappraisal.com	HIT_strong	200
Go Appraisals LLC	goappraisals.com	dead	000
Lee Banks and Associates	leebanksand.com	dead	000
Lamarr Curtis Banks-Certified Appraiser	lamarrcurtisbankscertifiedappraiser.com	dead	000
Lee Banks and Associates	leebanksandassociates.com	dead	000
GValue Appraisal Services LLC	gvalueappraisalservices.com	dead	000
GValue Appraisal Services LLC	gvalueappraisalervices.com	dead	000
GValue Appraisal Services LLC	gvalueappraisal.com	dead	000
RSB Investments	rsbinvestments.com	dead	000
EBC Appraisals Inc.	ebcappraisal.com	dead	000
Swift Residential Appraisal	swiftresidentialappraisals.com	dead	000
EBC Appraisals Inc.	ebcappraisals.com	dead	000
Barcells & Associates	barcellsand.com	dead	000
Barcells & Associates	barcellsandassociates.com	dead	000
Swift Residential Appraisal	swiftresidentialappraisal.com	HIT_strong	200
Bard Appraisal Services	bardappraisal.com	dead	000
Bard Appraisal Services	bardappraisalervices.com	dead	000
Bard Appraisal Services	bardappraisalservices.com	dead	000
Michael Barker Appraisals	michaelbarkerappraisal.com	dead	000
Real Estate Network	realestatenetwork.com	dead	525
Del Lago Group	dellago.com	empty	200
Del Lago Group	dellagogroup.com	dead	000
SWB Appraisals, LLC	swbappraisal.com	dead	000
Michael Barker Appraisals	michaelbarkerappraisals.com	dead	000
Barnard Appraisals	barnardappraisals.com	dead	000
SWB Appraisals, LLC	swbappraisals.com	dead	000
Barnard Appraisals	barnardappraisal.com	dead	000
Barnard & Associates	barnardandassociates.com	dead	000
Barnard & Associates	barnardand.com	dead	000
Barnard and Associates	barnardand.com	dead	000
Paragon Appraisal Group	paragonappraisalsgroup.com	dead	000
Barnett Appraisals	barnettappraisal.com	dead	000
Barnard and Associates	barnardandassociates.com	dead	000
Barnett Appraisals	barnettappraisals.com	parked	body
SCV Appraisal Service	scvappraisal.com	HIT_strong	200
SCV Appraisal Service	scvappraisalervice.com	dead	000
Pacific Coast Appraisal	pacificcoastappraisals.com	dead	000
Allied Appraisals	alliedappraisals.com	HIT_strong	200
SCV Appraisal Service	scvappraisalservice.com	dead	000
CENTRAL VALLEY APPRAISAL	centralvalleyappraisal.com	dead	000
CENTRAL VALLEY APPRAISAL	centralvalleyappraisals.com	dead	000
Bartlett Appraisal	bartlettappraisal.com	HIT_strong	200
Key Appraisal Services	keyappraisal.com	dead	000
TRBD INC.	trbd.com	empty	200
Gregory Barrett	gregorybarrett.com	HIT_weak	200
Bartlett Appraisal	bartlettappraisals.com	HIT_strong	200
Prodigy Appraisal Services	prodigyappraisal.com	dead	000
Bass Appraisal Services	bassappraisalervices.com	dead	000
Bass Appraisal Services	bassappraisalservices.com	dead	000
CIT Bank	citbank.com	nomatch	200
Sierra Home Appraisers	sierrahomeappraisers.com	HIT_strong	200
Stephanie Bassmann	stephaniebassmann.com	dead	000
SDB Real Estate Appraisal Services	sdbrealestateappraisal.com	dead	000
SDB Real Estate Appraisal Services	sdbrealestateappraisalervices.com	dead	000
SDB Real Estate Appraisal Services	sdbrealestateappraisalservices.com	dead	000
West Coast Appraisal Group	westcoastappraisal.com	dead	000
Jacqueline E. Battisti	jacquelineebattisti.com	dead	000
JB Residential Valuations Services	jbresidentialvaluations.com	dead	000
JB Residential Valuations Services	jbresidentialvaluationsservices.com	dead	000
Accurate Appraisal	accurateappraisals.com	HIT_strong	200
Baxter Appraisal	baxterappraisal.com	dead	000
Baxter Appraisals	baxterappraisal.com	dead	000
Mike Baz Appraisal	mikebazappraisals.com	dead	000
Baxter Appraisal	baxterappraisals.com	HIT_strong	200
Jonathan A. Baynes	jonathanabaynes.com	dead	000
Mike Baz Appraisal	mikebazappraisal.com	dead	000
Romard Real Estate	romardrealestate.com	dead	000
David Jasso, SCREA	davidjassoscrea.com	dead	000
ML Beach Appraisal	mlbeachappraisal.com	dead	000
ML Beach Appraisal	mlbeachappraisals.com	dead	000
Robert C. Beamon Appraisal Service, Inc.	robertcbeamonappraisalervice.com	dead	000
Beall Appraisal Company	beallappraisal.com	dead	000
Robert C. Beamon Appraisal Service, Inc.	robertcbeamonappraisalservice.com	dead	000
Robert C. Beamon Appraisal Service, Inc.	robertcbeamonappraisal.com	dead	000
A & M Appraisals	aandmappraisal.com	dead	000
Golden State Appraisal	goldenstateappraisals.com	dead	000
Golden State Appraisal	goldenstateappraisal.com	HIT_strong	200
Beasley Appraisals	beasleyappraisal.com	dead	000
U.S. Department of Housing and Urban Development	usdepartmentofhousingandurbandevelopment.com	dead	000
Paragon Appraisal Group	paragonappraisalgroup.com	dead	000
Beasley Appraisals	beasleyappraisals.com	dead	000
The William Fall Group	thewilliamfall.com	dead	000
The William Fall Group	thewilliamfallgroup.com	dead	000
The Appraisal Centre	theappraisalcentre.com	dead	000
The Appraisal Centre	theappraisalscentre.com	dead	000
Beaulieu & Associates	beaulieuand.com	dead	000
L.R. Becht & Associates	lrbechtand.com	dead	000
L.R. Becht & Associates	lrbechtandassociates.com	dead	000
Guy Beck	guybeck.com	dead	000
Beaulieu & Associates	beaulieuandassociates.com	HIT_weak	200
Acumen Appraisals LLC	acumenappraisals.com	dead	000
Becker Appraisal Services	beckerappraisalservices.com	dead	000
Acumen Appraisals	acumenappraisals.com	dead	000
Becker Appraisal Services	beckerappraisal.com	HIT_strong	200
Becker Appraisal Services	beckerappraisalervices.com	dead	000
Beeman Appraisals	beemanappraisal.com	dead	000
Beeman Appraisals	beemanappraisals.com	HIT_strong	200
Appraisal Results	appraisalsresults.com	dead	000
Appraisal Results	appraisalresults.com	parked	body
James Beggs	jamesbeggs.com	dead	000
Elite Appraisals	eliteappraisal.com	dead	000
Jason Beier Appraisals	jasonbeierappraisal.com	dead	000
Jason Beier Appraisals	jasonbeierappraisals.com	dead	000
Sunglow Appraisals	sunglowappraisals.com	dead	000
Sunglow Appraisals	sunglowappraisal.com	dead	000
Precision Appraisal Group	precisionappraisalgroup.com	dead	000
Precision Appraisal Group	precisionappraisalsgroup.com	dead	000
Charles V. Belisle	charlesvbelisle.com	dead	000
MCB Valuation Inc.	mcbvaluation.com	HIT_strong	200
Classic Appraisal, Inc	classicappraisal.com	dead	000
Bell Appraisal	bellappraisals.com	dead	000
A & A Services	aandaservices.com	dead	000
Precision Appraisal Group	precisionappraisal.com	dead	000
Paul Bellar Appraisals	paulbellarappraisal.com	dead	000
Bass Appraisal Services	bassappraisal.com	dead	000
Bell Appraisal	bellappraisal.com	dead	000
Bureau of Real Estate Appraisers	bureauofrealestateappraisers.com	dead	000
Straw Hat Enterprises, Inc.	strawhatenterprises.com	nomatch	200
LEB Appraisal	lebappraisal.com	dead	000
Kenneth John Bellew	kennethjohnbellew.com	dead	000
D&A Consulting LLC	dandaconsulting.com	nomatch	200
Paul Bellar Appraisals	paulbellarappraisals.com	dead	000
LEB Appraisal	lebappraisals.com	dead	000
Benesh Appraisal Service	beneshappraisalservice.com	dead	000
City Appraisal Services	cityappraisalservices.com	dead	000
City Appraisal Services	cityappraisalervices.com	dead	000
Pacific Valuations	pacificvaluations.com	HIT_strong	200
Benesh Appraisal Service	beneshappraisalervice.com	dead	000
Benesh Appraisal Service	beneshappraisal.com	dead	000
Brian Bennett Appraisals	brianbennettappraisal.com	dead	000
Benjamin Real Estate Appraisal	benjaminrealestateappraisal.com	dead	000
CW Page & Associates	cwpageandassociates.com	dead	000
City Appraisal Services	cityappraisal.com	dead	000
Benjamin Real Estate Appraisal	benjaminrealestateappraisals.com	dead	000
Brian Bennett Appraisals	brianbennettappraisals.com	dead	000
Dikran Berberain Appraisal, Inc.	dikranberberainappraisals.com	dead	000
CW Page & Associates	cwpageand.com	dead	000
Classic Appraisal, Inc	classicappraisals.com	dead	000
Baxter Appraisals	baxterappraisals.com	HIT_strong	200
Valuation Matters Appraisal	valuationmattersappraisals.com	dead	000
Dikran Berberain Appraisal, Inc.	dikranberberainappraisal.com	dead	000
Valuation Matters Appraisal	valuationmattersappraisal.com	dead	000
www.bergecompany.com	wwwbergecompanycom.com	dead	000
Berger Real Property Consulting	bergerrealpropertyconsulting.com	dead	000
DLB & Associates Real Estate Appraisers	dlbandassociatesrealestateappraisers.com	dead	000
Brian Bernedo, Inc	brianbernedo.com	dead	000
RSP Real Estate Appraisals	rsprealestateappraisal.com	dead	000
RSP Real Estate Appraisals	rsprealestateappraisals.com	dead	000
Curtis-Rosenthal, Inc.	curtisrosenthal.com	HIT_strong	200
Elisabeth Bernhart Appraiser	elisabethbernhartappraiser.com	dead	000
Pathway Appraisals	pathwayappraisal.com	dead	000
Cal Pro Appraisals	calproappraisal.com	dead	000
Besen Appraisal Services	besenappraisal.com	dead	000
Appraisal Group	appraisalgroup.com	HIT_strong	200
Pathway Appraisals	pathwayappraisals.com	HIT_strong	200
Cal Pro Appraisals	calproappraisals.com	dead	000
Beall Appraisal Company	beallappraisals.com	HIT_strong	200
Accu-Search Appraisal Services	accusearchappraisalservices.com	dead	000
Besen Appraisal Services	besenappraisalservices.com	dead	000
Besen Appraisal Services	besenappraisalervices.com	dead	000
Accu-Search Appraisal Services	accusearchappraisalervices.com	dead	000
Accu-Search Appraisal Services	accusearchappraisal.com	dead	000
Salvatore Appraisal Services	salvatoreappraisal.com	dead	000
Salvatore Appraisal Services	salvatoreappraisalservices.com	dead	000
Bettencourt Appraisal	bettencourtappraisal.com	dead	000
Bettencourt Appraisal	bettencourtappraisals.com	dead	000
Salvatore Appraisal Services	salvatoreappraisalervices.com	dead	000
Betts Appraisal Services	bettsappraisal.com	dead	000
Betts Appraisal Services	bettsappraisalervices.com	dead	000
Betts Appraisal Services	bettsappraisalservices.com	dead	000
Rebecca Beverly	rebeccabeverly.com	dead	000
Bay Cities Appraisal	baycitiesappraisals.com	dead	000
Cal Coast Appraisal, Inc.	calcoastappraisal.com	dead	000
Cal Coast Appraisal, Inc.	calcoastappraisals.com	dead	000
The Bentley Group, LLC	thebentleygroup.com	HIT_weak	200
Christopher E. Bianchi	christopherebianchi.com	dead	000
Bay Cities Appraisal	baycitiesappraisal.com	dead	000
Thomas Appraisals	thomasappraisals.com	parked	body
Brett Bickel	brettbickel.com	dead	000
Brian Bickhart Appraisals	brianbickhartappraisals.com	dead	000
Accurate Appraisal	accurateappraisal.com	dead	000
Brian Bickhart Appraisals	brianbickhartappraisal.com	dead	000
Bigger Appraisal Service	biggerappraisalervice.com	dead	000
Bigger Appraisal Service	biggerappraisal.com	dead	000
Thomas Appraisals	thomasappraisal.com	HIT_strong	200
George Bill Appraisals	georgebillappraisal.com	dead	000
Bigger Appraisal Service	biggerappraisalservice.com	dead	000
Justin Bill Appraisals	justinbillappraisals.com	dead	000
George Bill Appraisals	georgebillappraisals.com	dead	000
The Bentley Group, LLC	thebentley.com	dead	000
Kara Bill Appraisals	karabillappraisal.com	dead	000
Justin Bill Appraisals	justinbillappraisal.com	dead	000
Kara Bill Appraisals	karabillappraisals.com	dead	000
GWB and Associates	gwbandassociates.com	dead	000
BIEN APPRAISERS	bienappraisers.com	HIT_strong	200
DB Appraisal Services	dbappraisalservices.com	dead	000
GWB and Associates	gwband.com	dead	000
DB Appraisal Services	dbappraisalervices.com	dead	000
DB Appraisal Services	dbappraisal.com	dead	000
Abacus Appraisal	abacusappraisals.com	dead	000
Jessica Castile	jessicacastile.com	dead	000
Robert Beverley	robertbeverley.com	nomatch	200
5446 Management LLC	5446management.com	dead	000
Paragon Appraisal Group	paragonappraisal.com	dead	000
Abacus Appraisal	abacusappraisal.com	HIT_strong	200
Robin Bivona	robinbivona.com	dead	000
Laurie D. Black & Associates	lauriedblackandassociates.com	dead	000
James Black Appraisals	jamesblackappraisal.com	dead	000
Laurie D. Black & Associates	lauriedblackand.com	dead	000
James Black Appraisals	jamesblackappraisals.com	dead	000
LBN Appraisal Service LLC	lbnappraisal.com	dead	000
LBN Appraisal Service LLC	lbnappraisalservice.com	dead	000
LBN Appraisal Service LLC	lbnappraisalervice.com	dead	000
LBN Appraisal Service	lbnappraisalservice.com	dead	000
LBN Appraisal Service	lbnappraisal.com	dead	000
LBN Appraisal Service	lbnappraisalervice.com	dead	000
Blackmon & Associates	blackmonand.com	dead	000
SJC Appraisal	sjcappraisal.com	HIT_strong	200
John Blair Appraisals	johnblairappraisal.com	dead	000
John Blair Appraisals	johnblairappraisals.com	dead	000
SJC Appraisal	sjcappraisals.com	dead	000
Justin Thomas Appraisals	justinthomasappraisal.com	dead	000
Blakeley Appraisal Services, LLC	blakeleyappraisalervices.com	dead	000
Justin Thomas Appraisals	justinthomasappraisals.com	dead	000
Blakeley Appraisal Services, LLC	blakeleyappraisal.com	dead	000
Blakeley Appraisal Services, LLC	blakeleyappraisalservices.com	dead	000
Brian C. Blaker Appraisal	briancblakerappraisals.com	dead	000
Brian C. Blaker Appraisal	briancblakerappraisal.com	dead	000
Residential Appraisal Services	residentialappraisalervices.com	dead	000
Blackmon & Associates	blackmonandassociates.com	HIT_strong	200
Pacific Edge Appraisals	pacificedgeappraisals.com	HIT_strong	200
Gina Blizard Appraisal	ginablizardappraisals.com	dead	000
Sidney Blee, Certified Residential Appraiser	sidneybleecertifiedresidentialappraiser.com	dead	000
Gina Blizard Appraisal	ginablizardappraisal.com	dead	000
C Blevins	cblevins.com	nomatch	200
Blumberg Appraisal	blumbergappraisals.com	dead	000
Diana Bluhm	dianabluhm.com	dead	000
Karen Bloem Appraisals	karenbloemappraisal.com	dead	000
Blumberg Appraisal	blumbergappraisal.com	dead	000
Kofi  S Boateng	kofisboateng.com	dead	000
Karen Bloem Appraisals	karenbloemappraisals.com	dead	000
Residential Appraisal Services	residentialappraisal.com	parked	body
True Footage, Inc.	truefootage.com	dead	000
Fast Appraisal Services	fastappraisalervices.com	dead	000
William Boetger	williamboetger.com	dead	000
Axis Valuation Services	axisvaluationservices.com	dead	000
Fast Appraisal Services	fastappraisalservices.com	dead	000
Paige Boles	paigeboles.com	dead	000
Wells Fargo REVS	wellsfargorevs.com	dead	000
JPMorgan Chase	jpmorganchase.com	HIT_weak	200
Nicholson & Company	nicholsonand.com	dead	000
Wesley Bolser Appraisals	wesleybolserappraisal.com	dead	000
Fast Appraisal Services	fastappraisal.com	HIT_strong	200
Axis Valuation Services	axisvaluation.com	dead	000
Bolton Appraisal Services	boltonappraisalervices.com	dead	000
Bolton Appraisal Services	boltonappraisal.com	HIT_strong	200
Wesley Bolser Appraisals	wesleybolserappraisals.com	dead	000
E. Bonham Appraisal Services	ebonhamappraisalservices.com	dead	000
AMWest Valuations	amwestvaluations.com	dead	000
The Appraisal School, Inc.	theappraisalchool.com	dead	000
E. Bonham Appraisal Services	ebonhamappraisalervices.com	dead	000
E. Bonham Appraisal Services	ebonhamappraisal.com	dead	000
Bolton Appraisal Services	boltonappraisalservices.com	dead	403
Rubin J. Bonite	rubinjbonite.com	dead	000
Peter J. Berger	peterjberger.com	parked	body
The Bonnell Group	thebonnellgroup.com	dead	000
AFH Appraisals LLC	afhappraisals.com	dead	000
American Appraisal	americanappraisals.com	HIT_strong	200
The Appraisal School, Inc.	theappraisalschool.com	dead	000
Borges Appraisals, Inc.	borgesappraisals.com	dead	000
Borges Appraisals, Inc.	borgesappraisal.com	dead	000
Home Sweet Home Appraisals	homesweethomeappraisals.com	dead	000
Home Sweet Home Appraisals	homesweethomeappraisal.com	HIT_strong	200
US Dept. of HUD	usdeptofhud.com	dead	000
Paul Borra Appraisals	paulborraappraisals.com	dead	000
Paul Borra Appraisals	paulborraappraisal.com	dead	000
Nadia Borrego	nadiaborrego.com	dead	000
PB Appraisals	pbappraisals.com	dead	403
Acumen Appraisals LLC	acumenappraisal.com	dead	000
Jeffrey A. Borsuk	jeffreyaborsuk.com	dead	000
CK Appraisals	ckappraisals.com	dead	000
Property Sciences	propertysciences.com	dead	000
CK Appraisals	ckappraisal.com	HIT_strong	200
Bose Appraisal Services	boseappraisalervices.com	dead	000
Acumen Appraisals	acumenappraisal.com	dead	000
Bosworth Appraisals	bosworthappraisal.com	dead	000
Bose Appraisal Services	boseappraisalservices.com	dead	000
Bose Appraisal Services	boseappraisal.com	dead	000
Bosworth Appraisals	bosworthappraisals.com	dead	000
M.B.A. Real Estate Appraisal	mbarealestateappraisal.com	dead	000
M.B.A. Real Estate Appraisal	mbarealestateappraisals.com	dead	000
Riley Boudreaux, DBA	rileyboudreauxdba.com	dead	000
BZ Appraisers, Inc.	bzappraisers.com	dead	000
CBA Real Estate Appraisal, Inc.	cbarealestateappraisals.com	dead	000
Bowers Real Estate & Appraisal Services	bowersrealestateandappraisal.com	dead	000
CBA Real Estate Appraisal, Inc.	cbarealestateappraisal.com	dead	000
Bowers Real Estate & Appraisal Services	bowersrealestateandappraisalervices.com	dead	000
San Diego Real Estate Appraisal	sandiegorealestateappraisals.com	dead	000
Bowers Real Estate & Appraisal Services	bowersrealestateandappraisalservices.com	dead	000
Bowman & Associates	bowmanand.com	dead	000
Amplified Appraisal Group	amplifiedappraisalgroup.com	dead	000
Amplified Appraisal Group	amplifiedappraisalsgroup.com	dead	000
Bowman & Associates	bowmanandassociates.com	HIT_weak	200
Pacific Edge Appraisals	pacificedgeappraisal.com	dead	000
San Diego Real Estate Appraisal	sandiegorealestateappraisal.com	HIT_strong	200
Boyd Appraisal	boydappraisals.com	dead	000
Boyd Appraisal	boydappraisal.com	dead	000
Timberline Appraisal	timberlineappraisal.com	HIT_strong	200
Timberline Appraisal	timberlineappraisals.com	dead	000
Santa Barbara Appraisal	santabarbaraappraisals.com	dead	000
Boyle Real Estate Appraisals	boylerealestateappraisal.com	dead	000
Boyle Real Estate Appraisals	boylerealestateappraisals.com	dead	000
Amplified Appraisal Group	amplifiedappraisal.com	HIT_strong	200
Boyle Appraisal	boyleappraisals.com	HIT_strong	200
Boyle Appraisal	boyleappraisal.com	dead	000
Macpherson Appraisals	macphersonappraisal.com	dead	000
RFC Appraisal Group	rfcappraisalgroup.com	dead	000
RFC Appraisal Group	rfcappraisal.com	dead	000
RFC Appraisal Group	rfcappraisalsgroup.com	dead	000
Macpherson Appraisals	macphersonappraisals.com	HIT_strong	200
Bradbury Appraisal Service, Inc.	bradburyappraisalservice.com	dead	000
Bradbury Appraisal Service, Inc.	bradburyappraisalervice.com	dead	000
Bradbury Appraisal Service, Inc.	bradburyappraisal.com	HIT_strong	200
Braden Appraisals	bradenappraisals.com	dead	000
TB Appraisals	tbappraisal.com	dead	000
Braden Appraisals	bradenappraisal.com	dead	000
Bradley & Associates	bradleyand.com	nomatch	202
Mark E. Bradley Appraisal Service	markebradleyappraisalservice.com	dead	000
TB Appraisals	tbappraisals.com	HIT_strong	200
Mark E. Bradley Appraisal Service	markebradleyappraisal.com	dead	000
Santa Barbara Appraisal	santabarbaraappraisal.com	HIT_strong	200
Bradley & Associates	bradleyandassociates.com	empty	200
Dan Brandlin Appraisals	danbrandlinappraisal.com	dead	000
Dan Brandlin Appraisals	danbrandlinappraisals.com	dead	000
Mark E. Bradley Appraisal Service	markebradleyappraisalervice.com	dead	000
California Appraisal & Review	californiaappraisalsandreview.com	dead	000
R & F Appraisal, LLC	randfappraisals.com	dead	000
R & F Appraisal, LLC	randfappraisal.com	dead	000
California Appraisal & Review	californiaappraisalandreview.com	dead	404
Brandlin Appraisal Inc.	brandlinappraisals.com	dead	000
Daniel R. Brauning, SRA, AI-RRS	danielrbrauningsraairrs.com	dead	000
Bonazza Appraisals, LLC	bonazzaappraisal.com	dead	000
Bonazza Appraisals, LLC	bonazzaappraisals.com	dead	000
Allan E. Bredice	allanebredice.com	dead	000
Carolyn D. Breeding Real Estate Appraisals	carolyndbreedingrealestateappraisal.com	dead	000
Appraisal Group	appraisal.com	dead	000
Appraisal Group	appraisalsgroup.com	dead	000
Breis Appraisals	breisappraisals.com	dead	000
Carolyn D. Breeding Real Estate Appraisals	carolyndbreedingrealestateappraisals.com	dead	000
Brems Appraisal	bremsappraisal.com	dead	000
Brems Appraisal	bremsappraisals.com	dead	000
Brickhouse Appraisals	brickhouseappraisals.com	dead	000
BMO	bmo.com	dead	000
Breis Appraisals	breisappraisal.com	dead	000
Bricker Appraisals, LLC	brickerappraisal.com	dead	000
Brickhouse Appraisals	brickhouseappraisal.com	dead	000
Rego Appraisal Services	regoappraisalervices.com	dead	000
Rego Appraisal Services	regoappraisalservices.com	dead	000
AFH Appraisals LLC	afhappraisal.com	dead	000
Rego Appraisal Services	regoappraisal.com	dead	000
Oaks Appraisal Services	oaksappraisalervices.com	dead	000
Brinkman Appraisal Services	brinkmanappraisalservices.com	dead	000
Brinkman Appraisal Services	brinkmanappraisalervices.com	dead	000
Brinkman Appraisal Services	brinkmanappraisal.com	dead	000
Britton Appraisal	brittonappraisal.com	dead	000
Oaks Appraisal Services	oaksappraisalservices.com	HIT_strong	200
PB Appraisals	pbappraisal.com	dead	000
Oaks Appraisal Services	oaksappraisal.com	HIT_strong	200
Bronson Appraisals	bronsonappraisal.com	dead	000
Bronson Appraisals	bronsonappraisals.com	dead	000
Britton Appraisal	brittonappraisals.com	HIT_strong	200
Integrity Appraisal	integrityappraisal.com	HIT_strong	200
Integrity Appraisal	integrityappraisals.com	HIT_strong	200
Sonlite Appraisal Service	sonliteappraisal.com	dead	000
Sonlite Appraisal Service	sonliteappraisalservice.com	dead	000
Sonlite Appraisal Service	sonliteappraisalervice.com	dead	000
Property Sciences Group	propertysciencesgroup.com	dead	000
Brown & Group Appraisal Service, Inc.	brownandgroupappraisalervice.com	dead	000
Appraisal Authority LLC	appraisalsauthority.com	dead	000
Brown & Group Appraisal Service, Inc.	brownandgroupappraisalservice.com	dead	000
Brown & Group Appraisal Service, Inc.	brownandgroupappraisal.com	dead	000
Valuable Appraisal	valuableappraisal.com	HIT_strong	200
Valuable Appraisal	valuableappraisals.com	dead	000
Brown Appraisal Services	brownappraisalervices.com	dead	000
Brown Appraisal Services	brownappraisalservices.com	HIT_strong	200
Ronald S. Brown & Associates	ronaldsbrownandassociates.com	dead	000
Brown Appraisal Services	brownappraisal.com	HIT_strong	200
Robin L. Brown Appraiser	robinlbrownappraiser.com	dead	000
Ronald S. Brown & Associates	ronaldsbrownand.com	dead	000
Browning Appraisal Service	browningappraisalservice.com	dead	000
Browning Appraisal Service	browningappraisalervice.com	dead	000
Viewpoint Appraisal	viewpointappraisal.com	HIT_strong	200
Redwood Appraisals	redwoodappraisals.com	dead	000
Redwood Appraisals	redwoodappraisal.com	HIT_strong	200
Brubaker & Associates	brubakerand.com	dead	000
Property Sciences Group	propertysciences.com	dead	000
Larry Brumm, Real Estate Appraiser	larrybrummrealestateappraiser.com	dead	000
Brubaker & Associates	brubakerandassociates.com	HIT_strong	200
Residential Appraisal Services	residentialappraisalservices.com	dead	000
Pacific Home Appraisal Inc.	pacifichomeappraisals.com	dead	000
Pacific Home Appraisal Inc.	pacifichomeappraisal.com	HIT_strong	200
Raquel Dyan Brunner	raqueldyanbrunner.com	dead	000
Charles A. Brunton Appraisals	charlesabruntonappraisal.com	dead	000
Charles A. Brunton Appraisals	charlesabruntonappraisals.com	dead	000
Advanced Appraisals, Inc.	advancedappraisal.com	parked	body
William C. Brush	williamcbrush.com	dead	000
AZB Appraisals	azbappraisals.com	dead	000
AZB Appraisals	azbappraisal.com	dead	000
Advanced Appraisals, Inc.	advancedappraisals.com	dead	403
Comp 1 Real Estate Appraisal	comp1realestateappraisals.com	dead	000
Dana Bryan	danabryan.com	dead	000
JAAB Ventures, Inc.	jaabventures.com	dead	000
Bryant Property Profile	bryantpropertyprofile.com	dead	000
Bryant Property Valuation	bryantpropertyvaluation.com	dead	000
MJB Appraisal	mjbappraisals.com	dead	000
Comp 1 Real Estate Appraisal	comp1realestateappraisal.com	dead	000
American Appraisal	americanappraisal.com	dead	000
The Bonnell Group	thebonnell.com	dead	000
MJB Appraisal	mjbappraisal.com	dead	000
Chase	chase.com	HIT_weak	200
Royal Appraisal	royalappraisals.com	dead	000
Perfection Services	perfection.com	dead	000
Perfection Services	perfectionservices.com	HIT_weak	200
Royal Appraisal	royalappraisal.com	dead	000
Jensen & Associates, Inc.	jensenand.com	dead	000
Platinum Appraisal Services	platinumappraisalervices.com	dead	000
James Bui	jamesbui.com	nomatch	200
Platinum Appraisal Services	platinumappraisalservices.com	dead	000
Tiburon Appraisal & Valuation Service	tiburonappraisalandvaluation.com	dead	000
Tiburon Appraisal & Valuation Service	tiburonappraisalsandvaluationservice.com	dead	000
Danklefs Appraisal	danklefsappraisals.com	dead	000
Danklefs Appraisal	danklefsappraisal.com	dead	000
Tiburon Appraisal & Valuation Service	tiburonappraisalandvaluationservice.com	dead	000
Platinum Appraisal Services	platinumappraisal.com	dead	000
THT Appraisal Service	thtappraisalservice.com	dead	000
THT Appraisal Service	thtappraisal.com	dead	000
NCC Appraisal Services	nccappraisalervices.com	dead	000
NCC Appraisal Services	nccappraisal.com	dead	000
THT Appraisal Service	thtappraisalervice.com	dead	000
NCC Appraisal Services	nccappraisalservices.com	dead	000
J. Bunch Appraisal Co.	jbunchappraisals.com	dead	000
J. Bunch Appraisal Co.	jbunchappraisal.com	HIT_strong	200
Advantage Appraisals, Inc.	advantageappraisals.com	HIT_strong	200
Advantage Appraisals, Inc.	advantageappraisal.com	HIT_strong	200
Burdick Real Estate Appraisal	burdickrealestateappraisal.com	dead	000
Burdick Real Estate Appraisal	burdickrealestateappraisals.com	dead	000
Chase Burk Real Estate Ent.dba KB Appraisal Services	chaseburkrealestateentdbakbappraisal.com	dead	000
Brandlin Appraisal Inc.	brandlinappraisal.com	dead	000
City National Bank	citynationalbank.com	dead	000
Chase Burk Real Estate Ent.dba KB Appraisal Services	chaseburkrealestateentdbakbappraisalervices.com	dead	000
Burke's Appraisals, LLC	burkesappraisal.com	dead	000
New West Appraisals	newwestappraisals.com	dead	000
Appraisal Solution	appraisalolution.com	dead	000
New West Appraisals	newwestappraisal.com	dead	000
Burke's Appraisals, LLC	burkesappraisals.com	dead	000
Tina Burks	tinaburks.com	dead	000
Appraise All Property	appraiseallproperty.com	dead	000
Browning Appraisal Service	browningappraisal.com	dead	000
Burness Property Services	burnessproperty.com	parked	body
Valued Right Appraisal	valuedrightappraisal.com	dead	000
Valued Right Appraisal	valuedrightappraisals.com	dead	000
Burnley & Associates	burnleyandassociates.com	dead	000
Appraisal Solution	appraisalsolution.com	parked	body
Sonia Burns Appraisals	soniaburnsappraisal.com	dead	000
Sonia Burns Appraisals	soniaburnsappraisals.com	dead	000
Burnley & Associates	burnleyand.com	dead	000
Ameriwest Appraisal Service	ameriwestappraisalservice.com	dead	000
Ameriwest Appraisal Service	ameriwestappraisalervice.com	dead	000
Ameriwest Appraisal Service	ameriwestappraisal.com	dead	000
Real Estate Valuation Service	realestatevaluationservice.com	dead	000
Frederic Street Appraisals	fredericstreetappraisal.com	dead	000
RSDS Valuations, LLC	rsdsvaluations.com	dead	404
P. Butler & Company	pbutlerand.com	dead	000
Burton & Company	burtonand.com	dead	000
Real Estate Valuation Service	realestatevaluation.com	HIT_strong	200
Bricker Appraisals, LLC	brickerappraisals.com	dead	000
A 1 Appraisal Service. LLC	a1appraisalervice.com	dead	000
Frederic Street Appraisals	fredericstreetappraisals.com	HIT_strong	200
Anderson-Buysse Appraisals	andersonbuysseappraisal.com	dead	000
Anderson Buysse Appraisal	andersonbuysseappraisals.com	dead	000
Anderson-Buysse Appraisals	andersonbuysseappraisals.com	dead	000
Anderson Buysse Appraisal	andersonbuysseappraisal.com	dead	000
Ascribe, a Division of Trident	ascribeadivisionoftrident.com	dead	000
Cal Coast Appraisals	calcoastappraisal.com	dead	000
Cal Coast Appraisals	calcoastappraisals.com	dead	000
Southern California Appraisals	southerncaliforniaappraisal.com	dead	000
Southern California Appraisals	southerncaliforniaappraisals.com	dead	000
Cameron Calabrese	cameroncalabrese.com	dead	000
Alan Caisse	alancaisse.com	dead	000
All Points Appraisal	allpointsappraisal.com	HIT_strong	200
Dawn Bylsma	dawnbylsma.com	nomatch	200
All Points Appraisal	allpointsappraisals.com	dead	000
SLC Appraisal Service	slcappraisal.com	dead	000
SLC Appraisal Service	slcappraisalervice.com	dead	000
SLC Appraisal Service	slcappraisalservice.com	dead	000
Cambra & Associates Appraisal	cambraandassociatesappraisal.com	dead	000
Cambra & Associates Appraisal	cambraandassociatesappraisals.com	dead	000
Calkin Real Estate Services, Inc.	calkinrealestate.com	parked	body
Pacific Appraising	pacificappraising.com	dead	000
Coast Real Estate Services	coastrealestateservices.com	HIT_weak	200
Coast Home Appraisal	coasthomeappraisals.com	HIT_strong	200
Coast Home Appraisal	coasthomeappraisal.com	HIT_strong	200
Wels Fargo Bank	welsfargobank.com	dead	000
Coast Real Estate Services	coastrealestate.com	dead	400
DFC Appraisal	dfcappraisal.com	dead	000
San Diego Appraisal Service	sandiegoappraisalservice.com	dead	000
DFC Appraisal	dfcappraisals.com	dead	000
San Diego Appraisal Service	sandiegoappraisalervice.com	dead	000
Appraisal Authority LLC	appraisalauthority.com	dead	000
BSC Appraisal	bscappraisals.com	dead	000
BSC Appraisal	bscappraisal.com	dead	000
San Diego Appraisal Service	sandiegoappraisal.com	HIT_strong	200
Mariateresa V. Canosa	mariateresavcanosa.com	dead	000
Cantwell Appraisals	cantwellappraisals.com	dead	000
Malibu Appraisal	malibuappraisal.com	HIT_strong	200
Cantwell Appraisals	cantwellappraisal.com	dead	000
Viewpoint Appraisal	viewpointappraisals.com	dead	000
Pentstar Appraisals, Corp.	pentstarappraisal.com	dead	000
Harold Canum's Appraisal Resource	haroldcanumsappraisalresource.com	dead	000
Malibu Appraisal	malibuappraisals.com	HIT_strong	200
Harold Canum's Appraisal Resource	haroldcanumsappraisalsresource.com	dead	000
Pentstar Appraisals, Corp.	pentstarappraisals.com	dead	000
PentStar Appraisal	pentstarappraisal.com	dead	000
PentStar Appraisal	pentstarappraisals.com	dead	000
Appraisal Concept Services	appraisalsconceptservices.com	dead	000
Appraisal Concept Services	appraisalconceptservices.com	dead	000
Yeti Appraisals	yetiappraisal.com	dead	000
Yeti Appraisals	yetiappraisals.com	dead	000
Appraisal Concept Services	appraisalconcept.com	dead	000
Innovative Appraisal Solutions, Inc.	innovativeappraisalolutions.com	dead	000
Donato Capponi	donatocapponi.com	dead	000
Michael Cardinalli Appraisals	michaelcardinalliappraisals.com	dead	000
Streamline REA, Inc.	streamlinerea.com	HIT_strong	200
Michael Cardinalli Appraisals	michaelcardinalliappraisal.com	dead	000
Innovative Appraisal Solutions, Inc.	innovativeappraisalsolutions.com	dead	000
Carey & Associates	careyand.com	dead	000
Brubaker Real Estate	brubakerrealestate.com	dead	000
Jacquelynne A. Carlson	jacquelynneacarlson.com	dead	000
Kevin J Carll	kevinjcarll.com	dead	000
James P. Carlson	jamespcarlson.com	dead	000
John T. Carlson, Real Estate Appraiser	johntcarlsonrealestateappraiser.com	dead	000
K. M.  Carlson & Associates	kmcarlsonand.com	dead	000
K. M.  Carlson & Associates	kmcarlsonandassociates.com	dead	000
Jensen & Associates, Inc.	jensenandassociates.com	dead	000
APC Appraisal Services	apcappraisal.com	dead	000
Sherry Carlson	sherrycarlson.com	dead	000
Roadrunner Appraisal Service	roadrunnerappraisalservice.com	dead	000
Roadrunner Appraisal Service	roadrunnerappraisalervice.com	dead	000
APC Appraisal Services	apcappraisalervices.com	dead	000
Appraisal Max	appraisalsmax.com	dead	000
Jeff Campbell	jeffcampbell.com	dead	000
APC Appraisal Services	apcappraisalservices.com	HIT_strong	200
Roadrunner Appraisal Service	roadrunnerappraisal.com	HIT_strong	200
Equity Appraisal Research	equityappraisalsresearch.com	dead	000
Joe Carr, Appraiser	joecarrappraiser.com	dead	000
Equity Appraisal Research	equityappraisalresearch.com	dead	000
The Appraisal Group - Southern California	theappraisalsgroupsoutherncalifornia.com	dead	000
Light and Easy Group	lightandeasygroup.com	dead	000
The Appraisal Group - Southern California	theappraisalgroupsoutherncalifornia.com	dead	000
Quantify Appraisal Services, LLC	quantifyappraisal.com	dead	000
Light and Easy Group	lightandeasy.com	empty	200
Carson's Appraisals	carsonsappraisal.com	dead	000
Quantify Appraisal Services, LLC	quantifyappraisalervices.com	dead	000
Velocity Mortgage Capital	velocitymortgagecapital.com	dead	000
JFC Appraisals	jfcappraisals.com	dead	000
JFC Appraisals	jfcappraisal.com	dead	000
Carson's Appraisals	carsonsappraisals.com	dead	403
Kimberly Carter Appraisal	kimberlycarterappraisal.com	dead	000
Quantify Appraisal Services, LLC	quantifyappraisalservices.com	HIT_strong	200
Independent Appraisal	independentappraisals.com	dead	000
Kimberly Carter Appraisal	kimberlycarterappraisals.com	dead	000
RSDS Valuations LLC	rsdsvaluations.com	dead	404
ACN Appraisal Service	acnappraisal.com	dead	000
A1 Los Angeles Home Appraisals	a1losangeleshomeappraisals.com	HIT_strong	200
ACN Appraisal Service	acnappraisalservice.com	dead	000
Cambridge Appraisal	cambridgeappraisal.com	dead	000
Cambridge Appraisal	cambridgeappraisals.com	dead	000
Burness Property Services	burnesspropertyservices.com	dead	000
Wells Fargo Bank, N.A.	wellsfargobankna.com	empty	200
ACN Appraisal Service	acnappraisalervice.com	dead	000
DOC Appraisals	docappraisals.com	dead	000
Nationwide Appraisal Network	nationwideappraisalsnetwork.com	dead	000
Kevin Casebier	kevincasebier.com	dead	000
DOC Appraisals	docappraisal.com	dead	000
First Appraisal Network	firstappraisalsnetwork.com	dead	000
Nationwide Appraisal Network	nationwideappraisalnetwork.com	dead	000
Bayside Appraisals	baysideappraisal.com	dead	000
Cater and Associates	caterand.com	dead	000
J.C. Appraisals	jcappraisal.com	HIT_strong	200
Phillie Investments, LLC	phillieinvestments.com	dead	000
G&L Real Estate Appraisals	gandlrealestateappraisal.com	dead	000
G&L Real Estate Appraisals	gandlrealestateappraisals.com	dead	000
Cater and Associates	caterandassociates.com	dead	000
J.C. Appraisals	jcappraisals.com	HIT_strong	200
Cavazos Real Estate Appraisal Service	cavazosrealestateappraisalservice.com	dead	000
D.C. Appraisal Service	dcappraisalervice.com	dead	000
Cavazos Real Estate Appraisal Service	cavazosrealestateappraisalervice.com	dead	000
Peter M. Cella & Associates	petermcellaandassociates.com	dead	000
Peter M. Cella & Associates	petermcellaand.com	dead	000
Cavazos Real Estate Appraisal Service	cavazosrealestateappraisal.com	dead	000
Independent Appraisal	independentappraisal.com	dead	000
D.C. Appraisal Service	dcappraisalservice.com	dead	404
Luis H Cervantes	luishcervantes.com	dead	000
Cesare's Appraisal Service	cesaresappraisal.com	dead	000
Cesare's Appraisal Service	cesaresappraisalservice.com	dead	000
Cesare's Appraisal Service	cesaresappraisalervice.com	dead	000
Primetime Appraisals	primetimeappraisal.com	HIT_strong	200
Nova Terra Appraisal Group	novaterraappraisalsgroup.com	dead	000
Nova Terra Appraisal Group	novaterraappraisal.com	dead	000
D.C. Appraisal Service	dcappraisal.com	dead	000
Nova Terra Appraisal Group	novaterraappraisalgroup.com	dead	000
Outline Real Estate Appraisal Services	outlinerealestateappraisalervices.com	dead	000
Outline Real Estate Appraisal Services	outlinerealestateappraisal.com	dead	000
Hi Tech Realty and Appraisal Inc.	hitechrealtyandappraisal.com	dead	000
Hi Tech Realty and Appraisal Inc.	hitechrealtyandappraisals.com	dead	000
Outline Real Estate Appraisal Services	outlinerealestateappraisalservices.com	dead	000
Terra Group	terra.com	nomatch	200
Terra Group	terragroup.com	HIT_weak	200
Klatt Appraisals	klattappraisal.com	dead	000
Klatt Appraisals	klattappraisals.com	dead	000
L.C. Appraisals	lcappraisal.com	dead	000
Analytic Appraisal	analyticappraisals.com	dead	000
Analytic Appraisal	analyticappraisal.com	HIT_strong	200
Jeff Chandler Appraisals	jeffchandlerappraisal.com	dead	000
Chaney Appraisal Services	chaneyappraisalservices.com	dead	000
Chaney Appraisal Services	chaneyappraisalervices.com	dead	000
MCV Associates	mcv.com	parked	body
L.C. Appraisals	lcappraisals.com	HIT_strong	200
Jeff Chandler Appraisals	jeffchandlerappraisals.com	dead	404
Chaney Appraisal Services	chaneyappraisal.com	dead	000
Chung Chang	chungchang.com	dead	000
Chartwell Enterprises d.b.a. Channing Appraisal	chartwellenterprisesdbachanningappraisal.com	dead	000
Chartwell Enterprises d.b.a. Channing Appraisal	chartwellenterprisesdbachanningappraisals.com	dead	000
A 1 Appraisal Service. LLC	a1appraisal.com	dead	000
A 1 Appraisal Service. LLC	a1appraisalservice.com	dead	000
HMC Group	hmc.com	HIT_weak	200
Advantage Real Estate Appraisals	advantagerealestateappraisal.com	dead	000
Advantage Real Estate Appraisals	advantagerealestateappraisals.com	dead	000
Cory Chase Appraisals	corychaseappraisals.com	dead	000
Cory Chase Appraisals	corychaseappraisal.com	dead	000
F. J. Chastain	fjchastain.com	dead	000
Trimavin	trimavin.com	HIT_strong	200
BC Appraisal Services	bcappraisalservices.com	dead	000
BC Appraisal Services	bcappraisalervices.com	dead	000
BC Appraisal Services	bcappraisal.com	dead	000
Jeffrey Gee Appraisal Service, Inc.	jeffreygeeappraisalservice.com	dead	000
Jeffrey Gee Appraisal Service, Inc.	jeffreygeeappraisal.com	dead	000
Jeffrey Gee Appraisal Service, Inc.	jeffreygeeappraisalervice.com	dead	000
Chaussee Appraisals	chausseeappraisals.com	dead	000
Calkin Real Estate Services, Inc.	calkinrealestateservices.com	dead	000
Chaussee Appraisals	chausseeappraisal.com	dead	000
Michael Chaves Appraisal	michaelchavesappraisal.com	dead	000
Michael Chaves Appraisal	michaelchavesappraisals.com	dead	000
Appraisalnomics	appraisalnomics.com	dead	000
Appraisalnomics	appraisalsnomics.com	dead	000
Danielle Chavez	daniellechavez.com	dead	000
Richwell Corp	richwell.com	dead	403
Appraisals Excel Corporation	appraisalsexcel.com	dead	000
JC Appraisal	jcappraisal.com	HIT_strong	200
Appraisals Excel Corporation	appraisalexcel.com	dead	000
Excellence Appraisals	excellenceappraisals.com	dead	000
JC Appraisal	jcappraisals.com	HIT_strong	200
Evergreen AMC	evergreenamc.com	HIT_strong	200
Standard Appraisal Group	standardappraisalsgroup.com	dead	000
Standard Appraisal Group	standardappraisalgroup.com	dead	000
Alpha Appraisal 2000	alphaappraisals2000.com	dead	000
Excellence Appraisals	excellenceappraisal.com	HIT_strong	200
C2 Appraisal Group, LLC	c2appraisalsgroup.com	dead	000
First Appraisal Network	firstappraisalnetwork.com	dead	000
Alpha Appraisal 2000	alphaappraisal2000.com	dead	000
Frank Chan	frankchan.com	HIT_weak	200
C2 Appraisal Group, LLC	c2appraisalgroup.com	dead	000
Daniel Chen Appraisal Services	danielchenappraisalervices.com	dead	000
Daniel Chen Appraisal Services	danielchenappraisalservices.com	dead	000
C2 Appraisal Group, LLC	c2appraisal.com	dead	000
Johnney Chen	johnneychen.com	dead	000
Jim Zhaojian Chen	jimzhaojianchen.com	dead	000
Aim Best Appraisals	aimbestappraisals.com	dead	000
Aim Best Appraisals	aimbestappraisal.com	dead	000
Top City Appraisal Services	topcityappraisalservices.com	dead	000
Top City Appraisal Services	topcityappraisalervices.com	dead	000
Top City Appraisal Services	topcityappraisal.com	dead	000
Daniel Chen Appraisal Services	danielchenappraisal.com	HIT_strong	200
Anva Realty dba Chen's Appraisal	anvarealtydbachensappraisals.com	dead	000
Anva Realty dba Chen's Appraisal	anvarealtydbachensappraisal.com	dead	000
John Cheng	johncheng.com	dead	000
Endeavor Appraisals, Inc.	endeavorappraisals.com	dead	000
JMC & Associates	jmcand.com	dead	000
Endeavor Appraisals, Inc.	endeavorappraisal.com	dead	000
JMC & Associates	jmcandassociates.com	HIT_strong	200
QC Appraisal Inc	qcappraisals.com	parked	body
QC Appraisal Inc	qcappraisal.com	parked	body
HLC Appraisal	hlcappraisal.com	dead	000
HLC Appraisal	hlcappraisals.com	dead	000
Arlene Chew	arlenechew.com	HIT_weak	200
Appraisal One Consulting, Inc.	appraisalsoneconsulting.com	dead	000
Welldone Appraisals	welldoneappraisals.com	dead	000
Garabed Chichoyan	garabedchichoyan.com	dead	000
Eric W. Chiang	ericwchiang.com	dead	000
Gary Chi	garychi.com	nomatch	200
Welldone Appraisals	welldoneappraisal.com	dead	000
Appraisal One Consulting, Inc.	appraisaloneconsulting.com	HIT_strong	200
Childress Appraisals	childressappraisal.com	dead	000
Childress Appraisals	childressappraisals.com	dead	000
Childress and Associates	childressand.com	dead	000
Data Facts & Associates	datafactsand.com	dead	000
Data Facts & Associates	datafactsandassociates.com	dead	000
Blake Childs Appraisal	blakechildsappraisal.com	dead	000
Blake Childs Appraisal	blakechildsappraisals.com	dead	000
Childress and Associates	childressandassociates.com	empty	200
Robin Chinchilla	robinchinchilla.com	dead	000
Daly Appraisal Co	dalyappraisals.com	dead	000
CK Appraisal Services	ckappraisalervices.com	dead	000
CK Appraisal Services	ckappraisalservices.com	dead	000
CK Appraisal Services	ckappraisal.com	HIT_strong	200
Daly Appraisal Company	dalyappraisals.com	dead	000
Daly Appraisal Company	dalyappraisal.com	HIT_strong	200
The Property Sciences Group, Inc.	thepropertysciencesgroup.com	dead	000
The Property Sciences Group, Inc.	thepropertysciences.com	dead	000
Total Appraisal LLC	totalappraisals.com	HIT_strong	200
OC Appraisals	ocappraisal.com	dead	000
Total Appraisal LLC	totalappraisal.com	dead	000
Carey & Associates	careyandassociates.com	dead	000
MKC Appraisal, Inc.	mkcappraisals.com	dead	000
MKC Appraisal, Inc.	mkcappraisal.com	dead	000
JC Appraisal Inc	jcappraisals.com	HIT_strong	200
JC Appraisal Inc	jcappraisal.com	HIT_strong	200
C & C Appraisal	candcappraisal.com	dead	000
S U Appraisal Service Co.	suappraisalervice.com	dead	000
C & C Appraisal	candcappraisals.com	HIT_strong	200
S U Appraisal Service Co.	suappraisalservice.com	dead	000
S U Appraisal Service Co.	suappraisal.com	dead	000
Appraisal Max	appraisalmax.com	dead	000
Lucas Appraisal Services, Inc.	lucasappraisalservices.com	dead	000
Lucas Appraisal Services, Inc.	lucasappraisalervices.com	dead	000
Property Appraisal	propertyappraisals.com	parked	body
KCRE, Inc.	kcre.com	dead	403
Elie Choi	eliechoi.com	dead	000
Pacific City Appraisal, LLC	pacificcityappraisals.com	dead	000
Chouhan Services	chouhanservices.com	dead	000
A1 Los Angeles Home Appraisals	a1losangeleshomeappraisal.com	dead	000
Pacific City Appraisal, LLC	pacificcityappraisal.com	dead	000
La Jolla Appraisal Group	lajollaappraisalgroup.com	dead	000
Lucas Appraisal Services, Inc.	lucasappraisal.com	dead	000
La Jolla Appraisal Group	lajollaappraisalsgroup.com	dead	000
Arctic Appraisals	arcticappraisal.com	dead	000
Arctic Appraisals	arcticappraisals.com	HIT_strong	200
Bayside Appraisals	baysideappraisals.com	dead	000
Property Appraisal	propertyappraisal.com	dead	403
Holland Group Appraisals, LLC.	hollandgroupappraisals.com	dead	000
Holland Group Appraisals, LLC.	hollandgroupappraisal.com	dead	000
Wayne Christensen Appraisals	waynechristensenappraisals.com	dead	000
Wayne Christensen Appraisals	waynechristensenappraisal.com	dead	000
La Jolla Appraisal Group	lajollaappraisal.com	HIT_strong	200
Five Star Appraisals	fivestarappraisal.com	dead	000
Steven Christian	stevenchristian.com	empty	200
JZC Appraisal	jzcappraisals.com	dead	000
ASAP Appraisals	asapappraisals.com	dead	404
Accurate Value Appraisal	accuratevalueappraisals.com	dead	000
Charles Christiansen	charleschristiansen.com	parked	body
Five Star Appraisals	fivestarappraisals.com	dead	000
JZC Appraisal	jzcappraisal.com	dead	000
Accurate Value Appraisal	accuratevalueappraisal.com	dead	000
Gordon C. Appraisal Services, LLC	gordoncappraisalervices.com	dead	000
OC Appraisals	ocappraisals.com	dead	000
Gordon C. Appraisal Services, LLC	gordoncappraisalservices.com	dead	000
Gordon C. Appraisal Services, LLC	gordoncappraisal.com	dead	000
Cichy Appraisal	cichyappraisals.com	dead	000
Harry Chu	harrychu.com	HIT_weak	200
S.A.C. Appraisal Service	sacappraisalervice.com	dead	000
Cichy Appraisal	cichyappraisal.com	dead	000
KC Appraisal Corp.	kcappraisals.com	HIT_strong	200
S.A.C. Appraisal Service	sacappraisal.com	dead	000
Primetime Appraisals	primetimeappraisals.com	dead	000
S.A.C. Appraisal Service	sacappraisalservice.com	dead	000
DRC Appraising	drcappraising.com	HIT_strong	200
DC Valuation Services	dcvaluation.com	HIT_strong	200
DC Valuation Services Inc.	dcvaluation.com	HIT_strong	200
A.C. Valuation Services	acvaluation.com	dead	000
A.C. Valuation Services	acvaluationservices.com	dead	000
Peninsula Real Estate Services	peninsularealestateservices.com	dead	000
Circuit Valuations	circuitvaluations.com	dead	000
Ash Appraisals	ashappraisals.com	dead	000
MCV Associates	mcvassociates.com	dead	000
KC Appraisal Corp.	kcappraisal.com	dead	403
Christine Clark	christineclark.com	parked	body
Clark Appraisal Service	clarkappraisalservice.com	dead	000
Clark Appraisal Service	clarkappraisalervice.com	dead	000
Clark Appraisal Service	clarkappraisal.com	HIT_strong	200
Wright & Clark Appraisals	wrightandclarkappraisal.com	dead	000
Melody Clark	melodyclark.com	empty	200
Wright & Clark Appraisals	wrightandclarkappraisals.com	dead	000
Kim Ryder Appraisals	kimryderappraisals.com	dead	000
Kerry J Clarke	kerryjclarke.com	dead	000
Standard Appraisal Group	standardappraisal.com	dead	000
Kim Ryder Appraisals	kimryderappraisal.com	dead	000
Claxton Appraisal Service	claxtonappraisalservice.com	dead	000
Claxton Appraisal Service	claxtonappraisalervice.com	dead	000
Claxton Appraisal Service	claxtonappraisal.com	dead	000
S. Claxton Appraisal Service	sclaxtonappraisalervice.com	dead	000
S. Claxton Appraisal Service	sclaxtonappraisal.com	dead	000
HMC Group	hmcgroup.com	dead	000
Pro Appraisal Source	proappraisalource.com	dead	000
JAMES CLAYMORE	jamesclaymore.com	dead	000
Brian Clements Appraisals	brianclementsappraisals.com	dead	000
S. Claxton Appraisal Service	sclaxtonappraisalservice.com	dead	000
Brian Clements Appraisals	brianclementsappraisal.com	dead	000
Northern Caliofornia Home Values	northerncalioforniahomevalues.com	dead	000
Pro Appraisal Source	proappraisalsource.com	HIT_strong	200
Wesley E. Clesi	wesleyeclesi.com	dead	000
Valorem Appraisals DBA Joseph Clmmer	valoremappraisaldbajosephclmmer.com	dead	000
Valorem Appraisals DBA Joseph Clmmer	valoremappraisalsdbajosephclmmer.com	dead	000
InCline Group Appraisal Services	inclinegroupappraisalservices.com	dead	000
Digital Valuation Group	digitalvaluationgroup.com	dead	000
InCline Group Appraisal Services	inclinegroupappraisalervices.com	dead	000
Digital Valuation Group	digitalvaluation.com	HIT_strong	200
Nicole Clouse	nicoleclouse.com	dead	000
InCline Group Appraisal Services	inclinegroupappraisal.com	dead	000
MICHELLE CLYDE APPRAISALS	michelleclydeappraisal.com	dead	000
J. Michael Cocoris	jmichaelcocoris.com	dead	000
MICHELLE CLYDE APPRAISALS	michelleclydeappraisals.com	dead	000
Absolute Valuations	absolutevaluations.com	HIT_strong	200
Paul S Choi	paulschoi.com	HIT_weak	200
Atlas Appraisal	atlasappraisal.com	parked	body
Brian Cody	briancody.com	empty	200
Manuel Coelho Appraisals	manuelcoelhoappraisals.com	dead	000
DC Valuation Services Inc.	dcvaluationservices.com	dead	000
Manuel Coelho Appraisals	manuelcoelhoappraisal.com	dead	000
Sentry Real Estate Services	sentryrealestateservices.com	dead	000
Coffman Appraisal Services	coffmanappraisal.com	dead	000
Coffman Appraisal Services	coffmanappraisalervices.com	dead	000
Coffman Appraisal Services	coffmanappraisalservices.com	dead	000
Cohen Appraisal Services	cohenappraisal.com	dead	000
Coffman Appraisal	coffmanappraisal.com	dead	000
ASAP Appraisals	asapappraisal.com	dead	000
Sentry Real Estate Services	sentryrealestate.com	HIT_strong	200
Cohen Appraisal Services	cohenappraisalervices.com	dead	000
R. Cohen Appraisal	rcohenappraisal.com	dead	000
Coffman Appraisal	coffmanappraisals.com	dead	000
Cohen Appraisal Services	cohenappraisalservices.com	dead	000
R. Cohen Appraisal	rcohenappraisals.com	dead	000
Reliable Residential	reliableresidential.com	parked	body
Real Estate Data Appraisal	realestatedataappraisals.com	dead	000
Real Estate Data Appraisal	realestatedataappraisal.com	dead	000
The Property Studio	thepropertystudio.com	dead	000
Collard Appraisal Group, Inc	collardappraisal.com	dead	000
River City Appraisals	rivercityappraisals.com	HIT_strong	200
U.S. Bank	usbank.com	HIT_weak	200
Collard Appraisal Group, Inc	collardappraisalsgroup.com	dead	000
Collard Appraisal Group, Inc	collardappraisalgroup.com	dead	000
Collins Real Estate Appraisals	collinsrealestateappraisals.com	dead	000
Collins Appraisal Services	collinsappraisalservices.com	dead	000
Mike Collier Appaisals LLC	mikecollierappaisals.com	dead	000
Collins Appraisal Services	collinsappraisalervices.com	dead	000
Collins Real Estate Appraisals	collinsrealestateappraisal.com	dead	000
Collins Professional Appraisal	collinsprofessionalappraisals.com	dead	000
Collins Professional Appraisal	collinsprofessionalappraisal.com	dead	000
River City Appraisals	rivercityappraisal.com	HIT_strong	200
Cal Pacific Appraisal Company	calpacificappraisals.com	dead	000
Cal Pacific Appraisal Company	calpacificappraisal.com	parked	body
SC Appraisal Services	scappraisalervices.com	dead	000
SC Appraisal Services	scappraisalservices.com	dead	000
APPRAISAL SERVICES	appraisalervices.com	dead	000
APPRAISAL SERVICES	appraisalservices.com	HIT_strong	200
Colson Real Estate Services	colsonrealestateservices.com	dead	000
Colson Real Estate Services	colsonrealestate.com	HIT_weak	200
DC Valuation Services	dcvaluationservices.com	dead	000
C & C Services	candc.com	dead	000
David J. Comstock	davidjcomstock.com	dead	000
CF Conant Appraisals	cfconantappraisals.com	dead	000
CF Conant Appraisals	cfconantappraisal.com	dead	000
Ramon B. Concepcion	ramonbconcepcion.com	dead	000
Mike Conner Appraisal Service	mikeconnerappraisalservice.com	dead	000
C & C Services	candcservices.com	HIT_weak	200
Mike Conner Appraisal Service	mikeconnerappraisal.com	dead	000
Mike Conner Appraisal Service	mikeconnerappraisalervice.com	dead	000
Stanislaus Appraisers, Inc.	stanislausappraisers.com	dead	000
ROBERT J. CONNERS	robertjconners.com	dead	000
Laura Conte Appraisal	lauraconteappraisals.com	dead	000
Conway Appraisal Services Inc.	conwayappraisalervices.com	dead	000
Daly Appraisal Co	dalyappraisal.com	dead	000
Conway Appraisal Services Inc.	conwayappraisalservices.com	dead	000
Laura Conte Appraisal	lauraconteappraisal.com	dead	000
Coogan Appraisal Service	cooganappraisal.com	dead	000
Coogan Appraisal Service	cooganappraisalservice.com	dead	000
American Reporting Company	americanreporting.com	dead	000
Coogan Appraisal Service	cooganappraisalervice.com	dead	000
Conway Appraisal Services Inc.	conwayappraisal.com	HIT_strong	200
CMD Appraisals	cmdappraisal.com	dead	000
COONEY APPRAISAL SERVICES	cooneyappraisal.com	dead	000
CMD Appraisals	cmdappraisals.com	dead	000
All American Reality	allamericanreality.com	dead	000
COONEY APPRAISAL SERVICES	cooneyappraisalervices.com	dead	000
Steven R. Cooper Appraisal	stevenrcooperappraisals.com	dead	000
COONEY APPRAISAL SERVICES	cooneyappraisalservices.com	dead	000
Coopersmith & Associates	coopersmithand.com	dead	000
Steven R. Cooper Appraisal	stevenrcooperappraisal.com	dead	000
Coopersmith & Associates	coopersmithandassociates.com	dead	000
Mark S. Copeland	markscopeland.com	dead	000
Appraisal Masters Plus, Inc.	appraisalsmastersplus.com	dead	000
Appraisal Masters Plus, Inc.	appraisalmastersplus.com	dead	000
Beacon Traders, Inc.	beacontraders.com	dead	000
Appraisal Industries	appraisalsindustries.com	dead	000
Black Diamond Appraisals Inc.	blackdiamondappraisal.com	dead	000
JC Real Estate Appraisals	jcrealestateappraisals.com	dead	000
Marie A Cooper	marieacooper.com	nomatch	200
Black Diamond Appraisals Inc.	blackdiamondappraisals.com	HIT_strong	200
JC Real Estate Appraisals	jcrealestateappraisal.com	dead	000
Silverback Appraisal Services	silverbackappraisalservices.com	dead	000
Silverback Appraisal Services	silverbackappraisal.com	dead	000
Silverback Appraisal Services	silverbackappraisalervices.com	dead	000
Jason Cosetti dba Colfax Group	jasoncosettidbacolfaxgroup.com	dead	000
Jason Cosetti dba Colfax Group	jasoncosettidbacolfax.com	dead	000
JC Appraisal Service	jcappraisalervice.com	dead	000
JC Appraisal Service	jcappraisal.com	HIT_strong	200
Chouhan Services	chouhan.com	dead	000
JC Appraisal Service	jcappraisalservice.com	dead	000
Tudor M. Costea	tudormcostea.com	dead	000
Caliber Real Estate Valuation	caliberrealestatevaluation.com	dead	000
Ryan Couch Appraisals	ryancouchappraisals.com	dead	000
Umpqua Bank	umpquabank.com	dead	403
Coulter & Associates Appraisal Services	coulterandassociatesappraisalervices.com	dead	000
Ryan Couch Appraisals	ryancouchappraisal.com	dead	000
Coulter & Associates Appraisal Services	coulterandassociatesappraisalservices.com	dead	000
Coulter & Associates Appraisal Services	coulterandassociatesappraisal.com	dead	000
Brit Coupens Appraisal	britcoupensappraisal.com	dead	000
Brit Coupens Appraisal	britcoupensappraisals.com	dead	000
Courtney Appraisal Service	courtneyappraisalervice.com	dead	000
Courtney Appraisal Service	courtneyappraisalservice.com	dead	000
Johnston Property Valuation	johnstonpropertyvaluation.com	HIT_strong	200
Peter J. Coury & Associates	peterjcouryandassociates.com	dead	000
Covey Appraisal Services	coveyappraisalervices.com	dead	000
Peter J. Coury & Associates	peterjcouryand.com	dead	000
SEAN COVAIRT'S APPRAISALS	seancovairtsappraisal.com	dead	000
Covey Appraisal Services	coveyappraisalservices.com	dead	000
Warren Churchill	warrenchurchill.com	dead	000
Covey Appraisal Services	coveyappraisal.com	dead	000
SEAN COVAIRT'S APPRAISALS	seancovairtsappraisals.com	dead	000
Cragun Appraisal	cragunappraisal.com	dead	000
Spyglass Appraisal	spyglassappraisals.com	dead	000
Cragun Appraisal	cragunappraisals.com	dead	000
Cramer Appraisal Services	cramerappraisalservices.com	dead	000
Spyglass Appraisal	spyglassappraisal.com	dead	000
Rick Cramer, Real Estate Appraiser	rickcramerrealestateappraiser.com	dead	000
Cramer Appraisal Services	cramerappraisalervices.com	dead	000
Cramer Appraisal Services	cramerappraisal.com	dead	000
Courtney Appraisal Service	courtneyappraisal.com	HIT_strong	200
Crandall Appraisal Service	crandallappraisalervice.com	dead	000
Crandall Appraisal Service	crandallappraisal.com	HIT_strong	200
Vince Crandall Appraisal Service	vincecrandallappraisal.com	dead	000
Peninsula Real Estate Services	peninsularealestate.com	dead	000
Crandall Appraisal Service	crandallappraisalservice.com	dead	000
Vince Crandall Appraisal Service	vincecrandallappraisalervice.com	dead	000
Cravens Appraisal Services	cravensappraisalervices.com	dead	000
Vince Crandall Appraisal Service	vincecrandallappraisalservice.com	dead	000
Cravens Appraisal Services	cravensappraisal.com	dead	000
Cravens Appraisal Services	cravensappraisalservices.com	dead	000
Crawford Appraisals	crawfordappraisals.com	dead	000
Ash Appraisals	ashappraisal.com	dead	000
Crawford Appraisal Service	crawfordappraisalervice.com	dead	000
Steven Crellin	stevencrellin.com	dead	000
Crawford Appraisal Service	crawfordappraisalservice.com	HIT_strong	200
Cristofaro Appraisal	cristofaroappraisals.com	dead	000
Crema Properties	cremaproperties.com	HIT_strong	200
SoCal Real Estate Services	socalrealestateservices.com	HIT_strong	200
GC Appraisal Corporation	gcappraisal.com	dead	000
SoCal Real Estate Services	socalrealestate.com	parked	body
Cristofaro Appraisal	cristofaroappraisal.com	dead	000
Appraisal Industries	appraisalindustries.com	HIT_strong	200
GC Appraisal Corporation	gcappraisals.com	dead	000
Appraisal Unlimited DBA William P. Crosby	appraisalsunlimiteddbawilliampcrosby.com	dead	000
Appraisal Unlimited DBA William P. Crosby	appraisalunlimiteddbawilliampcrosby.com	dead	000
Kim-Maree Croft Appraisal	kimmareecroftappraisal.com	dead	000
Kim-Maree Croft Appraisal	kimmareecroftappraisals.com	dead	000
Appraisal Access	appraisalsaccess.com	dead	000
Appraisal Access	appraisalaccess.com	HIT_strong	200
Renner-Crow Appraisal Services	rennercrowappraisalervices.com	dead	000
Renner-Crow Appraisal Services	rennercrowappraisal.com	dead	000
Renner-Crow Appraisal Services	rennercrowappraisalservices.com	dead	000
Carmelita R. Cruz	carmelitarcruz.com	dead	000
Crowell & Associates	crowelland.com	dead	000
Justin J Crowder	justinjcrowder.com	dead	000
Crowell & Associates	crowellandassociates.com	dead	000
South Bay Appraisal Group	southbayappraisalsgroup.com	dead	000
South Bay Appraisal Group	southbayappraisal.com	dead	000
A.C. Appraisals	acappraisals.com	dead	000
South Bay Appraisal Group	southbayappraisalgroup.com	HIT_strong	200
Appraisals hub	appraisalhub.com	HIT_strong	200
Appraisals hub	appraisalshub.com	HIT_strong	202
JB Cubas Appraisal Services	jbcubasappraisalservices.com	dead	000
Francisco Javier Cuan	franciscojaviercuan.com	dead	000
JB Cubas Appraisal Services	jbcubasappraisalervices.com	dead	000
J.P. Cubas Appraisals	jpcubasappraisals.com	dead	000
JB Cubas Appraisal Services	jbcubasappraisal.com	dead	000
J.P. Cubas Appraisals	jpcubasappraisal.com	HIT_strong	200
Cubbage Appraisal Services	cubbageappraisal.com	dead	000
Cubbage Appraisal Services	cubbageappraisalervices.com	dead	000
DAVID S. CUCHIARA APPRAISAL SE	davidscuchiaraappraisale.com	dead	000
DAVID S. CUCHIARA APPRAISAL SE	davidscuchiaraappraisalse.com	dead	000
Cubbage Appraisal Services	cubbageappraisalservices.com	dead	000
Bonita Cuellar	bonitacuellar.com	dead	000
Atlas Appraisal	atlasappraisals.com	dead	000
MVC Appraisals	mvcappraisal.com	dead	000
Keven W. Cull & Associates	kevenwcullandassociates.com	dead	000
Keven W. Cull & Associates	kevenwculland.com	dead	000
Cummins Real Estate Services	cumminsrealestateservices.com	dead	000
Cummins Real Estate Services	cumminsrealestate.com	dead	000
Cuneo & Associates	cuneoand.com	dead	000
Cuneo & Associates	cuneoandassociates.com	dead	000
MVC Appraisals	mvcappraisals.com	dead	403
Donald Cunningham Appraisals	donaldcunninghamappraisal.com	dead	000
Donald Cunningham Appraisals	donaldcunninghamappraisals.com	dead	000
Jeff Cunningham Appraisals	jeffcunninghamappraisal.com	dead	000
Jeff Cunningham Appraisals	jeffcunninghamappraisals.com	dead	000
Rick Cunningham Appraisal Service	rickcunninghamappraisalservice.com	dead	000
Rick Cunningham Appraisal Service	rickcunninghamappraisalervice.com	dead	000
Evalonix LLC	evalonix.com	dead	000
Rick Cunningham Appraisal Service	rickcunninghamappraisal.com	dead	000
North Bay Appraisers	northbayappraisers.com	HIT_strong	200
C2 Appraisal Services, LLC	c2appraisalservices.com	dead	000
BBG Inc	bbg.com	dead	000
C2 Appraisal Services, LLC	c2appraisalervices.com	dead	000
3-Day Express Appraisals	3dayexpressappraisal.com	dead	000
C2 Appraisal Services, LLC	c2appraisal.com	dead	000
Statewide Appraisers	statewideappraisers.com	HIT_strong	200
Crina Curtean	crinacurtean.com	dead	000
Mint Appraisals	mintappraisal.com	dead	000
Curtis Appraisal Services	curtisappraisalservices.com	dead	000
3-Day Express Appraisals	3dayexpressappraisals.com	dead	000
Curtis Appraisal Services	curtisappraisalervices.com	dead	000
Mint Appraisals	mintappraisals.com	dead	000
Diamond Star Appraisals	diamondstarappraisal.com	dead	000
Broker West Appraisal	brokerwestappraisal.com	dead	000
Diamond Star Appraisals	diamondstarappraisals.com	dead	000
Curtis Appraisal Services	curtisappraisal.com	HIT_strong	200
Broker West Appraisal	brokerwestappraisals.com	dead	000
Silver Lane Appraisals	silverlaneappraisal.com	dead	000
Michael D'Amico	michaeldamico.com	dead	000
Collins Appraisal Services	collinsappraisal.com	dead	000
Silver Lane Appraisals	silverlaneappraisals.com	dead	000
Metro Real Estate Services	metrorealestateservices.com	parked	body
Dadam Appraisal Company	dadamappraisal.com	dead	000
Reliant Appraisals	reliantappraisals.com	HIT_strong	200
Metro Real Estate Services	metrorealestate.com	empty	200
The Appraisal Connection	theappraisalsconnection.com	dead	000
Appraisal Resources	appraisalsresources.com	dead	000
Dadam Appraisal Company	dadamappraisals.com	dead	000
Dean E. Dalke Appraisals	deanedalkeappraisal.com	dead	000
SC Appraisal Services	scappraisal.com	dead	000
Reliant Appraisals	reliantappraisal.com	HIT_strong	200
Dean E. Dalke Appraisals	deanedalkeappraisals.com	dead	000
Roula Dalloul	rouladalloul.com	dead	000
Appraisal Systems	appraisalystems.com	dead	000
Crawford Appraisals	crawfordappraisal.com	dead	000
Crawford Appraisal Service	crawfordappraisal.com	dead	000
Top Notch Appraiser	topnotchappraiser.com	HIT_strong	200
Castle Appraisals	castleappraisals.com	dead	000
The Appraisal Connection	theappraisalconnection.com	HIT_strong	200
Approval Appraisal	approvalappraisals.com	dead	000
APPRAISAL SERVICES	appraisal.com	dead	000
Century Appraisal Services	centuryappraisalervices.com	dead	000
The Daniel Team dba The Appraisal Store	thedanielteamdbatheappraisalstore.com	dead	000
Approval Appraisal	approvalappraisal.com	dead	000
Century Appraisal Services	centuryappraisalservices.com	dead	000
The Daniel Team dba The Appraisal Store	thedanielteamdbatheappraisaltore.com	dead	000
Chris Daniel and Associates	chrisdanielandassociates.com	dead	000
Chris Daniel and Associates	chrisdanieland.com	dead	000
Ramona M. Daniels Appraisal Service	ramonamdanielsappraisalervice.com	dead	000
Ramona M. Daniels Appraisal Service	ramonamdanielsappraisalservice.com	dead	000
Danklefs Appraisal Associates	danklefsappraisalassociates.com	dead	000
Ramona M. Daniels Appraisal Service	ramonamdanielsappraisal.com	dead	000
Danklefs Appraisal Associates	danklefsappraisalsassociates.com	dead	000
Danklefs Appraisal Associates	danklefsappraisal.com	dead	000
Loorz Appraisal Service	loorzappraisalservice.com	dead	000
Loorz Appraisal Service	loorzappraisalervice.com	dead	000
Loorz Appraisal Service	loorzappraisal.com	dead	000
T&T Appraisal Services	tandtappraisalervices.com	dead	000
T&T Appraisal Services	tandtappraisal.com	dead	000
John M Dargo Jr	johnmdargojr.com	dead	000
T&T Appraisal Services	tandtappraisalservices.com	dead	000
Darlington Appraisals	darlingtonappraisal.com	dead	000
Lifequest Appraisal	lifequestappraisals.com	dead	000
All City Appraisal	allcityappraisals.com	dead	000
Davenport and Associates	davenportandassociates.com	dead	000
Davenport Appraisers	davenportappraisers.com	dead	000
Lifequest Appraisal	lifequestappraisal.com	dead	000
Davenport and Associates	davenportand.com	dead	000
David's Appraisal Service	davidsappraisalervice.com	dead	000
David's Appraisal Service	davidsappraisalservice.com	dead	000
Castle Appraisals	castleappraisal.com	HIT_strong	200
S David + Co Residential Appraisals	sdavidresidentialappraisals.com	dead	000
David's Appraisal Service	davidsappraisal.com	dead	000
S David + Co Residential Appraisals	sdavidresidentialappraisal.com	dead	000
Bentley Group Appraisal Services	bentleygroupappraisalervices.com	dead	000
Caroline S. Davila	carolinesdavila.com	dead	000
Bentley Group Appraisal Services	bentleygroupappraisalservices.com	dead	000
Bentley Group Appraisal Services	bentleygroupappraisal.com	dead	000
Todd Crow	toddcrow.com	dead	000
Intermountain Appraisal Service	intermountainappraisal.com	HIT_strong	200
Intermountain Appraisal Service	intermountainappraisalervice.com	dead	000
Intermountain Appraisal Service	intermountainappraisalservice.com	dead	000
MORGAN STANLEY	morganstanley.com	parked	body
Sunset Appraisals	sunsetappraisal.com	HIT_strong	200
Solid Impressions	solidimpressions.com	dead	000
Greg Davis Appraisal Services	gregdavisappraisal.com	dead	000
Davis Appraisal	davisappraisal.com	HIT_strong	200
Greg Davis Appraisal Services	gregdavisappraisalervices.com	dead	000
Greg Davis Appraisal Services	gregdavisappraisalservices.com	dead	000
Spyglass Appraisal, LLC	spyglassappraisals.com	dead	000
Scott E Davis Real Estate Appraiser	scottedavisrealestateappraiser.com	dead	000
Steve Davis Appraisals	stevedavisappraisal.com	dead	000
Spyglass Appraisal, LLC	spyglassappraisal.com	dead	000
Topher, Inc.	topher.com	dead	000
Davis Properties, Inc.	davisproperties.com	empty	200
Jeff Day Appraisal Services	jeffdayappraisal.com	dead	000
Day Appraisal Services	dayappraisalervices.com	dead	000
Jeff Day Appraisal Services	jeffdayappraisalervices.com	dead	000
Steve Davis Appraisals	stevedavisappraisals.com	HIT_strong	200
Day Appraisal Services	dayappraisal.com	HIT_strong	200
Day Appraisal Services	dayappraisalservices.com	dead	000
Jeff Day Appraisal Services	jeffdayappraisalservices.com	dead	000
Anderson Appraisal Services, Inc.	andersonappraisalervices.com	dead	000
3-D Appraisal	3dappraisals.com	dead	000
Anderson Appraisals	andersonappraisals.com	dead	000
Anderson Appraisal Services, Inc.	andersonappraisalservices.com	dead	000
DGuzman Appraisal Services	dguzmanappraisalervices.com	dead	000
DGuzman Appraisal Services	dguzmanappraisalservices.com	dead	000
D. L. S. Appraisals	dlsappraisal.com	dead	000
DGuzman Appraisal Services	dguzmanappraisal.com	dead	000
Anderson Appraisals	andersonappraisal.com	HIT_strong	200
Anderson Appraisal Services, Inc.	andersonappraisal.com	HIT_strong	200
Marston Residential Appraisal Group	marstonresidentialappraisal.com	dead	000
Marston Residential Appraisal Group	marstonresidentialappraisalgroup.com	dead	000
Marston Residential Appraisal Group	marstonresidentialappraisalsgroup.com	dead	000
JD Appraisals	jdappraisals.com	HIT_strong	200
Value Appraisal	valueappraisals.com	dead	000
Ryan Dean Appraisals	ryandeanappraisal.com	dead	000
Ryan Dean Appraisals	ryandeanappraisals.com	HIT_strong	200
Pacific Coastal Residential Appraisals, Inc.	pacificcoastalresidentialappraisal.com	dead	000
Pacific Coastal Residential Appraisals, Inc.	pacificcoastalresidentialappraisals.com	dead	000
Value Appraisal	valueappraisal.com	dead	000
D. L. S. Appraisals	dlsappraisals.com	dead	000
Appraisal Resources	appraisalresources.com	parked	body
Dees Appraisals	deesappraisals.com	dead	000
Dees Appraisals	deesappraisal.com	dead	000
San Diego County Appraisal Group	sandiegocountyappraisalsgroup.com	dead	000
Prestige Appraisals	prestigeappraisal.com	HIT_strong	200
Century Appraisal Services	centuryappraisal.com	dead	000
San Diego County Appraisal Group	sandiegocountyappraisalgroup.com	dead	000
Fannie Mae	fanniemae.com	dead	403
TDF Appraisal	tdfappraisals.com	HIT_strong	200
Darlington Appraisals	darlingtonappraisals.com	dead	000
Major Appraisals, Inc.	majorappraisal.com	dead	000
All City Appraisal	allcityappraisal.com	dead	000
Major Appraisals, Inc.	majorappraisals.com	HIT_strong	200
Appraisal Advantage	appraisalsadvantage.com	dead	000
TDF Appraisal	tdfappraisal.com	HIT_strong	200
Professional Real Estate Service	professionalrealestate.com	empty	200
Appraisal Advantage	appraisaladvantage.com	HIT_strong	200
Elite Property Appraisals	elitepropertyappraisal.com	HIT_strong	200
San Diego County Appraisal Group	sandiegocountyappraisal.com	HIT_strong	200
Elite Property Appraisals	elitepropertyappraisals.com	dead	000
Ed DeLaCruz	eddelacruz.com	HIT_weak	200
Jess Delaney R E Appraisals	jessdelaneyreappraisal.com	dead	000
Jess Delaney R E Appraisals	jessdelaneyreappraisals.com	dead	000
Evergreen Appraisal Service	evergreenappraisalervice.com	dead	000
Christine B. Delfin	christinebdelfin.com	dead	000
Evergreen Appraisal Service	evergreenappraisal.com	HIT_strong	200
Evergreen Appraisal Service	evergreenappraisalservice.com	HIT_strong	200
John Dellos	johndellos.com	dead	000
Delman Appraisals	delmanappraisal.com	dead	000
A.C. Appraisals	acappraisal.com	dead	000
I & G Real Estate Group	iandgrealestategroup.com	dead	000
Delman Appraisals	delmanappraisals.com	dead	000
Davis Appraisal	davisappraisals.com	parked	body
I & G Real Estate Group	iandgrealestate.com	dead	000
DeLuca Real Estate Services	delucarealestateservices.com	dead	000
DeMars Appraisal	demarsappraisals.com	dead	000
DeLuca Real Estate Services	delucarealestate.com	HIT_weak	200
Carl DeMizio	carldemizio.com	dead	000
Ross Demerjian	rossdemerjian.com	dead	000
Stewart Valuation Intelligence	stewartvaluationintelligence.com	dead	000
Lincoln Appraisal & Settlement Services, LLC	lincolnappraisalsandsettlementservices.com	dead	000
DeMars Appraisal	demarsappraisal.com	dead	000
Lincoln Appraisal & Settlement Services, LLC	lincolnappraisalandsettlement.com	dead	000
Lincoln Appraisal & Settlement Services, LLC	lincolnappraisalandsettlementservices.com	dead	000
Quick Turn Appraisals	quickturnappraisal.com	dead	000
Denton Appraisal	dentonappraisals.com	dead	000
Quick Turn Appraisals	quickturnappraisals.com	HIT_strong	200
Core Valuation Management, Inc.	corevaluationmanagement.com	dead	000
3-D Appraisal	3dappraisal.com	dead	000
Tiffany Catipon	tiffanycatipon.com	dead	000
Denton Appraisal	dentonappraisal.com	dead	000
Home Star Realty and Appraisal	homestarrealtyandappraisal.com	dead	000
High Country Appraisals	highcountryappraisals.com	dead	000
High Country Appraisals	highcountryappraisal.com	dead	000
Home Star Realty and Appraisal	homestarrealtyandappraisals.com	dead	000
All Ways Appraisal	allwaysappraisal.com	dead	000
Professional Real Estate Service	professionalrealestateservice.com	dead	402
Dern Appraisals	dernappraisal.com	dead	000
All Ways Appraisal	allwaysappraisals.com	dead	000
Dern Appraisals	dernappraisals.com	dead	000
V.I.P. Appraisals	vipappraisals.com	dead	000
MD Appraisal Solutions	mdappraisalolutions.com	dead	000
Glenbrook Advisors, Inc,	glenbrookadvisors.com	dead	000
Sunset Real Estate Appraisal	sunsetrealestateappraisals.com	dead	000
Capita Mortgage Credit	capitamortgagecredit.com	dead	000
Anita DeSimone	anitadesimone.com	dead	000
MD Appraisal Solutions	mdappraisalsolutions.com	dead	000
Devlin Appraisal & Realty	devlinappraisalsandrealty.com	dead	000
Sunset Real Estate Appraisal	sunsetrealestateappraisal.com	dead	000
Devlin Appraisal & Realty	devlinappraisalandrealty.com	dead	000
All West Appraisal Service	allwestappraisalervice.com	dead	000
All West Appraisal Service	allwestappraisal.com	dead	000
All West Appraisal Service	allwestappraisalservice.com	dead	000
DeZarn & Associates	dezarnand.com	dead	000
DeZarn & Associates	dezarnandassociates.com	dead	000
Coastal Realty & Appraisal Services	coastalrealtyandappraisalervices.com	dead	000
Coastal Realty & Appraisal Services	coastalrealtyandappraisalservices.com	dead	000
Bin Dai	bindai.com	dead	000
Clifford Diamond and Associates	clifforddiamondandassociates.com	dead	000
Coastal Realty & Appraisal Services	coastalrealtyandappraisal.com	dead	000
Clifford Diamond and Associates	clifforddiamondand.com	dead	000
Jimmy M. Diaz	jimmymdiaz.com	dead	000
Minh Dich Appriasal Services	minhdichappriasal.com	dead	000
Minh Dich Appriasal Services	minhdichappriasalservices.com	dead	000
ME Building & Management Service	mebuildingandmanagementservice.com	dead	000
ME Building & Management Service	mebuildingandmanagement.com	dead	000
Smart Valuations, LLC	smartvaluations.com	HIT_strong	200
Anne M. Dickinson Appraisals	annemdickinsonappraisals.com	dead	000
Anne M. Dickinson Appraisals	annemdickinsonappraisal.com	dead	000
Dickstein Appraisal	dicksteinappraisal.com	dead	000
Appraisal Systems	appraisalsystems.com	dead	000
Dickstein Appraisal	dicksteinappraisals.com	dead	000
ARGO	argo.com	HIT_weak	200
Oaktree Appraisal, Inc	oaktreeappraisal.com	dead	000
Real Estate Appraisal Professionals	realestateappraisalprofessionals.com	dead	000
Oaktree Appraisal, Inc	oaktreeappraisals.com	dead	000
Accurate Appraisal and Review	accurateappraisalsandreview.com	dead	000
Appraisal Alliance of Merced	appraisalsallianceofmerced.com	dead	000
Appraisal Alliance of Merced	appraisalallianceofmerced.com	dead	000
John Dietz Appraisal Services	johndietzappraisalservices.com	dead	000
Real Estate Appraisal Professionals	realestateappraisalsprofessionals.com	dead	000
John Dietz Appraisal Services	johndietzappraisal.com	dead	000
Accurate Appraisal and Review	accurateappraisalandreview.com	dead	000
DAR International bda Difilippo and Associates	darinternationalbdadifilippoand.com	dead	000
JSD & Associates	jsdandassociates.com	dead	000
John Dietz Appraisal Services	johndietzappraisalervices.com	dead	000
JSD & Associates	jsdand.com	dead	000
Appraisal Works, Inc.	appraisalsworks.com	dead	000
Marion S. Dilbeck	marionsdilbeck.com	dead	000
East Bay Appraisal Services, Inc.	eastbayappraisalervices.com	dead	000
Appraisal West	appraisalwest.com	dead	000
JFD Enterprises, Inc.	jfdenterprises.com	empty	200
Dilworth Appraisals	dilworthappraisal.com	dead	000
East Bay Appraisal Services, Inc.	eastbayappraisalservices.com	dead	000
River Glen Appraisal	riverglenappraisal.com	dead	000
Diablo Valley Appraisal Services	diablovalleyappraisalervices.com	dead	000
Diablo Valley Appraisal Services	diablovalleyappraisalservices.com	dead	000
East Bay Appraisal Services, Inc.	eastbayappraisal.com	HIT_strong	200
River Glen Appraisal	riverglenappraisals.com	dead	000
Jet Appraisal Group	jetappraisalgroup.com	dead	000
Jet Appraisal Group	jetappraisalsgroup.com	dead	000
Sunset Appraisals	sunsetappraisals.com	dead	000
CU Appraisal Co.	cuappraisal.com	dead	000
CU Appraisal Co.	cuappraisals.com	dead	000
Yellow House Services	yellowhouse.com	parked	body
PXD Appraisal LLC	pxdappraisals.com	dead	000
Prime Pacific Group	primepacific.com	empty	200
Gary Dizon	garydizon.com	dead	000
PXD Appraisal LLC	pxdappraisal.com	dead	000
Prime Pacific Group	primepacificgroup.com	empty	200
Appraisals On Time, Inc.	appraisalontime.com	dead	000
Dodge & Associates	dodgeand.com	dead	000
Appraisals On Time, Inc.	appraisalsontime.com	HIT_strong	200
SoCal Appraisals, Inc.	socalappraisals.com	HIT_strong	200
SoCal Appraisals, Inc.	socalappraisal.com	HIT_strong	200
Michael Doll Appraisals	michaeldollappraisal.com	dead	000
Michael Doll Appraisals	michaeldollappraisals.com	dead	000
Dodge & Associates	dodgeandassociates.com	empty	200
Dollars Express Appraisal	dollarsexpressappraisals.com	dead	000
Dollars Express Appraisal	dollarsexpressappraisal.com	dead	000
Donahue Property Appraisal	donahuepropertyappraisal.com	dead	000
Donahue Property Appraisal	donahuepropertyappraisals.com	dead	000
Silicon Valley Appraisal	siliconvalleyappraisals.com	dead	000
ValuationNEXUS, LLC	valuationnexus.com	HIT_strong	200
Yellow House Services	yellowhouseservices.com	HIT_strong	200
Silicon Valley Appraisal	siliconvalleyappraisal.com	dead	000
Linda Donerkiel	lindadonerkiel.com	dead	000
DonVito Appraisal	donvitoappraisal.com	dead	000
Elsie Mae Doolittle Appraisal Service	elsiemaedoolittleappraisal.com	dead	000
DonVito Appraisal	donvitoappraisals.com	dead	000
Elsie Mae Doolittle Appraisal Service	elsiemaedoolittleappraisalservice.com	dead	000
Elsie Mae Doolittle Appraisal Service	elsiemaedoolittleappraisalervice.com	dead	000
Ascot Appraisals	ascotappraisal.com	dead	000
Dorsett Appraisal	dorsettappraisals.com	dead	000
Absolute Appraisals LLC	absoluteappraisal.com	HIT_strong	200
Dorsett Appraisal	dorsettappraisal.com	dead	000
Appraisal Works, Inc.	appraisalworks.com	HIT_strong	200
Erik A. Dorwart	erikadorwart.com	dead	000
Doti Residential Appraisal	dotiresidentialappraisals.com	dead	000
Doti Residential Appraisal	dotiresidentialappraisal.com	dead	000
KAD Appraisals	kadappraisals.com	dead	000
KAD Appraisals	kadappraisal.com	dead	000
KDAPPRAISAL	kdappraisal.com	dead	404
Ginger Douglass Real Estate Services, Inc.	gingerdouglassrealestate.com	dead	000
JD Appraisals	jdappraisal.com	dead	000
Prestige Appraisals	prestigeappraisals.com	dead	000
Dowd Associates Appraisal Service	dowdassociatesappraisalervice.com	dead	000
Dowd Associates Appraisal Service	dowdassociatesappraisalservice.com	dead	000
Ginger Douglass Real Estate Services, Inc.	gingerdouglassrealestateservices.com	dead	000
Dowd Associates Appraisal Service	dowdassociatesappraisal.com	dead	000
Downie Valuation Services, Inc.	downievaluation.com	dead	000
Doyle Appraisal	doyleappraisal.com	dead	000
RSDS Valuation Services	rsdsvaluationservices.com	dead	000
RSDS Valuation Services	rsdsvaluation.com	dead	000
Ascot Appraisals	ascotappraisals.com	HIT_strong	200
Doyle Appraisal	doyleappraisals.com	dead	000
Tom Dragich	tomdragich.com	dead	000
Dresser Appraisals	dresserappraisal.com	dead	000
Drake Appraisals	drakeappraisal.com	dead	000
Drake Appraisals	drakeappraisals.com	HIT_strong	200
ACME Appraisal Associates	acmeappraisalsassociates.com	dead	000
ACME Appraisal Associates	acmeappraisalassociates.com	dead	000
John A. Droege IV	johnadroegeiv.com	dead	000
Dresser Appraisals	dresserappraisals.com	HIT_strong	200
Druian and Associates, Inc.	druianandassociates.com	dead	000
Druian and Associates, Inc.	druianand.com	dead	000
SPEEDY APPRAISAL SERVICE	speedyappraisalervice.com	dead	000
SPEEDY APPRAISAL SERVICE	speedyappraisalservice.com	dead	000
Robert Dreyer	robertdreyer.com	dead	403
Pacific Real Estate Appraisals	pacificrealestateappraisals.com	dead	000
Dublino Appraisal	dublinoappraisal.com	dead	000
Value 4 Home	value4home.com	dead	000
Pacific Real Estate Appraisals	pacificrealestateappraisal.com	dead	000
Tradewind Appraisal, Inc.	tradewindappraisal.com	dead	000
Dublino Appraisal	dublinoappraisals.com	dead	000
Tradewind Appraisal, Inc.	tradewindappraisals.com	dead	000
Paul T. Dudley Real Estate Appraisals	paultdudleyrealestateappraisals.com	dead	000
Paul T. Dudley Real Estate Appraisals	paultdudleyrealestateappraisal.com	dead	000
Diablo Valley Appraisal Services	diablovalleyappraisal.com	HIT_strong	200
JSD Appraisals	jsdappraisal.com	dead	000
Stephanie L. Duffy, Appraisal Services	stephanielduffyappraisal.com	dead	000
JSD Appraisals	jsdappraisals.com	HIT_strong	200
Stephanie L. Duffy, Appraisal Services	stephanielduffyappraisalervices.com	dead	000
Stephanie L. Duffy, Appraisal Services	stephanielduffyappraisalservices.com	dead	000
Ventura County Appraisal	venturacountyappraisal.com	dead	000
Wells Fargo Bank	wellsfargobank.com	dead	000
Express Appraisals	expressappraisals.com	parked	body
Ventura County Appraisal	venturacountyappraisals.com	dead	000
Duncan Appraisal Services, Inc.	duncanappraisalervices.com	dead	000
Duncan Appraisal Services, Inc.	duncanappraisalservices.com	dead	000
Express Appraisals	expressappraisal.com	HIT_strong	200
Duncan Appraisal Services, Inc.	duncanappraisal.com	HIT_strong	200
Kathlyn Duncan	kathlynduncan.com	dead	000
Christian Dunn Appraisals	christiandunnappraisal.com	dead	000
Christian Dunn Appraisals	christiandunnappraisals.com	dead	000
Dunn Appraisal Services	dunnappraisalservices.com	parked	body
Gartin Home Appraisals, LLC	gartinhomeappraisals.com	dead	000
Gartin Home Appraisals, LLC	gartinhomeappraisal.com	dead	000
Dunn Appraisal Services	dunnappraisalervices.com	dead	000
A Touch of Sunshine	atouchofsunshine.com	HIT_weak	200
Dunn Appraisal Services	dunnappraisal.com	dead	000
Town N Country Real Estate Services	townncountryrealestate.com	dead	000
KCR Appraisals	kcrappraisals.com	dead	000
Town N Country Real Estate Services	townncountryrealestateservices.com	dead	000
Marquis Appraisal LLC	marquisappraisals.com	dead	000
KCR Appraisals	kcrappraisal.com	dead	000
Marquis Appraisal LLC	marquisappraisal.com	dead	000
Pacific Appraisals	pacificappraisal.com	parked	body
Denton Valuation	dentonvaluation.com	dead	000
Appraisal Associates-CenCal, Inc.	appraisalassociatescencal.com	dead	000
Appraisal Associates-CenCal, Inc.	appraisalsassociatescencal.com	dead	000
Richard Duong & Associates	richardduongandassociates.com	dead	000
Richard Duong & Associates	richardduongand.com	dead	000
Bay Area Appraisal Group	bayareaappraisalgroup.com	dead	000
Bay Area Appraisal Group	bayareaappraisalsgroup.com	dead	000
Dena Duran	denaduran.com	dead	000
Bay Area Appraisal Group	bayareaappraisal.com	dead	000
John Durbin	johndurbin.com	dead	000
Steven E. Durbano Re-Appraiser	stevenedurbanoreappraiser.com	dead	000
V.I.P. Appraisals	vipappraisal.com	dead	000
JLD Evaluation, Inc. dba  Dutra Appraisal Service	jldevaluationdbadutraappraisalervice.com	dead	000
JLD Evaluation, Inc. dba  Dutra Appraisal Service	jldevaluationdbadutraappraisalservice.com	dead	000
Lime One Capital	limeonecapital.com	dead	000
JLD Evaluation, Inc. dba  Dutra Appraisal Service	jldevaluationdbadutraappraisal.com	dead	000
Cynthia Dwyer Appraisal Service	cynthiadwyerappraisalservice.com	dead	000
Cynthia Dwyer Appraisal Service	cynthiadwyerappraisal.com	dead	000
Cynthia Dwyer Appraisal Service	cynthiadwyerappraisalervice.com	dead	000
Pacific Appraisals	pacificappraisals.com	dead	000
Eaton Appraisals	eatonappraisal.com	dead	000
Ebert Appraisal Service, Inc.	ebertappraisalervice.com	dead	000
Eaton Appraisals	eatonappraisals.com	dead	000
Major Appraisals	majorappraisal.com	dead	000
Major Appraisals	majorappraisals.com	HIT_strong	200
Ebert Appraisal Service, Inc.	ebertappraisalservice.com	dead	000
Accelerated Appraisal Services	acceleratedappraisalervices.com	dead	000
Accelerated Appraisal Services	acceleratedappraisal.com	HIT_strong	200
Dan Duong	danduong.com	dead	404
Leonida Edles	leonidaedles.com	dead	000
Dilworth Appraisals	dilworthappraisals.com	dead	000
High Desert Appraisal Services	highdesertappraisal.com	dead	000
High Desert Appraisal Services	highdesertappraisalervices.com	dead	000
High Desert Appraisal Services	highdesertappraisalservices.com	dead	000
Edwards Appraisal Services	edwardsappraisalervices.com	dead	000
Edwards Appraisal Services	edwardsappraisalservices.com	dead	000
Edwards Appraisal Services	edwardsappraisal.com	dead	000
Appraisal West	appraisalswest.com	dead	000
WestCo Appraisals	westcoappraisal.com	dead	000
Accurate Appraisal LLC	accurateappraisals.com	HIT_strong	200
WestCo Appraisals	westcoappraisals.com	HIT_strong	200
Sheri Efseaff	sheriefseaff.com	dead	000
EFK Appraisal Services	efkappraisalervices.com	dead	000
EFK Appraisal Services	efkappraisalservices.com	dead	000
Reliable Appraisal	reliableappraisal.com	HIT_strong	200
Reliable Appraisal	reliableappraisals.com	HIT_strong	200
Jet Appraisal Group	jetappraisal.com	dead	000
EFK Appraisal Services	efkappraisal.com	HIT_strong	200
Greater Bay Appraisals	greaterbayappraisals.com	HIT_strong	200
Ekstrom Real Estate Services Inc	ekstromrealestateservices.com	dead	000
E2 Group, Inc.	e2group.com	dead	000
Greater Bay Appraisals	greaterbayappraisal.com	HIT_strong	200
Ebert Appraisal Service, Inc.	ebertappraisal.com	dead	000
Marston Appraisal Group	marstonappraisalsgroup.com	dead	000
James E Willard & Associates	jamesewillardand.com	dead	000
Marston Appraisal Group	marstonappraisalgroup.com	dead	000
KDAPPRAISAL	kdappraisals.com	dead	000
Ekstrom Real Estate Services Inc	ekstromrealestate.com	parked	body
Appraisal Plus	appraisalsplus.com	HIT_strong	200
James E Willard & Associates	jamesewillardandassociates.com	dead	000
Elmerick Appraisal Service	elmerickappraisalservice.com	dead	000
Elmerick Appraisal Service	elmerickappraisalervice.com	dead	000
The Appraisal Depot	theappraisalsdepot.com	dead	000
O'reilly Brothers Appraisal Group	oreillybrothersappraisalgroup.com	dead	000
O'reilly Brothers Appraisal Group	oreillybrothersappraisalsgroup.com	dead	000
Elmerick Appraisal Service	elmerickappraisal.com	dead	000
O'reilly Brothers Appraisal Group	oreillybrothersappraisal.com	dead	000
Independent Real Estate Research, Inc.	independentrealestateresearch.com	dead	000
Independent Real Estate Research	independentrealestateresearch.com	dead	000
Lightning Appraisal Group	lightningappraisalsgroup.com	dead	000
Lightning Appraisal Group	lightningappraisalgroup.com	dead	000
DLE Appraisal Service Inc.	dleappraisal.com	dead	000
DLE Appraisal Service Inc.	dleappraisalervice.com	dead	000
Lightning Appraisal Group	lightningappraisal.com	dead	000
Summit Funding	summitfunding.com	HIT_strong	200
Deborah L. Eppelheimer	deborahleppelheimer.com	dead	000
DLE Appraisal Service Inc.	dleappraisalservice.com	dead	000
Newhall Apprasial Service	newhallapprasialservice.com	dead	000
Susan M. Erickson Appraisals	susanmericksonappraisal.com	dead	000
Newhall Apprasial Service	newhallapprasial.com	dead	000
Susan M. Erickson Appraisals	susanmericksonappraisals.com	dead	000
Escareno Appraisals	escarenoappraisal.com	dead	000
Eshelman Appraisals, Inc.	eshelmanappraisal.com	dead	000
Appraisal Plus	appraisalplus.com	dead	000
Escareno Appraisals	escarenoappraisals.com	dead	000
Board of Equalization	boardofequalization.com	empty	200
Absolute Appraisals LLC	absoluteappraisals.com	dead	000
N. Compass Appraisals	ncompassappraisal.com	dead	000
Eshelman Appraisals, Inc.	eshelmanappraisals.com	HIT_strong	200
Esquerra's Appraisal Services	esquerrasappraisalervices.com	dead	000
N. Compass Appraisals	ncompassappraisals.com	dead	000
Esquerra's Appraisal Services	esquerrasappraisalservices.com	dead	000
Esquerra's Appraisal Services	esquerrasappraisal.com	dead	000
Richard Estrella & Associates	richardestrellaandassociates.com	dead	000
Richard Estrella & Associates	richardestrellaand.com	dead	000
Value Solutions	valuesolutions.com	empty	200
Etnyre and Associates	etnyreandassociates.com	dead	000
San Diego Realty & Appraisal Inc.	sandiegorealtyandappraisal.com	dead	000
Jeffeum Inc.	jeffeum.com	dead	000
Etnyre and Associates	etnyreand.com	dead	000
Gretchen L. Etzold	gretchenletzold.com	dead	000
San Diego Realty & Appraisal Inc.	sandiegorealtyandappraisals.com	dead	000
James Evans & Associates	jamesevansand.com	dead	000
Catherine R Evanow	catherinerevanow.com	dead	000
C.L. Evans Appraising & Consulting	clevansappraisingandconsulting.com	dead	000
John j.P. Evans	johnjpevans.com	dead	000
James Evans & Associates	jamesevansandassociates.com	HIT_strong	200
Redhead Appraisal	redheadappraisal.com	HIT_strong	200
Redhead Appraisal	redheadappraisals.com	dead	000
Todd Ewert Appraisal	toddewertappraisals.com	dead	000
Ewertz Appraisals	ewertzappraisal.com	dead	000
Ewing Appraisal	ewingappraisals.com	dead	000
Todd Ewert Appraisal	toddewertappraisal.com	dead	000
Ewertz Appraisals	ewertzappraisals.com	dead	000
Ewing Appraisal	ewingappraisal.com	dead	000
Downie Valuation Services, Inc.	downievaluationservices.com	dead	000
A&E Appraisal Services	aandeappraisalervices.com	dead	000
A&E Appraisal Services	aandeappraisalservices.com	dead	000
A&E Appraisal Services	aandeappraisal.com	dead	000
A T Associates	atassociates.com	HIT_strong	200
Brent Fager	brentfager.com	dead	000
Janet Fagundes Appraisals	janetfagundesappraisal.com	dead	000
Michael Fagan	michaelfagan.com	parked	body
Janet Fagundes Appraisals	janetfagundesappraisals.com	dead	000
James Fahrnkopf	jamesfahrnkopf.com	dead	000
RSDS LLC	rsds.com	dead	000
Hillside Appraisal Services	hillsideappraisalservices.com	dead	000
Dawn Falor	dawnfalor.com	dead	000
Hillside Appraisal Services	hillsideappraisalervices.com	dead	000
Fair Values	fairvalues.com	empty	200
Appraisal Now	appraisalnow.com	HIT_strong	200
Accelerated Appraisal Services	acceleratedappraisalservices.com	dead	000
SPEEDY APPRAISAL SERVICE	speedyappraisal.com	dead	000
ACME Appraisal Associates	acmeappraisal.com	dead	000
Evergreen Appraisal Co.	evergreenappraisal.com	HIT_strong	200
Appraisal Network Solution	appraisalnetworksolution.com	dead	000
Farah Consolidated	farahconsolidated.com	HIT_strong	200
Farzad Farahani	farzadfarahani.com	dead	000
Hillside Appraisal Services	hillsideappraisal.com	HIT_strong	200
Jason Farrell Appraisals	jasonfarrellappraisal.com	dead	000
Appraisal Network Solution	appraisalsnetworksolution.com	dead	000
Evergreen Appraisal Co.	evergreenappraisals.com	HIT_strong	200
TRF Appraisals	trfappraisals.com	dead	000
Jason Farrell Appraisals	jasonfarrellappraisals.com	dead	000
TRF Appraisals	trfappraisal.com	dead	000
A Appraisal Group	aappraisalgroup.com	dead	000
John T. Fazio & Associates, Inc.	johntfazioand.com	dead	000
Farah Consolidated Inc.	farahconsolidated.com	HIT_strong	200
A Appraisal Group	aappraisalsgroup.com	dead	000
The Appraisal Depot	theappraisaldepot.com	dead	000
Fearrand Appraisal Service	fearrandappraisalervice.com	dead	000
A Appraisal Group	aappraisal.com	dead	000
John T Fazio & Associates Inc	johntfazioand.com	dead	000
John T. Fazio & Associates, Inc.	johntfazioandassociates.com	dead	000
Fearrand Appraisal Service	fearrandappraisalservice.com	dead	000
John T Fazio & Associates Inc	johntfazioandassociates.com	dead	000
Red Sky Risk Services	redskyriskservices.com	dead	000
Featherston Appraisals	featherstonappraisals.com	dead	000
Red Sky Risk Services	redskyrisk.com	dead	000
Mary Ellen Fediuk	maryellenfediuk.com	dead	000
Jason Feinstein and Associates	jasonfeinsteinandassociates.com	dead	000
American Appraisers	americanappraisers.com	dead	000
Hayley N. Fee	hayleynfee.com	dead	000
Fearrand Appraisal Service	fearrandappraisal.com	HIT_strong	200
Featherston Appraisals	featherstonappraisal.com	HIT_strong	200
Steve Souza Appraisals, Inc.	stevesouzaappraisal.com	dead	000
All Valley Appraisal	allvalleyappraisals.com	dead	000
All Valley Appraisal	allvalleyappraisal.com	dead	000
Jason Feinstein and Associates	jasonfeinsteinand.com	dead	000
First Source Appraisal, LLC	firstsourceappraisals.com	dead	000
First Class Appraisals, Inc.	firstclassappraisals.com	HIT_strong	200
Realvals	realvals.com	HIT_strong	200
Ferrara Appraisals	ferraraappraisal.com	dead	000
First Source Appraisal, LLC	firstsourceappraisal.com	HIT_strong	200
North State Appraisals	northstateappraisal.com	dead	000
Steve Souza Appraisals, Inc.	stevesouzaappraisals.com	dead	000
North State Appraisals	northstateappraisals.com	dead	000
First Class Appraisals, Inc.	firstclassappraisal.com	dead	000
Ferris Appraisal Services	ferrisappraisalervices.com	dead	000
City and County of San Francisco	cityandcountyofsanfrancisco.com	dead	000
RVS South	rvssouth.com	HIT_strong	200
Enchanted By Gia	enchantedbygia.com	dead	000
Ferris Appraisal Services	ferrisappraisalservices.com	dead	000
Ferris Appraisal Services	ferrisappraisal.com	HIT_strong	200
Gabriel Fernandez	gabrielfernandez.com	dead	403
JHF Appraisal Services, Inc.	jhfappraisal.com	dead	000
Fetters Appraisal Company	fettersappraisals.com	dead	000
JHF Appraisal Services, Inc.	jhfappraisalervices.com	dead	000
J. D. Ferris Appraisals	jdferrisappraisal.com	dead	000
JHF Appraisal Services, Inc.	jhfappraisalservices.com	dead	000
Downstream Enterprises Inc.	downstreamenterprises.com	dead	503
Ferrara Appraisals	ferraraappraisals.com	HIT_strong	200
Axos Bank	axosbank.com	HIT_weak	200
Stanford & Feuerborn	stanfordandfeuerborn.com	dead	000
Fetters Appraisal Company	fettersappraisal.com	dead	000
David P Fiamengo	davidpfiamengo.com	dead	000
Academy Appraisal Services	academyappraisalervices.com	dead	000
Greg Fields Appraiser	gregfieldsappraiser.com	dead	000
Academy Appraisal Services	academyappraisalservices.com	dead	000
Academy Appraisal Services	academyappraisal.com	parked	body
Figueroa & Associates	figueroaandassociates.com	dead	000
Figueroa & Associates	figueroaand.com	dead	000
SF Appraisals	sfappraisal.com	HIT_strong	200
Mariann Finegold	mariannfinegold.com	dead	000
SF Appraisals	sfappraisals.com	HIT_strong	200
Finn Appraisals	finnappraisal.com	dead	000
Finch Appraisal	finchappraisals.com	dead	000
Modern Valuation	modernvaluation.com	dead	000
ALPINE APPRAISAL GROUP	alpineappraisalsgroup.com	dead	000
Bungalow Dreams, Inc.	bungalowdreams.com	dead	000
Finn Appraisals	finnappraisals.com	HIT_strong	200
Accurate Group, LLC	accurategroup.com	HIT_strong	200
J. D. Ferris Appraisals	jdferrisappraisals.com	dead	000
Legacy Appraisal Co.	legacyappraisals.com	parked	body
ALPINE APPRAISAL GROUP	alpineappraisalgroup.com	HIT_strong	200
Accurate Group, LLC	accurate.com	HIT_weak	200
Appraisal Evaluations, Inc	appraisalsevaluations.com	dead	000
self	self.com	parked	body
Accurate Appraisal LLC	accurateappraisal.com	dead	000
Fisher Appraisal	fisherappraisals.com	HIT_strong	200
Rick Estrada	rickestrada.com	dead	000
MVAppraisals, LLC	mvappraisals.com	HIT_strong	200
JLF Appraisals	jlfappraisal.com	dead	000
Legacy Appraisal Co.	legacyappraisal.com	HIT_strong	200
JLF Appraisals	jlfappraisals.com	dead	000
William J Fitzgerald	williamjfitzgerald.com	dead	000
Fleener Services	fleener.com	dead	000
Newfi Lending	newfilending.com	HIT_weak	200
Fleener Services	fleenerservices.com	dead	000
Arrowmaker Appraisal	arrowmakerappraisal.com	dead	000
Arrowmaker Appraisal	arrowmakerappraisals.com	dead	000
Jesus Flores Appraisals	jesusfloresappraisals.com	dead	000
Jesus Flores Appraisals	jesusfloresappraisal.com	dead	000
Flores Real Estate Appraisals	floresrealestateappraisal.com	dead	000
Baycity Appraisals	baycityappraisals.com	dead	000
Flores Real Estate Appraisals	floresrealestateappraisals.com	dead	000
Paul Fletcher	paulfletcher.com	dead	403
Appraise Homes SoCal	appraisehomessocal.com	dead	000
Baycity Appraisals	baycityappraisal.com	dead	000
Katarina Fok	katarinafok.com	dead	000
Property Sciences Inc.	propertysciences.com	dead	000
Michael Folk Appraisals	michaelfolkappraisals.com	dead	000
Appraise It 1st	appraiseit1st.com	dead	000
Michael Folk Appraisals	michaelfolkappraisal.com	dead	000
Central Valley Appraisal Services	centralvalleyappraisal.com	dead	000
Central Valley Appraisal Services	centralvalleyappraisalservices.com	dead	000
Central Valley Appraisal Services	centralvalleyappraisalervices.com	dead	000
J. Fong Appraisal Services	jfongappraisalervices.com	dead	000
J. Fong Appraisal Services	jfongappraisalservices.com	dead	000
Ruben Flores	rubenflores.com	dead	000
J. Fong Appraisal Services	jfongappraisal.com	dead	000
Fontes Appraisals, Inc.	fontesappraisal.com	dead	000
Appraisals Direct	appraisaldirect.com	dead	000
NorCal Quality Appraisals	norcalqualityappraisal.com	dead	000
7 Bridges Appraisals	7bridgesappraisal.com	dead	000
NorCal Quality Appraisals	norcalqualityappraisals.com	dead	000
Fontes Appraisals, Inc.	fontesappraisals.com	HIT_strong	200
EJ Appraisals	ejappraisal.com	dead	000
Marston Appraisal Group	marstonappraisal.com	dead	000
James E. Ford	jameseford.com	dead	000
EJ Appraisals	ejappraisals.com	dead	000
7 Bridges Appraisals	7bridgesappraisals.com	HIT_strong	200
Hibernian Appraisals	hibernianappraisals.com	dead	000
West Coast Appraisals	westcoastappraisals.com	HIT_strong	200
Real Value  Appraisals	realvalueappraisals.com	parked	body
Foreman Appraisal	foremanappraisal.com	dead	000
Foreman Appraisal	foremanappraisals.com	dead	000
Hibernian Appraisals	hibernianappraisal.com	dead	000
Brentwood Property Appraisal	brentwoodpropertyappraisals.com	dead	000
Brentwood Property Appraisal	brentwoodpropertyappraisal.com	dead	000
Arash Foroutan Appraisals, LLC	arashforoutanappraisal.com	dead	000
Arvin Foroutan	arvinforoutan.com	dead	000
Arash Foroutan Appraisals, LLC	arashforoutanappraisals.com	dead	000
Foroutan Appraisal Services, LLC	foroutanappraisal.com	dead	000
Real Value  Appraisals	realvalueappraisal.com	HIT_strong	200
Foroutan Appraisal Services, LLC	foroutanappraisalservices.com	dead	000
Foroutan Appraisal Services, LLC	foroutanappraisalervices.com	dead	000
JM Forquer Appraisal Services	jmforquerappraisal.com	dead	000
JM Forquer Appraisal Services	jmforquerappraisalservices.com	dead	000
Eve Danner	evedanner.com	dead	000
JM Forquer Appraisal Services	jmforquerappraisalervices.com	dead	000
Finch Appraisal	finchappraisal.com	HIT_strong	200
Appraisals Direct	appraisalsdirect.com	dead	000
Ashley Forsyth	ashleyforsyth.com	HIT_weak	200
Robert Fosdahl Appraisal	robertfosdahlappraisals.com	dead	000
Robert Fosdahl Appraisal	robertfosdahlappraisal.com	dead	000
ALPINE APPRAISAL GROUP	alpineappraisal.com	dead	000
Brockway Properties	brockwayproperties.com	empty	200
Fish & Foster Appraisers	fishandfosterappraisers.com	dead	000
Filip Valuation	filipvaluation.com	HIT_strong	200
J & D Appraisals	janddappraisals.com	dead	000
Foster's Appraisals, Inc.	fostersappraisal.com	dead	000
J & D Appraisals	janddappraisal.com	dead	000
Foster's Appraisals, Inc.	fostersappraisals.com	dead	000
Foster Realty & Appraisal Services	fosterrealtyandappraisalervices.com	dead	000
Foster Realty & Appraisal Services	fosterrealtyandappraisalservices.com	dead	000
Foster Realty & Appraisal Services	fosterrealtyandappraisal.com	dead	000
Appraisal Evaluations, Inc	appraisalevaluations.com	dead	000
Michael Ethridge	michaelethridge.com	dead	000
Capitol Appraisal Service	capitolappraisalervice.com	dead	000
Foster Appraisal	fosterappraisal.com	parked	body
Accurity Consolidated	accurityconsolidated.com	dead	000
Fisher Appraisal	fisherappraisal.com	dead	000
Fowler Appraisal Service	fowlerappraisalervice.com	dead	000
Fowler Appraisal Service	fowlerappraisal.com	dead	000
Ellen Louise Fowler	ellenlouisefowler.com	dead	000
Fowler Appraisal Service	fowlerappraisalservice.com	dead	000
C&C Appraisal Services, Inc.	candcappraisalervices.com	dead	000
C&C Appraisal Services, Inc.	candcappraisalservices.com	dead	000
Phronesis Property Appraisals	phronesispropertyappraisal.com	dead	000
Fradella Appraisal Works	fradellaappraisalsworks.com	dead	000
C&C Appraisal Services, Inc.	candcappraisal.com	dead	000
Fradella Appraisal Works	fradellaappraisalworks.com	dead	000
Phronesis Property Appraisals	phronesispropertyappraisals.com	dead	000
James Fradella Appraisal Service	jamesfradellaappraisalservice.com	dead	000
Susan Foster	susanfoster.com	dead	000
James Fradella Appraisal Service	jamesfradellaappraisal.com	dead	000
James Fradella Appraisal Service	jamesfradellaappraisalervice.com	dead	000
Neil Fradkin	neilfradkin.com	dead	000
Certified Appraisal Service	certifiedappraisalervice.com	dead	000
Frangadakis Corp (DBA) Certified Appraisal Service	frangadakisdbacertifiedappraisalservice.com	dead	000
Certified Appraisal Service	certifiedappraisal.com	dead	000
Richard Franklin and Associates	richardfranklinandassociates.com	dead	000
Frangadakis Corp (DBA) Certified Appraisal Service	frangadakisdbacertifiedappraisal.com	dead	000
Frangadakis Corp (DBA) Certified Appraisal Service	frangadakisdbacertifiedappraisalervice.com	dead	000
Richard Franklin and Associates	richardfranklinand.com	dead	000
Franko & Associates	frankoandassociates.com	dead	000
Certified Appraisal Service	certifiedappraisalservice.com	dead	000
Franko & Associates	frankoand.com	dead	000
Brian Franz Appraisals	brianfranzappraisals.com	dead	000
Brian Franz Appraisals	brianfranzappraisal.com	dead	000
Chuck Frazier & Associates	chuckfrazierandassociates.com	dead	000
Janet Franzen	janetfranzen.com	dead	000
Terry Frazier Appraisals	terryfrazierappraisals.com	HIT_strong	200
Terry Frazier Appraisals	terryfrazierappraisal.com	dead	000
Chuck Frazier & Associates	chuckfrazierand.com	dead	000
DF Appraisal	dfappraisals.com	dead	000
Neighborhood Appraisals	neighborhoodappraisal.com	HIT_strong	200
Bradley M Freedman	bradleymfreedman.com	dead	000
DF Appraisal	dfappraisal.com	dead	000
Southern California Appraisal Group	southerncaliforniaappraisal.com	dead	000
Southern California Appraisal Group	southerncaliforniaappraisalsgroup.com	dead	000
Southern California Appraisal Group	southerncaliforniaappraisalgroup.com	HIT_strong	200
Seaside Real Estate Services, Inc.	seasiderealestateservices.com	HIT_strong	200
Friend's Appraisal Service Team	friendsappraisalerviceteam.com	dead	000
Friend's Appraisal Service Team	friendsappraisalserviceteam.com	dead	000
GMF Appraisals, Inc	gmfappraisals.com	dead	000
Sam & Associates	samandassociates.com	empty	200
GMF Appraisals, Inc	gmfappraisal.com	dead	000
Sam & Associates	samand.com	parked	body
Surfside Appraisals	surfsideappraisal.com	HIT_strong	200
The Appraisal Group	theappraisalsgroup.com	dead	000
Surfside Appraisals	surfsideappraisals.com	dead	000
AGJ Appraisal Services	agjappraisalervices.com	dead	000
The Appraisal Group	theappraisal.com	HIT_strong	200
AGJ Appraisal Services	agjappraisalservices.com	dead	000
AGJ Appraisal Services	agjappraisal.com	dead	000
David L Fry	davidlfry.com	dead	000
Quality Appraisal Services	qualityappraisalervices.com	dead	000
Advantage Appraisal Service	advantageappraisalervice.com	dead	000
Catherine Fitzpatrick	catherinefitzpatrick.com	HIT_weak	200
Quality Appraisal Services	qualityappraisal.com	HIT_strong	200
Advantage Appraisal Service	advantageappraisal.com	HIT_strong	200
Advantage Appraisal Service Inc	advantageappraisal.com	HIT_strong	200
Advantage Appraisal Service	advantageappraisalservice.com	dead	000
Express Appraisal Service	expressappraisalervice.com	dead	000
Advantage Appraisal Service Inc	advantageappraisalervice.com	dead	000
Express Appraisal Service	expressappraisalservice.com	dead	000
Advantage Appraisal Service Inc	advantageappraisalservice.com	dead	000
CV3 Financial Services	cv3financialservices.com	dead	000
D K Appraisal Inc.	dkappraisals.com	HIT_strong	200
Express Appraisal Service	expressappraisal.com	HIT_strong	200
Fuller Appraisals	fullerappraisals.com	dead	000
Fuller Appraisals	fullerappraisal.com	dead	000
Fuller Appraisal Associates, Inc.	fullerappraisalsassociates.com	dead	000
Fuller Appraisal Associates, Inc.	fullerappraisalassociates.com	dead	000
Fuller Appraisal Associates, Inc.	fullerappraisal.com	dead	000
ACF Appraisal Services	acfappraisalservices.com	dead	000
ACF Appraisal Services	acfappraisal.com	dead	000
ACF Appraisal Services	acfappraisalervices.com	dead	000
Kenny Furuya Appraisal Services	kennyfuruyaappraisal.com	dead	000
Kenny Furuya Appraisal Services	kennyfuruyaappraisalervices.com	dead	000
E & L Appraisals	eandlappraisals.com	dead	000
E & L Appraisals	eandlappraisal.com	dead	000
Kenny Furuya Appraisal Services	kennyfuruyaappraisalservices.com	dead	000
Gala Appraisals	galaappraisal.com	dead	000
CV3 Financial Services	cv3financial.com	HIT_weak	200
Gala Appraisal Services	galaappraisal.com	dead	000
Gala Appraisal Services	galaappraisalervices.com	dead	000
Gala Appraisals	galaappraisals.com	HIT_strong	200
High Speed Appraisals	highspeedappraisal.com	dead	000
Gala Appraisal Services	galaappraisalservices.com	dead	000
High Speed Appraisals	highspeedappraisals.com	dead	000
Appraising Time	appraisingtime.com	dead	000
RG Appraisal Service	rgappraisalservice.com	dead	000
FinnMar LLC	finnmar.com	dead	000
RG Appraisal Service	rgappraisalervice.com	dead	000
RG Appraisal Service	rgappraisal.com	dead	000
Andreini Appraisal Services	andreiniappraisalservices.com	dead	000
Bay Appraisal	bayappraisal.com	dead	000
MVAppraisals, LLC	mvappraisal.com	dead	000
Andreini Appraisal Services	andreiniappraisal.com	dead	000
Capitol Appraisal Service	capitolappraisalservice.com	dead	000
ABC Appraising, Inc.	abcappraising.com	HIT_strong	200
Andreini Appraisal Services	andreiniappraisalervices.com	dead	000
Jaime Gallegos Residential Appraiser	jaimegallegosresidentialappraiser.com	dead	000
Sean B. Gallagher Appraiser	seanbgallagherappraiser.com	dead	000
Gallo Appraisal	galloappraisals.com	dead	000
Gallo Appraisal	galloappraisal.com	dead	000
Gallo & Gallo Real Estate Appraisal	galloandgallorealestateappraisal.com	dead	000
Gallo & Gallo Real Estate Appraisal	galloandgallorealestateappraisals.com	dead	000
RG Appraisal Services	rgappraisalervices.com	dead	000
RG Appraisal Services	rgappraisal.com	dead	000
Bay Appraisal	bayappraisals.com	HIT_strong	200
Appraisal Express	appraisalsexpress.com	HIT_strong	200
RG Appraisal Services	rgappraisalservices.com	HIT_strong	200
Appraisal Express	appraisalexpress.com	HIT_strong	200
Appraisal Associates of Merced	appraisalsassociatesofmerced.com	dead	000
Appraisal Associates of Merced	appraisalassociatesofmerced.com	dead	000
GSG Appraisal Services	gsgappraisal.com	dead	000
GSG Appraisal Services	gsgappraisalervices.com	dead	000
Community Appraisal	communityappraisals.com	dead	000
GSG Appraisal Services	gsgappraisalservices.com	dead	000
Gannon Appraisals	gannonappraisal.com	dead	000
Julie Galvin	juliegalvin.com	empty	202
New Wine Real Estate, Inc.	newwinerealestate.com	dead	000
A & S Appraisal Services	aandsappraisalervices.com	dead	000
Andy Gamboa	andygamboa.com	HIT_weak	200
Realestimate Service Co.	realestimate.com	dead	000
A & S Appraisal Services	aandsappraisalservices.com	dead	000
Realestimate Service Co.	realestimateservice.com	HIT_weak	200
Refined Approach	refinedapproach.com	parked	body
24/7 APPRAISAL SERVICE	247appraisalervice.com	dead	000
The Appraisal Group	theappraisalgroup.com	dead	000
A & S Appraisal Services	aandsappraisal.com	HIT_strong	200
Calvin Garcia	calvingarcia.com	empty	200
Victory Appraisals	victoryappraisal.com	dead	000
Victory Appraisals	victoryappraisals.com	dead	000
24/7 APPRAISAL SERVICE	247appraisalservice.com	dead	000
JP Appraisals	jpappraisal.com	dead	000
Approved Appraisal Group	approvedappraisalsgroup.com	dead	000
West Coast Appraisals	westcoastappraisal.com	dead	000
California RE Appraisers & Consultants	californiareappraisersandconsultants.com	dead	000
Approved Appraisal Group	approvedappraisalgroup.com	dead	000
24/7 APPRAISAL SERVICE	247appraisal.com	HIT_strong	200
Veronika Garcia	veronikagarcia.com	dead	000
Silver Ace Real Estate Company	silveracerealestate.com	dead	000
Amy Garibay Appraisal Services	amygaribayappraisalervices.com	dead	000
Amy Garibay Appraisal Services	amygaribayappraisalservices.com	dead	000
D K Appraisal Inc.	dkappraisal.com	dead	000
Amy Garibay Appraisal Services	amygaribayappraisal.com	dead	000
Eric Garner Appraisals	ericgarnerappraisals.com	dead	000
Eric Garner Appraisals	ericgarnerappraisal.com	dead	000
Capitol Appraisal Service	capitolappraisal.com	dead	000
Kirk L. Garner	kirklgarner.com	dead	000
Laurian Garner Appraisals	lauriangarnerappraisal.com	dead	000
Laurian Garner Appraisals	lauriangarnerappraisals.com	dead	000
Sean Garner Appraisals	seangarnerappraisal.com	dead	000
Sean Garner Appraisals	seangarnerappraisals.com	dead	000
Yelena Garnik	yelenagarnik.com	dead	000
Garner Appraisals	garnerappraisals.com	HIT_strong	200
Garrahan Appraisal	garrahanappraisal.com	dead	000
Garner Appraisals	garnerappraisal.com	dead	000
Garrahan Appraisal	garrahanappraisals.com	dead	000
Keystone Appraisal Services	keystoneappraisalervices.com	dead	000
Thomas Associates	thomasassociates.com	parked	body
Keystone Appraisal Services	keystoneappraisalservices.com	dead	000
Thomas Associates	thomas.com	empty	200
Action Appraisal Services	actionappraisalervices.com	dead	000
Anthony Gatti	anthonygatti.com	empty	200
Action Appraisal Services	actionappraisalservices.com	dead	000
Jason Gary	jasongary.com	HIT_weak	200
Christopher Gault Appraisals	christophergaultappraisal.com	dead	000
Christopher Gault Appraisals	christophergaultappraisals.com	dead	000
Gvs Appraisal, Inc.	gvsappraisal.com	dead	000
Action Appraisal Services	actionappraisal.com	HIT_strong	200
Gvs Appraisal, Inc.	gvsappraisals.com	dead	000
Geckeler Appraisal Services	geckelerappraisal.com	dead	000
Geckeler Appraisal Services	geckelerappraisalervices.com	dead	000
Victor Geanakos	victorgeanakos.com	dead	000
Foster Appraisal	fosterappraisals.com	dead	000
Geckeler Appraisal Services	geckelerappraisalservices.com	dead	000
Jeffrey Gee Appraisal Service Inc.	jeffreygeeappraisalservice.com	dead	000
Jeffrey Gee Appraisal Service Inc.	jeffreygeeappraisal.com	dead	000
AppraisalPower.com	appraisalspowercom.com	dead	000
Jeffrey Gee Appraisal Service Inc.	jeffreygeeappraisalervice.com	dead	000
DMG Appraisal	dmgappraisals.com	dead	000
AppraisalPower.com	appraisalpowercom.com	dead	000
DMG Appraisal	dmgappraisal.com	dead	000
A & J Consulting Services, Inc.	aandjconsulting.com	dead	000
Sarah Gentile	sarahgentile.com	HIT_weak	200
A & J Consulting Services, Inc.	aandjconsultingservices.com	dead	000
Lorel Appraisal Company	lorelappraisals.com	dead	000
Lorel Appraisal Company	lorelappraisal.com	dead	000
Coastal Real Estate Services	coastalrealestateservices.com	HIT_strong	200
Streamline Appraisals	streamlineappraisal.com	dead	000
Marc Gerard III, Appraiser/Consultant	marcgerardiiiappraiserconsultant.com	dead	000
Appraisal Now	appraisalsnow.com	HIT_slug	301
Appraisal Central Inc.	appraisalscentral.com	dead	000
Epic Appraisal	epicappraisal.com	HIT_strong	200
Coastal Real Estate Services	coastalrealestate.com	dead	403
MINA GERGES APPRAISAL	minagergesappraisal.com	dead	000
Epic Appraisal	epicappraisals.com	HIT_strong	200
Appraisal Central Inc.	appraisalcentral.com	dead	000
Neighborhood Appraisals	neighborhoodappraisals.com	dead	000
Sam's Appraisal Services	samsappraisal.com	dead	000
Sam's Appraisal Services	samsappraisalservices.com	dead	000
Sam's Appraisal Services	samsappraisalervices.com	dead	000
Courtesy Appraisal	courtesyappraisal.com	dead	000
MINA GERGES APPRAISAL	minagergesappraisals.com	dead	000
Siddha Giacomo Appraisal Services	siddhagiacomoappraisalervices.com	dead	000
Courtesy Appraisal	courtesyappraisals.com	dead	000
Siddha Giacomo Appraisal Services	siddhagiacomoappraisal.com	dead	000
Siddha Giacomo Appraisal Services	siddhagiacomoappraisalservices.com	dead	000
Seaside Real Estate Services, Inc.	seasiderealestate.com	dead	000
Mike Gianopoulos Appraisals	mikegianopoulosappraisal.com	dead	000
Mike Gianopoulos Appraisals	mikegianopoulosappraisals.com	dead	000
Alba Appraisals Services	albaappraisalsservices.com	dead	000
Alba Appraisals Services	albaappraisals.com	dead	000
Alba Appraisals Services	albaappraisalservices.com	dead	000
Gibson and Associates	gibsonand.com	dead	000
VSG Real Estate Services	vsgrealestateservices.com	dead	000
Gibson Appraisals	gibsonappraisals.com	dead	000
Jon Giedt	jongiedt.com	dead	000
Desert Coast Appraisal	desertcoastappraisal.com	dead	000
Quality Appraisal Services	qualityappraisalservices.com	dead	000
Desert Coast Appraisal	desertcoastappraisals.com	dead	000
Appraisal Shores	appraisalshores.com	HIT_strong	200
Appraisal Shores	appraisalhores.com	dead	000
Gills Appraisals Inc.	gillsappraisal.com	dead	000
Gibson and Associates	gibsonandassociates.com	HIT_strong	200
Giller Appraisal Services	gillerappraisal.com	dead	000
Giller Appraisal Services	gillerappraisalervices.com	dead	000
VSG Real Estate Services	vsgrealestate.com	HIT_strong	200
Giller Appraisal Services	gillerappraisalservices.com	dead	000
KHG Appraisals	khgappraisal.com	dead	000
Gills Appraisals Inc.	gillsappraisals.com	HIT_strong	200
KHG Appraisals	khgappraisals.com	dead	404
Gillins Consulting Services	gillinsconsulting.com	dead	000
Gillins Consulting Services	gillinsconsultingservices.com	dead	000
Gillis Appraisal Service	gillisappraisal.com	dead	000
Gillis Appraisal Service	gillisappraisalervice.com	dead	000
Gillis Appraisal Service	gillisappraisalservice.com	dead	000
JGI Appraisals	jgiappraisals.com	dead	000
Gilmour Appraisal Services, Inc.	gilmourappraisalervices.com	dead	000
JGI Appraisals	jgiappraisal.com	dead	000
Gilmour Appraisal Services, Inc.	gilmourappraisal.com	dead	000
Gilmour Appraisal Services, Inc.	gilmourappraisalservices.com	dead	000
Direct Appraisals, Inc	directappraisal.com	HIT_strong	200
Direct Appraisals Group, Inc.	directappraisalsgroup.com	HIT_strong	200
Direct Appraisals, Inc	directappraisals.com	HIT_strong	200
Alexander Gilbert	alexandergilbert.com	dead	000
Ginzburg Real Estate Appraisal Co.	ginzburgrealestateappraisal.com	dead	000
Certified Residential Appraiser	certifiedresidentialappraiser.com	dead	000
Direct Appraisals Group, Inc.	directappraisals.com	HIT_strong	200
Ginzburg Real Estate Appraisal Co.	ginzburgrealestateappraisals.com	dead	000
Appraiser Bob	appraiserbob.com	HIT_strong	200
Appraisal Pro	appraisalspro.com	dead	000
Appraisal Pro	appraisalpro.com	HIT_strong	200
Joshua Goad Real Estate Appraisals	joshuagoadrealestateappraisals.com	dead	000
Michael Goad Real Estate Appraisers	michaelgoadrealestateappraisers.com	dead	000
Direct Appraisals Group, Inc.	directappraisalgroup.com	dead	404
Joshua Goad Real Estate Appraisals	joshuagoadrealestateappraisal.com	dead	000
Godbold Valuations	godboldvaluations.com	dead	000
Joseph A. Schillage, Appraisal Association	josephaschillageappraisalsassociation.com	dead	000
Joseph A. Schillage, Appraisal Association	josephaschillageappraisalassociation.com	dead	000
Home Appraisal Services	homeappraisalervices.com	dead	000
Goins Appraisal Service	goinsappraisalervice.com	dead	000
Community Appraisal	communityappraisal.com	dead	000
Home Appraisal Services	homeappraisal.com	HIT_strong	200
Home Appraisal Services	homeappraisalservices.com	HIT_strong	200
Goins Appraisal Service	goinsappraisalservice.com	dead	000
Goins Appraisal Service	goinsappraisal.com	dead	000
Dan Goldberg Appraisals	dangoldbergappraisal.com	dead	000
BW Goldblatt Appraisals	bwgoldblattappraisals.com	HIT_strong	200
Dan Goldberg Appraisals	dangoldbergappraisals.com	dead	000
BW Goldblatt Appraisals	bwgoldblattappraisal.com	dead	000
Westside Appraisal Group	westsideappraisalsgroup.com	dead	000
Westside Appraisal Group	westsideappraisal.com	dead	000
Gannon Appraisals	gannonappraisals.com	dead	000
Keith F. Golden-Real Estate Appraiser	keithfgoldenrealestateappraiser.com	dead	000
Westside Appraisal Group	westsideappraisalgroup.com	HIT_strong	200
Gold Appraisals	goldappraisal.com	HIT_strong	200
Theodore S Goldenberg	theodoresgoldenberg.com	dead	000
CRAIG GOLDSTEIN'S APPRASISAL S	craiggoldsteinsapprasisals.com	dead	000
Approved Appraisal Group	approvedappraisal.com	dead	000
LG Appraisal Services	lgappraisalservices.com	dead	000
RealValue Appraisal	realvalueappraisals.com	parked	body
LG Appraisal Services	lgappraisalervices.com	dead	000
Keystone Appraisal Services	keystoneappraisal.com	dead	000
LG Appraisal Services	lgappraisal.com	HIT_strong	200
Richard Gonsalves Appraisals	richardgonsalvesappraisal.com	dead	000
RealValue Appraisal	realvalueappraisal.com	HIT_strong	200
Express Appraisal	expressappraisals.com	parked	body
A-Plus Appraisals	aplusappraisal.com	HIT_strong	200
Richard Gonsalves Appraisals	richardgonsalvesappraisals.com	dead	000
Aura Appraisals	auraappraisal.com	dead	000
Aura Appraisals	auraappraisals.com	HIT_strong	200
San Diego County Appraisals	sandiegocountyappraisals.com	HIT_strong	200
AG Appraisal Services Inc.	agappraisal.com	dead	000
JP Appraisals	jpappraisals.com	dead	000
First Citizens Bank	firstcitizensbank.com	HIT_weak	200
AG Appraisal Services Inc.	agappraisalervices.com	dead	000
QUANTUM APPRAISALS INC.	quantumappraisals.com	dead	000
Doug Gonzalez Appraiser	douggonzalezappraiser.com	dead	000
Express Appraisal	expressappraisal.com	HIT_strong	200
Gooch Appraisal Services	goochappraisalservices.com	dead	000
QUANTUM APPRAISALS INC.	quantumappraisal.com	dead	000
AG Appraisal Services Inc.	agappraisalservices.com	dead	000
Gooch Appraisal Services	goochappraisalervices.com	dead	000
Good Appraisal Services, Inc.	goodappraisalervices.com	dead	000
Mark A. Goodman	markagoodman.com	dead	000
Thomas Goodwyn Appraisal	thomasgoodwynappraisal.com	dead	000
Gooch Appraisal Services	goochappraisal.com	HIT_strong	200
Good Appraisal Services, Inc.	goodappraisal.com	HIT_strong	200
Good Appraisal Services, Inc.	goodappraisalservices.com	dead	000
Thomas Goodwyn Appraisal	thomasgoodwynappraisals.com	dead	000
Corona Appraisal Service	coronaappraisal.com	dead	000
Gatsby Appraisal	gatsbyappraisals.com	dead	000
San Diego County Appraisals	sandiegocountyappraisal.com	HIT_strong	200
Corona Appraisal Service	coronaappraisalervice.com	dead	000
Goosby Valuation	goosbyvaluation.com	dead	000
JP Gorman Real Estate Appraisal	jpgormanrealestateappraisals.com	dead	000
JW Gordon	jwgordon.com	dead	000
JP Gorman Real Estate Appraisal	jpgormanrealestateappraisal.com	dead	000
Corona Appraisal Service	coronaappraisalservice.com	dead	000
Gatsby Appraisal	gatsbyappraisal.com	parked	body
Valley Appraisal Service	valleyappraisalservice.com	dead	000
Arrowhead Real Estate Services	arrowheadrealestateservices.com	dead	000
Nick Grace, Residential Appraisals	nickgraceresidentialappraisal.com	dead	000
Valley Appraisal Service	valleyappraisalervice.com	dead	000
LAGG Appraisals	laggappraisals.com	dead	000
Nick Grace, Residential Appraisals	nickgraceresidentialappraisals.com	dead	000
Metro Appraisals, Inc.	metroappraisals.com	HIT_strong	202
LAGG Appraisals	laggappraisal.com	dead	000
Arrowhead Real Estate Services	arrowheadrealestate.com	empty	200
Macier Appraisal	macierappraisals.com	dead	000
Metro Appraisals, Inc.	metroappraisal.com	dead	000
Recommended Funding Group, Inc.	recommendedfundinggroup.com	dead	000
AAMC Orange County, Inc.	aamcorangecounty.com	dead	000
Carla M. Grant	carlamgrant.com	dead	000
Recommended Funding Group, Inc.	recommendedfunding.com	dead	000
Macier Appraisal	macierappraisal.com	dead	000
DGGAPPRAISALS	dggappraisal.com	dead	000
Grant Appraisal	grantappraisals.com	dead	000
DGGAPPRAISALS	dggappraisals.com	dead	000
Graham Enterprises	grahamenterprises.com	dead	525
Grant Appraisal	grantappraisal.com	dead	000
Newport Appraisal Specialist LLC	newportappraisalpecialist.com	dead	000
Vern Grant Appraisals	verngrantappraisal.com	dead	000
Vern Grant Appraisals	verngrantappraisals.com	dead	000
Kristy M. Gray	kristymgray.com	dead	000
Shannon Gray Appraisal Services	shannongrayappraisalervices.com	dead	000
Shannon Gray Appraisal Services	shannongrayappraisal.com	dead	000
Shannon Gray Appraisal Services	shannongrayappraisalservices.com	dead	000
HomeZip Inc.	homezip.com	dead	000
Cynthia J Greaves	cynthiajgreaves.com	dead	000
B Green 11 Appraisals	bgreen11appraisals.com	dead	000
B Green 11 Appraisals	bgreen11appraisal.com	dead	000
Greenaway Appraisals, Inc.	greenawayappraisal.com	dead	000
Greenaway Appraisals, Inc.	greenawayappraisals.com	dead	000
PennyMac	pennymac.com	HIT_weak	200
Real Works and Associates, Inc.	realworksand.com	dead	000
Real Works and Associates, Inc.	realworksandassociates.com	dead	000
Golden Poppy Appraisal	goldenpoppyappraisals.com	dead	000
Patriot Appraisals	patriotappraisal.com	HIT_strong	200
Hestia Real Estate Appraisals	hestiarealestateappraisals.com	dead	000
Hestia Real Estate Appraisals	hestiarealestateappraisal.com	dead	000
Golden Poppy Appraisal	goldenpoppyappraisal.com	HIT_strong	200
Trio Appraisals Group	trioappraisalgroup.com	dead	000
Trio Appraisals Group	trioappraisals.com	dead	000
LG Appraisals	lgappraisals.com	dead	000
LG Appraisals	lgappraisal.com	HIT_strong	200
Homeward Bound Appraisal Services	homewardboundappraisal.com	dead	000
Homeward Bound Appraisal Services	homewardboundappraisalervices.com	dead	000
Trio Appraisals Group	trioappraisalsgroup.com	dead	000
Homeward Bound Appraisal Services	homewardboundappraisalservices.com	dead	000
Indico Properties dba Valley Foothill Appraisals	indicopropertiesdbavalleyfoothillappraisal.com	dead	000
NorthStar Appraisal Services	northstarappraisalervices.com	dead	000
Streamline Appraisals	streamlineappraisals.com	dead	000
Appraisal Masters	appraisalsmasters.com	dead	000
NorthStar Appraisal Services	northstarappraisal.com	dead	000
Appraisal Masters	appraisalmasters.com	parked	body
Kathy Grimes Appraisals	kathygrimesappraisals.com	dead	000
NorthStar Appraisal Services	northstarappraisalservices.com	HIT_strong	200
Martin Groff Appraisals	martingroffappraisal.com	dead	000
Property Valuation Consultants	propertyvaluationconsultants.com	HIT_strong	200
Kathy Grimes Appraisals	kathygrimesappraisal.com	dead	000
J. H. Groetsch Appraisals	jhgroetschappraisals.com	dead	000
Martin Groff Appraisals	martingroffappraisals.com	dead	000
Nikkilynn Groggins	nikkilynngroggins.com	dead	000
Adam A. Gromko	adamagromko.com	dead	000
J. H. Groetsch Appraisals	jhgroetschappraisal.com	dead	000
Alliance Appraisal Group	allianceappraisalsgroup.com	dead	000
Robert Grove Real Estate & Valuation Services Inc	robertgroverealestateandvaluation.com	dead	000
Dana L. Grover Associates	danalgrover.com	dead	000
David Gross	davidgross.com	HIT_weak	200
Alliance Appraisal Group	allianceappraisalgroup.com	HIT_strong	200
Grubb R.E. & Appraisal	grubbreandappraisals.com	dead	000
Grubb Real Estate and Appraisal	grubbrealestateandappraisals.com	dead	000
Dana L. Grover Associates	danalgroverassociates.com	dead	000
Grubb R.E. & Appraisal	grubbreandappraisal.com	dead	000
Grubb Real Estate and Appraisal	grubbrealestateandappraisal.com	dead	000
CH&P Appraisal Services, Inc	chandpappraisalservices.com	dead	000
CH&P Appraisal Services, Inc	chandpappraisal.com	dead	000
CH&P Appraisal Services, Inc	chandpappraisalervices.com	dead	000
@Home VMS	homevms.com	nomatch	200
Kari L. Gulbro	karilgulbro.com	dead	000
Alliance Appraisal Group	allianceappraisal.com	HIT_strong	200
Holly Gunther Appraisals	hollyguntherappraisal.com	dead	000
Gibson Appraisals	gibsonappraisal.com	dead	000
True Appraisal Services	trueappraisalservices.com	dead	000
Holly Gunther Appraisals	hollyguntherappraisals.com	dead	000
Vern Gunther Appraisal	vernguntherappraisal.com	dead	000
Vern Gunther Appraisal	vernguntherappraisals.com	dead	000
JSR Analytix inc	jsranalytix.com	dead	000
True Appraisal Services	trueappraisalervices.com	dead	000
EZ Appraisals	ezappraisal.com	parked	body
Michael Gurvich	michaelgurvich.com	dead	000
True Appraisal Services	trueappraisal.com	HIT_strong	200
Gutierrez Appraisals and Realty, Inc.	gutierrezappraisalsandrealty.com	dead	000
Gutierrez Appraisals and Realty, Inc.	gutierrezappraisalandrealty.com	dead	000
ASC Appraisals	ascappraisals.com	dead	000
Fast Appraisals	fastappraisal.com	HIT_strong	200
JMG Real Estate Appraisals	jmgrealestateappraisal.com	dead	000
ASC Appraisals	ascappraisal.com	dead	000
JMG Real Estate Appraisals	jmgrealestateappraisals.com	dead	000
Gutierrez Appraisals And Realty, Inc.	gutierrezappraisalsandrealty.com	dead	000
Gutierrez Appraisals And Realty, Inc.	gutierrezappraisalandrealty.com	dead	000
Gutierrez Appraisal Services	gutierrezappraisal.com	dead	000
Gutierrez Appraisal Services	gutierrezappraisalervices.com	dead	000
DMG APPRAISALS	dmgappraisal.com	dead	000
Gutierrez Appraisal Services	gutierrezappraisalservices.com	dead	000
DMG APPRAISALS	dmgappraisals.com	dead	000
Diem Ha	diemha.com	dead	000
Pacific South Bay Appraisals	pacificsouthbayappraisal.com	dead	000
Pacific South Bay Appraisals	pacificsouthbayappraisals.com	dead	000
Appraisal's	appraisal.com	dead	000
Appraisal Solutions	appraisalolutions.com	dead	000
Appraisal's	appraisals.com	dead	000
John & Associates	johnandassociates.com	dead	000
Haas Appraisals	haasappraisal.com	dead	000
Angela Habercorn	angelahabercorn.com	dead	000
Prime Appraisal Services	primeappraisalervices.com	dead	000
Haas Appraisals	haasappraisals.com	dead	000
Appraisal Link	appraisalslink.com	dead	000
Basimah Haddad	basimahhaddad.com	dead	000
Doug Haderle Appraisals	doughaderleappraisal.com	dead	000
Doug Haderle Appraisals	doughaderleappraisals.com	dead	000
Saddleback Appraisal Group	saddlebackappraisalsgroup.com	dead	000
Newport Appraisal Specialist LLC	newportappraisalspecialist.com	dead	000
amistar	amistar.com	dead	000
Saddleback Appraisal Group	saddlebackappraisal.com	dead	000
Saddleback Appraisal Group	saddlebackappraisalgroup.com	dead	000
Wesley H Hain	wesleyhhain.com	dead	000
Hain and Associates	hainandassociates.com	dead	000
Hain and Associates	hainand.com	dead	000
Gold Appraisals	goldappraisals.com	dead	000
Haines Appraisals and Reviews	hainesappraisalsandreviews.com	dead	000
Haines Appraisals and Reviews	hainesappraisalandreviews.com	dead	000
Basco Appraisal Services	bascoappraisalservices.com	dead	000
Basco Appraisal Services	bascoappraisal.com	dead	000
Basco Appraisal Services	bascoappraisalervices.com	dead	000
Hall Appraisal Services Incoporated	hallappraisalervicesincoporated.com	dead	000
Hall Appraisal Services Incoporated	hallappraisalservicesincoporated.com	dead	000
Hudson's Appraisal Services	hudsonsappraisalervices.com	dead	000
Hudson's Appraisal Services	hudsonsappraisal.com	dead	000
Gordon Hall Appraisers Inc	gordonhallappraisers.com	dead	000
Hudson's Appraisal Services	hudsonsappraisalservices.com	dead	000
KJ Property Appraisals	kjpropertyappraisals.com	dead	000
Certified Appraisals	certifiedappraisal.com	dead	000
KJ Property Appraisals	kjpropertyappraisal.com	dead	000
RSDS, LLC	rsds.com	dead	000
Eastern Sierra Appraisals	easternsierraappraisal.com	dead	000
Certified Appraisals	certifiedappraisals.com	HIT_strong	200
Hall & Associates	halland.com	empty	200
Eastern Sierra Appraisals	easternsierraappraisals.com	dead	000
Halperin Appraisals	halperinappraisals.com	dead	000
Halperin Appraisals	halperinappraisal.com	dead	000
Nancy Halterlein	nancyhalterlein.com	dead	000
Halvorson Valuation Group	halvorsonvaluationgroup.com	dead	000
Halvorson Valuation Group	halvorsonvaluation.com	dead	000
Casey Hamilton Appraisal Pro Services	caseyhamiltonappraisalpro.com	dead	000
David E. Ham	davideham.com	dead	000
Paragon Valuations	paragonvaluations.com	dead	000
Choice Appraisals	choiceappraisal.com	HIT_strong	200
Casey Hamilton Appraisal Pro Services	caseyhamiltonappraisalsproservices.com	dead	000
Casey Hamilton Appraisal Pro Services	caseyhamiltonappraisalproservices.com	dead	000
A-Plus Appraisals	aplusappraisals.com	dead	000
MLH Appraisal	mlhappraisal.com	dead	000
MLH Appraisal	mlhappraisals.com	dead	000
Debbie Hamilton	debbiehamilton.com	dead	000
Hammer Appraisal LLC	hammerappraisal.com	HIT_strong	200
Sacramento Appraisal Group	sacramentoappraisalsgroup.com	dead	000
Michael Han Appraisals	michaelhanappraisals.com	dead	000
Sacramento Appraisal Group	sacramentoappraisalgroup.com	HIT_strong	200
Michael Han Appraisals	michaelhanappraisal.com	dead	000
Hanada Appraisal Service	hanadaappraisalervice.com	dead	000
Hanada Appraisal Service	hanadaappraisal.com	dead	000
Hanada Appraisal Service	hanadaappraisalservice.com	dead	000
Doc Appraisals	docappraisal.com	dead	000
Doc Appraisals	docappraisals.com	dead	000
J&L Hancock Appraisals	jandlhancockappraisals.com	dead	000
J&L Hancock Appraisals	jandlhancockappraisal.com	dead	000
Valley Appraisal Service	valleyappraisal.com	dead	000
CG Appraisal,inc	cgappraisalsinc.com	dead	000
Handy and Associates	handyandassociates.com	dead	000
Handy and Associates	handyand.com	dead	000
Tom Hanks Appraisals	tomhanksappraisal.com	dead	000
Tom Hanks Appraisals	tomhanksappraisals.com	dead	000
CG Appraisal,inc	cgappraisalinc.com	dead	000
Gina Cursi	ginacursi.com	dead	000
STEVEN HANNIGAN APPRAISAL	stevenhanniganappraisal.com	dead	000
STEVEN HANNIGAN APPRAISAL	stevenhanniganappraisals.com	dead	000
Zayas Real Estate Solutions LLC	zayasrealestatesolutions.com	dead	000
Lyndsay Hanson	lyndsayhanson.com	dead	000
Patriot Appraisals	patriotappraisals.com	dead	000
Hanson Real Estate Group	hansonrealestategroup.com	HIT_weak	200
Hanson Real Estate Group	hansonrealestate.com	HIT_weak	200
Above All Appraisals	aboveallappraisals.com	dead	000
Spartacus Appraisals, Inc.	spartacusappraisal.com	dead	000
Above All Appraisals	aboveallappraisal.com	dead	000
Spartacus Appraisals, Inc.	spartacusappraisals.com	dead	000
Haragely Appraisals Inc.	haragelyappraisal.com	dead	000
Haragely Appraisals Inc.	haragelyappraisals.com	dead	000
Precise Appraisal Service	preciseappraisalservice.com	dead	000
Precise Appraisal Service	preciseappraisalervice.com	dead	000
Hardin Appraisal	hardinappraisal.com	dead	000
Solano Appraisal	solanoappraisal.com	dead	000
Century Appraisal Group	centuryappraisalgroup.com	dead	000
Precise Appraisal Service	preciseappraisal.com	dead	403
Century Appraisal Group	centuryappraisalsgroup.com	dead	000
David Harless	davidharless.com	dead	000
Hardin Appraisal	hardinappraisals.com	HIT_strong	200
Theodore Harmand Appraisals	theodoreharmandappraisal.com	dead	000
Theodore Harmand Appraisals	theodoreharmandappraisals.com	dead	000
U. S. Department of Housing and Urban Development	usdepartmentofhousingandurbandevelopment.com	dead	000
Premier Appraisals LLC	premierappraisals.com	parked	body
Prime Appraisal Services	primeappraisalservices.com	dead	000
VLH Valuations and Consulting	vlhvaluationsandconsulting.com	dead	000
Current Valuations, LLC	currentvaluations.com	dead	000
Premier Appraisals LLC	premierappraisal.com	dead	000
Southern California Home Appraisal & Cynthia Harris Appraisal	southerncaliforniahomeappraisalsandcynthiaharrisappraisals.com	dead	000
Prime Appraisal Services	primeappraisal.com	dead	000
Harris Appraisals	harrisappraisals.com	dead	000
Harris Real Estate Valuation and Consulting, LLC	harrisrealestatevaluationandconsulting.com	dead	000
EZ Appraisals	ezappraisals.com	dead	000
Harris Valuation Solutions, LLC	harrisvaluationsolutions.com	dead	000
Anchor Appraisals, Inc	anchorappraisals.com	HIT_strong	200
Harris Appraisal Services	harrisappraisalervices.com	dead	000
Harris Appraisal Services	harrisappraisalservices.com	dead	000
Orangecrest Appraisal Service	orangecrestappraisalservice.com	dead	000
Orangecrest Appraisal Service	orangecrestappraisalervice.com	dead	000
John & Associates	johnand.com	dead	000
Orangecrest Appraisal Service	orangecrestappraisal.com	dead	000
Alex L. Hart	alexlhart.com	dead	000
Appraisal Solutions	appraisalsolutions.com	dead	000
sally harris	sallyharris.com	dead	403
Hart Certified Appraisal Service	hartcertifiedappraisal.com	dead	000
HART & HART APPRAISAL SERVICE	hartandhartappraisal.com	dead	000
Hart Certified Appraisal Service	hartcertifiedappraisalervice.com	dead	000
HART & HART APPRAISAL SERVICE	hartandhartappraisalservice.com	dead	000
Hammer Appraisal LLC	hammerappraisals.com	dead	000
Hart Certified Appraisal Service	hartcertifiedappraisalservice.com	dead	000
HART & HART APPRAISAL SERVICE	hartandhartappraisalervice.com	dead	000
Hartley Appraisal Service	hartleyappraisalervice.com	dead	000
Hartley Appraisal Service	hartleyappraisal.com	dead	000
Appraisal Link	appraisallink.com	dead	000
Midnight Appraisal Service	midnightappraisalervice.com	dead	000
Hartley Appraisal Service	hartleyappraisalservice.com	dead	000
Midnight Appraisal Service	midnightappraisal.com	dead	000
Midnight Appraisal Service	midnightappraisalservice.com	dead	000
Barry Harward Appraisal	barryharwardappraisal.com	dead	000
Hasch Appraisals	haschappraisal.com	dead	000
Barry Harward Appraisal	barryharwardappraisals.com	dead	000
Hasch Appraisals	haschappraisals.com	HIT_strong	200
Hansen Appraisals	hansenappraisals.com	parked	body
Appraisal Depot	appraisalsdepot.com	dead	000
All Residential Appraisal	allresidentialappraisals.com	dead	000
All Residential Appraisal	allresidentialappraisal.com	dead	000
Hatfield Appraisal's , Inc.	hatfieldappraisal.com	dead	000
Hansen Appraisals	hansenappraisal.com	HIT_strong	200
Joe C Havel IV	joechaveliv.com	dead	000
Action Appraisal Team	actionappraisalsteam.com	dead	000
Havel Appraisals	havelappraisal.com	dead	000
Action Appraisal Team	actionappraisalteam.com	HIT_strong	200
Hatfield Appraisal's , Inc.	hatfieldappraisals.com	HIT_strong	200
Laurie Hawes Appraisal Service	lauriehawesappraisal.com	dead	000
Laurie Hawes Appraisal Service	lauriehawesappraisalservice.com	dead	000
Laurie Hawes Appraisal Service	lauriehawesappraisalervice.com	dead	000
Havel Appraisals	havelappraisals.com	dead	000
Full Tilt Appraisals, LLC	fulltiltappraisal.com	dead	000
Appraisal Company of Southern Oregon	appraisalsofsouthernoregon.com	dead	000
Justin Hawkes	justinhawkes.com	empty	200
Appraisal Company of Southern Oregon	appraisalofsouthernoregon.com	dead	000
Hearn Quality Appraisal, Inc	hearnqualityappraisals.com	dead	000
Hearn Quality Appraisal, Inc	hearnqualityappraisal.com	dead	000
Full Tilt Appraisals, LLC	fulltiltappraisals.com	HIT_strong	200
Tim E. Hecht	timehecht.com	dead	000
Brad Heavey Real Estate	bradheaveyrealestate.com	dead	000
Sarah L. Hecker Appraisal Services	sarahlheckerappraisal.com	dead	000
Sarah L. Hecker Appraisal Services	sarahlheckerappraisalservices.com	dead	000
Jennifer Heath, LLC	jenniferheath.com	empty	200
Sarah L. Hecker Appraisal Services	sarahlheckerappraisalervices.com	dead	000
Heebner Appraisal Services	heebnerappraisalervices.com	dead	000
Solano Appraisal	solanoappraisals.com	dead	000
Heffernan Appraisal Services	heffernanappraisalservices.com	dead	000
Heebner Appraisal Services	heebnerappraisal.com	dead	000
Heebner Appraisal Services	heebnerappraisalservices.com	dead	000
Heffernan Appraisal Services	heffernanappraisalervices.com	dead	000
Heffernan Appraisal Services	heffernanappraisal.com	dead	000
Triton Real Estate Advisors	tritonrealestateadvisors.com	dead	000
Eric W Heideman	ericwheideman.com	dead	000
Appraisal - One	appraisalone.com	HIT_strong	202
Appraisal - One	appraisalsone.com	dead	000
Hall & Associates	hallandassociates.com	dead	000
Century Appraisal Group	centuryappraisal.com	dead	000
Heiss Appraisals, Inc.	heissappraisal.com	dead	000
Heitmann Appraisals	heitmannappraisal.com	dead	000
Heiss Appraisals, Inc.	heissappraisals.com	dead	000
Heitmann Appraisals	heitmannappraisals.com	dead	000
Hurff Appraisal Group	hurffappraisalsgroup.com	dead	000
Hurff Appraisal Group	hurffappraisalgroup.com	dead	000
Hanson & Associates	hansonand.com	dead	000
Hanson & Associates	hansonandassociates.com	dead	000
Appraisal Shop Pro	appraisalhoppro.com	dead	000
Appraisal Shop Pro	appraisalshoppro.com	dead	000
Value Point	valuepoint.com	HIT_strong	200
Accurate Quick Appraisal	accuratequickappraisals.com	dead	000
Choice Appraisals	choiceappraisals.com	dead	000
Accurate Quick Appraisal	accuratequickappraisal.com	dead	000
Hurff Appraisal Group	hurffappraisal.com	HIT_strong	200
Kevin R. Henry, Inc.	kevinrhenry.com	dead	000
Premier Appraisal and Real Estate	premierappraisalandrealestate.com	dead	000
Premier Appraisal and Real Estate	premierappraisalsandrealestate.com	dead	000
Sierra Lifestyle Appraisal Services	sierralifestyleappraisalservices.com	dead	000
Sierra Lifestyle Appraisal Services	sierralifestyleappraisal.com	dead	000
Aloha Appraisals	alohaappraisals.com	HIT_strong	200
Sierra Lifestyle Appraisal Services	sierralifestyleappraisalervices.com	dead	000
Hensley Appraisal Services Inc	hensleyappraisalervices.com	dead	000
Hensley Appraisal Services Inc	hensleyappraisalservices.com	dead	000
DHAG Corp.	dhag.com	dead	000
Hensley Appraisal Services Inc	hensleyappraisal.com	dead	000
Hampshire Certified Appraisals	hampshirecertifiedappraisals.com	dead	000
Kathleen Herman Appraisal Service	kathleenhermanappraisalservice.com	dead	000
Henson Appraisals	hensonappraisal.com	dead	000
Kathleen Herman Appraisal Service	kathleenhermanappraisalervice.com	dead	000
Hampshire Certified Appraisals	hampshirecertifiedappraisal.com	dead	000
Kathleen Herman Appraisal Service	kathleenhermanappraisal.com	dead	000
Nadya Alicia Hermez	nadyaaliciahermez.com	dead	000
Performance Real Estate Appraisal	performancerealestateappraisal.com	dead	000
Performance Real Estate Appraisal	performancerealestateappraisals.com	dead	000
Sacramento Appraisal Group	sacramentoappraisal.com	dead	000
Pegasus Appraisal Services	pegasusappraisalervices.com	dead	000
Alejandro R. Herrera	alejandrorherrera.com	dead	000
Pegasus Appraisal Services	pegasusappraisal.com	HIT_strong	200
Xpress Valuations	xpressvaluations.com	HIT_strong	200
Pegasus Appraisal Services	pegasusappraisalservices.com	dead	000
Jeffrey Hess Real Estate Services	jeffreyhessrealestateservices.com	dead	000
Appraisal Data Services	appraisalsdataservices.com	dead	000
Richard R. Herrera	richardrherrera.com	dead	000
Appraisal Data Services	appraisaldataservices.com	parked	body
Hess Appraisal Service	hessappraisalservice.com	dead	000
Jeffrey Hess Real Estate Services	jeffreyhessrealestate.com	dead	000
Hess Appraisal Service	hessappraisal.com	dead	000
Kevin Hetzel Appraisal	kevinhetzelappraisals.com	dead	000
Effort Appraisal Group	effortappraisalsgroup.com	dead	000
Kevin Hetzel Appraisal	kevinhetzelappraisal.com	dead	000
Appraisal Concepts	appraisalsconcepts.com	dead	000
Anaverde Appraisal	anaverdeappraisals.com	dead	000
Darrell E. Hill	darrellehill.com	dead	000
Bchillin Enterprises	bchillinenterprises.com	dead	000
Hess Appraisal Service	hessappraisalervice.com	dead	000
Anaverde Appraisal	anaverdeappraisal.com	HIT_strong	200
Appraising Gold Country, Inc.	appraisinggoldcountry.com	HIT_strong	200
Hill Appraisal	hillappraisal.com	dead	000
Hill House Appraisal Services	hillhouseappraisalervices.com	dead	000
Hill House Appraisal Services	hillhouseappraisalservices.com	dead	000
Hill House Appraisal Services	hillhouseappraisal.com	dead	000
Sheri Hill Appraisals	sherihillappraisals.com	dead	000
Sheri Hill Appraisals	sherihillappraisal.com	dead	000
Paul Hilliker & Associates	paulhillikerand.com	dead	000
Paul Hilliker & Associates	paulhillikerandassociates.com	dead	000
B Hills Appraisals	bhillsappraisals.com	dead	000
B Hills Appraisals	bhillsappraisal.com	dead	000
Kimberley Hindman	kimberleyhindman.com	dead	000
William A Hinzo Appraisals	williamahinzoappraisals.com	dead	000
Carolyn E Hinkey Garnett, Appraiser	carolynehinkeygarnettappraiser.com	dead	000
William A Hinzo Appraisals	williamahinzoappraisal.com	dead	000
Here For You Appraisal Services	hereforyouappraisalervices.com	dead	000
Here For You Appraisal Services	hereforyouappraisal.com	dead	000
Coastlines Appraisal	coastlinesappraisals.com	dead	000
Here For You Appraisal Services	hereforyouappraisalservices.com	dead	000
J.H. Appraisal Services	jhappraisal.com	dead	000
Coastlines Appraisal	coastlinesappraisal.com	dead	000
J.H. Appraisal Services	jhappraisalervices.com	dead	000
J.H. Appraisal Services	jhappraisalservices.com	dead	000
Anchor Appraisals, Inc	anchorappraisal.com	dead	000
JJR Appraisal Services	jjrappraisalservices.com	dead	000
JJR Appraisal Services	jjrappraisalervices.com	dead	000
Expedia Appraisals, Inc	expediaappraisal.com	dead	000
JJR Appraisal Services	jjrappraisal.com	HIT_strong	200
Cupertino Resource Group	cupertinoresourcegroup.com	dead	000
Cupertino Resource Group	cupertinoresource.com	dead	000
Expedia Appraisals, Inc	expediaappraisals.com	dead	000
Valutante Appraisals	valutanteappraisals.com	dead	000
Valutante Appraisals	valutanteappraisal.com	dead	000
FMV Appraisal	fmvappraisals.com	HIT_strong	200
APPRAISAL DEPARTMENT - HOBBS A	appraisaldepartmenthobbsa.com	dead	000
APPRAISAL DEPARTMENT - HOBBS A	appraisalsdepartmenthobbsa.com	dead	000
Hodge Appraisal Services	hodgeappraisalservices.com	dead	000
Hodge Appraisal Services	hodgeappraisalervices.com	dead	000
Aztec Real Estate Inc.	aztecrealestate.com	parked	body
Harris Appraisals	harrisappraisal.com	dead	000
Effort Appraisal Group	effortappraisalgroup.com	dead	000
Hodge Appraisal Services	hodgeappraisal.com	dead	000
Henson Appraisals	hensonappraisals.com	dead	000
Thomas Hoang	thomashoang.com	parked	body
Diversified Appraisal Services	diversifiedappraisalservices.com	dead	000
Diversified Appraisal Services	diversifiedappraisalervices.com	dead	000
MBH Appraisal Services, Inc.	mbhappraisalervices.com	dead	000
Fast Appraisals	fastappraisals.com	HIT_strong	302
MBH Appraisal Services, Inc.	mbhappraisalservices.com	dead	000
MBH Appraisal Services, Inc.	mbhappraisal.com	dead	000
Hogan Appraisal Service	hoganappraisalservice.com	dead	000
Hogan Appraisals	hoganappraisals.com	dead	000
Diversified Appraisal Services	diversifiedappraisal.com	HIT_strong	200
Hogan Appraisal Service	hoganappraisalervice.com	dead	000
Harris Appraisal Services	harrisappraisal.com	dead	000
JAH Appraisal Group	jahappraisalgroup.com	dead	000
Hogan Appraisals	hoganappraisal.com	HIT_strong	200
Axis Appraisal Solutions	axisappraisalolutions.com	dead	000
JAH Appraisal Group	jahappraisal.com	dead	000
JAH Appraisal Group	jahappraisalsgroup.com	dead	000
Hogan Appraisal Service	hoganappraisal.com	HIT_strong	200
Kent Hollingsworth	kenthollingsworth.com	dead	000
Valuation Now Appraisals, Inc	valuationnowappraisals.com	dead	000
Summit Appraisal, Inc	summitappraisals.com	HIT_strong	200
Valuation Now Appraisals, Inc	valuationnowappraisal.com	dead	000
H + H Real Estate Appraisal Services	hhrealestateappraisalservices.com	dead	000
Hollingsworth Appraisal Service	hollingsworthappraisalervice.com	dead	000
Hollingsworth Appraisal Service	hollingsworthappraisalservice.com	dead	000
H + H Real Estate Appraisal Services	hhrealestateappraisalervices.com	dead	000
Hollingsworth Appraisal Service	hollingsworthappraisal.com	dead	000
Holman Appraisal Service	holmanappraisalervice.com	dead	000
Holly & Associates	hollyand.com	dead	000
H + H Real Estate Appraisal Services	hhrealestateappraisal.com	dead	000
Linda Holman	lindaholman.com	dead	000
Holly & Associates	hollyandassociates.com	dead	000
RICHARD E. HILL, INC.	richardehill.com	dead	000
Holman Appraisal Service	holmanappraisalservice.com	dead	000
Holman Appraisal Service	holmanappraisal.com	dead	000
Premier Appraising	premierappraising.com	HIT_strong	200
Keith Joseph Holmes	keithjosephholmes.com	dead	000
Holt Appraisal Services	holtappraisalservices.com	dead	000
Sage Home Valuations	sagehomevaluations.com	HIT_strong	200
Holt Appraisal Services	holtappraisalervices.com	dead	000
Holt Appraisal Services	holtappraisal.com	dead	000
Amanda Holt	amandaholt.com	empty	200
Appraisal Depot	appraisaldepot.com	dead	000
Holmes Appraisal	holmesappraisals.com	dead	000
Region 3 Appraisal	region3appraisal.com	HIT_strong	200
Region 3 Appraisal	region3appraisals.com	dead	000
Hommel Appraisal Services	hommelappraisalservices.com	dead	000
Hommel Appraisal Services	hommelappraisalervices.com	dead	000
Hommel Appraisal Services	hommelappraisal.com	dead	000
Associated Real Estate Appraisers	associatedrealestateappraisers.com	dead	000
JH Valuations	jhvaluations.com	HIT_strong	200
Zip Appraisal Co.	zipappraisal.com	HIT_strong	200
J & J Appraisals	jandjappraisal.com	HIT_strong	200
Holmes Appraisal	holmesappraisal.com	HIT_strong	200
Zip Appraisal Co.	zipappraisals.com	dead	404
J & J Appraisals	jandjappraisals.com	HIT_strong	200
Hooks and Associates	hooksand.com	dead	000
HH Appraisal	hhappraisals.com	dead	000
HH Appraisal	hhappraisal.com	dead	000
Hooks and Associates	hooksandassociates.com	nomatch	202
Michael Hooper	michaelhooper.com	dead	000
Rocker Appraisal Services	rockerappraisalervices.com	dead	000
Rocker Appraisal Services	rockerappraisalservices.com	dead	000
Rocker Appraisal Services	rockerappraisal.com	dead	000
First Class Appraisal Service	firstclassappraisalservice.com	dead	000
First Class Appraisal Service	firstclassappraisalervice.com	dead	000
Brandon Hoppert Appraisals	brandonhoppertappraisal.com	dead	000
APR Appraisals of Sacramento	aprappraisalofsacramento.com	dead	000
APR Appraisals of Sacramento	aprappraisalsofsacramento.com	dead	000
Brandon Hoppert Appraisals	brandonhoppertappraisals.com	dead	000
Appraisal Data Services	appraisaldata.com	dead	000
Horewitz Valuation Services	horewitzvaluationservices.com	dead	000
The Appraisal Zone	theappraisalzone.com	dead	000
First Class Appraisal Service	firstclassappraisal.com	dead	000
The Appraisal Zone	theappraisalszone.com	dead	000
Horewitz Valuation Services	horewitzvaluation.com	dead	000
A-1 Appraisal Service	a1appraisalervice.com	dead	000
Horowitz Appraisal Service, Inc	horowitzappraisalervice.com	dead	000
Horton Property Appraisals	hortonpropertyappraisals.com	dead	000
Horton Property Appraisals	hortonpropertyappraisal.com	dead	000
ALH Appraisal Services	alhappraisalervices.com	dead	000
Aloha Appraisals	alohaappraisal.com	dead	000
Hill Appraisal	hillappraisals.com	dead	000
Hosking Appraisal Group, Inc.	hoskingappraisalgroup.com	dead	000
Horowitz Appraisal Service, Inc	horowitzappraisalservice.com	HIT_strong	200
Hosking Appraisal Group, Inc.	hoskingappraisalsgroup.com	dead	000
ALH Appraisal Services	alhappraisal.com	dead	000
Hosking Appraisal Group, Inc.	hoskingappraisal.com	dead	000
Hoss Appraisals, Inc.	hossappraisal.com	dead	000
Hoss Appraisals, Inc.	hossappraisals.com	dead	000
Appraisal Resource	appraisalsresource.com	dead	000
J Hoth Appraisal LLC	jhothappraisal.com	dead	000
J Hoth Appraisal LLC	jhothappraisals.com	dead	000
Houghton Appraisals	houghtonappraisals.com	dead	000
Houghton Appraisals	houghtonappraisal.com	dead	000
Householder Appraisals LLC	householderappraisals.com	dead	000
Householder Appraisals LLC	householderappraisal.com	dead	000
Effort Appraisal Group	effortappraisal.com	dead	000
Kirk Appraisal Group	kirkappraisalsgroup.com	dead	000
Appraisal Concepts	appraisalconcepts.com	dead	000
Kirk Appraisal Group	kirkappraisalgroup.com	dead	000
Michael Howard Appraisals	michaelhowardappraisals.com	dead	000
Michael Howard Appraisals	michaelhowardappraisal.com	dead	000
Summit Appraisal, Inc	summitappraisal.com	dead	000
Kirk Appraisal Group	kirkappraisal.com	HIT_strong	200
Appraisal Resource	appraisalresource.com	parked	body
Michael Howard, Real Estate Appraiser	michaelhowardrealestateappraiser.com	dead	000
W.J. Howard Appraisals	wjhowardappraisal.com	dead	000
Associated Appraisaers, Inc.	associatedappraisaers.com	dead	000
ValueQuest Pro P.C.	valuequestpro.com	dead	000
City Appraisal	cityappraisal.com	dead	000
South Coast Appraisals	southcoastappraisals.com	HIT_strong	200
W.J. Howard Appraisals	wjhowardappraisals.com	dead	000
CSH Appraisals	cshappraisal.com	dead	000
CSH Appraisals	cshappraisals.com	HIT_strong	200
The Appraisal Station	theappraisalstation.com	HIT_strong	200
The Appraisal Station	theappraisaltation.com	dead	000
South Coast Appraisals	southcoastappraisal.com	dead	000
CalAppraisal.Com	calappraisalscom.com	dead	000
CalAppraisal.Com	calappraisalcom.com	dead	000
K. J. Appraisal Services	kjappraisalservices.com	dead	000
Hoy Real Estate	hoyrealestate.com	dead	000
K. J. Appraisal Services	kjappraisalervices.com	dead	000
K. J. Appraisal Services	kjappraisal.com	dead	000
Action Appraisal	actionappraisal.com	HIT_strong	200
Top One Appraisal Inc	toponeappraisals.com	dead	000
Action Appraisal	actionappraisals.com	dead	000
KT Appraisal	ktappraisal.com	dead	000
MT Huang & Associates	mthuangand.com	dead	000
MT Huang & Associates	mthuangandassociates.com	dead	000
KT Appraisal	ktappraisals.com	dead	000
Thomas Hubbard Appraisals	thomashubbardappraisal.com	dead	000
Thomas Hubbard Appraisals	thomashubbardappraisals.com	dead	000
Thomas P. Hubschman Appraisals	thomasphubschmanappraisals.com	dead	000
Thomas P. Hubschman Appraisals	thomasphubschmanappraisal.com	dead	000
The Appraisal Works	theappraisalsworks.com	dead	000
The Appraisal Works	theappraisalworks.com	dead	000
CH&P Appraisals	chandpappraisal.com	dead	000
CH&P Appraisal Service	chandpappraisalervice.com	dead	000
CH&P Appraisals	chandpappraisals.com	dead	000
CH&P Appraisal Service	chandpappraisal.com	dead	000
CH&P Appraisal Service	chandpappraisalservice.com	dead	000
Huerta Appraisal Company	huertaappraisals.com	dead	000
Huerta Appraisal Company	huertaappraisal.com	dead	000
Huffman Appraisals	huffmanappraisals.com	dead	000
JTK Appraisal Services	jtkappraisalservices.com	dead	000
Huffman Appraisals	huffmanappraisal.com	HIT_strong	200
JTK Appraisal Services	jtkappraisalervices.com	dead	000
Innovative Valuation	innovativevaluation.com	HIT_weak	200
JTK Appraisal Services	jtkappraisal.com	dead	000
FMV Appraisal	fmvappraisal.com	dead	000
Huffman Home Appraisal	huffmanhomeappraisals.com	dead	000
Huffman Home Appraisal	huffmanhomeappraisal.com	dead	000
Hughes Appraisal Service	hughesappraisalservice.com	dead	000
Hughes Appraisal Service	hughesappraisalervice.com	dead	000
Hughes Appraisal Service	hughesappraisal.com	dead	000
KH Appraisals	khappraisals.com	dead	000
Charlie Appraisal Inc.	charlieappraisal.com	dead	000
KH Appraisals	khappraisal.com	dead	000
Charlie Appraisal Inc.	charlieappraisals.com	dead	000
PGH Appraisal Service	pghappraisalervice.com	dead	000
PGH Appraisal Service	pghappraisal.com	dead	000
The SH Appraisal Services	theshappraisalervices.com	dead	000
AFFORDABLE APPRAISALS	affordableappraisals.com	dead	000
PGH Appraisal Service	pghappraisalservice.com	dead	000
The SH Appraisal Services	theshappraisal.com	dead	000
The SH Appraisal Services	theshappraisalservices.com	dead	000
HHAppraisal Services	hhappraisalervices.com	dead	000
HHAppraisal Services	hhappraisal.com	dead	000
Edmund Hum	edmundhum.com	dead	000
ALH Appraisal Services	alhappraisalservices.com	HIT_strong	200
HHAppraisal Services	hhappraisalservices.com	HIT_strong	200
Uptowne Appraisal Service, Inc.	uptowneappraisalervice.com	dead	000
Uptowne Appraisal Service, Inc.	uptowneappraisalservice.com	dead	000
Spencer B. Humphrey & Associates	spencerbhumphreyandassociates.com	dead	000
Sue Humphrey's Appraisal Resource	suehumphreysappraisalsresource.com	dead	000
Uptowne Appraisal Service, Inc.	uptowneappraisal.com	dead	000
Spencer B. Humphrey & Associates	spencerbhumphreyand.com	dead	000
Sue Humphrey's Appraisal Resource	suehumphreysappraisalresource.com	dead	000
GHI Appraisal Service	ghiappraisal.com	HIT_strong	200
Hund Appraisal Services	hundappraisalservices.com	dead	000
Hund Appraisal Services	hundappraisalervices.com	dead	000
Hund Appraisal Services	hundappraisal.com	dead	000
GHI Appraisal Service	ghiappraisalervice.com	dead	000
Axis Appraisal Solutions	axisappraisalsolutions.com	dead	000
Huntley Appraisal Group	huntleyappraisal.com	dead	000
Reed Appraisal Service and Appraise Live, LLC	reedappraisalerviceandappraiselive.com	dead	000
Peter H Hung	peterhhung.com	dead	000
Reed Appraisal Service and Appraise Live, LLC	reedappraisalserviceandappraiselive.com	dead	000
GHI Appraisal Service	ghiappraisalservice.com	dead	000
Huntley Appraisal Group	huntleyappraisalsgroup.com	dead	000
Huntley Appraisal Group	huntleyappraisalgroup.com	dead	000
Appraisal Office	appraisalsoffice.com	dead	000
SoCal Home Services, Inc	socalhomeservices.com	HIT_weak	200
Madica Corp	madica.com	dead	000
JTH Appraisals	jthappraisals.com	dead	000
Appraisal Office	appraisaloffice.com	dead	000
SoCal Appraisal Network	socalappraisalsnetwork.com	dead	000
SoCal Home Services, Inc	socalhome.com	dead	000
JTH Appraisals	jthappraisal.com	dead	000
SoCal Appraisal Network	socalappraisalnetwork.com	dead	000
Laura A. Ibarra	lauraaibarra.com	dead	000
Countrywood Appraisals	countrywoodappraisal.com	dead	000
Countrywood Appraisals	countrywoodappraisals.com	HIT_strong	200
DJ Valuations	djvaluations.com	dead	000
Absolute Value Link	absolutevaluelink.com	dead	000
The Lawrence Group	thelawrencegroup.com	HIT_weak	200
The Lawrence Group	thelawrence.com	parked	body
3-D Appraisal Inc.	3dappraisals.com	dead	000
Dustin Iman Appraisals	dustinimanappraisals.com	dead	000
AFFORDABLE APPRAISALS	affordableappraisal.com	dead	000
Preeminence Corp	preeminence.com	HIT_weak	200
Iman Appraisals, Inc.	imanappraisal.com	dead	000
Hasan Bora Incesu	hasanboraincesu.com	dead	000
Dustin Iman Appraisals	dustinimanappraisal.com	dead	000
Dave Appraisal Services	daveappraisalservices.com	dead	000
Iman Appraisals, Inc.	imanappraisals.com	dead	000
Dave Appraisal Services	daveappraisalervices.com	dead	000
Jenifer Irey	jeniferirey.com	dead	000
Dave Appraisal Services	daveappraisal.com	dead	000
James Irons	jamesirons.com	dead	000
Allied Business Services	alliedbusiness.com	empty	200
Allied Business Services	alliedbusinessservices.com	parked	body
The Appraisal Spot	theappraisalpot.com	dead	000
Dmitri Isaev	dmitriisaev.com	dead	000
Alison Isom	alisonisom.com	dead	000
The Appraisal Spot	theappraisalspot.com	dead	000
Pavel Paul Ivanov	pavelpaulivanov.com	dead	000
Iversen Appraisal Group	iversenappraisalsgroup.com	dead	000
HMH	hmh.com	dead	000
Iversen Appraisal Group	iversenappraisalgroup.com	dead	000
Natalia G. Isurin	nataliagisurin.com	dead	000
Iversen Appraisal Group	iversenappraisal.com	dead	000
Acme Appraisal Services	acmeappraisalservices.com	dead	000
Acme Appraisal Services	acmeappraisalervices.com	dead	000
First American Staff Appraisals	firstamericanstaffappraisals.com	dead	000
First American Staff Appraisals	firstamericanstaffappraisal.com	dead	000
Karen Iwamiya	kareniwamiya.com	dead	000
Jonathan Lee Izumi Appraisal	jonathanleeizumiappraisal.com	dead	000
Jonathan Lee Izumi Appraisal	jonathanleeizumiappraisals.com	dead	000
Silver Oak Property Appraisals	silveroakpropertyappraisal.com	dead	000
D W Jackson Appraisals	dwjacksonappraisals.com	dead	000
Stafford Appraisals	staffordappraisal.com	HIT_strong	200
Silver Oak Property Appraisals	silveroakpropertyappraisals.com	HIT_strong	200
Stafford Appraisals	staffordappraisals.com	parked	body
D W Jackson Appraisals	dwjacksonappraisal.com	dead	000
Nimbus Appraisals, LLC	nimbusappraisal.com	dead	000
Jackson Appraisal	jacksonappraisal.com	parked	body
Jackson Appraisal Services	jacksonappraisalservices.com	HIT_strong	200
Jackson Appraisal Services	jacksonappraisalervices.com	dead	000
Jackson Appraisal Services	jacksonappraisal.com	parked	body
Jackson Appraisal	jacksonappraisals.com	dead	000
Accelerated Appraisals	acceleratedappraisals.com	parked	body
Jacobo Appraisal Inc.	jacoboappraisals.com	dead	000
A-1 Appraisal Service	a1appraisal.com	dead	000
A-1 Appraisal Service	a1appraisalservice.com	dead	000
Jacobson Appraisal Company	jacobsonappraisals.com	dead	000
Horowitz Appraisal Service, Inc	horowitzappraisal.com	dead	000
Jacobo Appraisal Inc.	jacoboappraisal.com	HIT_strong	200
Accelerated Appraisals	acceleratedappraisal.com	HIT_strong	200
Spyglass Appraisal LLC	spyglassappraisals.com	dead	000
Jacobus Appraisals	jacobusappraisals.com	dead	000
Jacobus Appraisals	jacobusappraisal.com	dead	000
A2Z Appraisal Services	a2zappraisalervices.com	dead	000
A2Z Appraisal Services	a2zappraisalservices.com	dead	000
A2Z Appraisal Services	a2zappraisal.com	HIT_strong	200
Carrie Jahnig Appraisals	carriejahnigappraisals.com	dead	000
Carrie Jahnig Appraisals	carriejahnigappraisal.com	dead	000
Spyglass Appraisal LLC	spyglassappraisal.com	dead	000
James Appraisal Services	jamesappraisalervices.com	dead	000
Core Appraisals	coreappraisals.com	HIT_strong	200
James Appraisal Services	jamesappraisalservices.com	dead	000
James Appraisal Services	jamesappraisal.com	HIT_strong	200
Chris Janikowski	chrisjanikowski.com	dead	000
Sunland Appraisals dba Sunland Home Valuations, Inc.	sunlandappraisaldbasunlandhomevaluations.com	dead	000
Jantz Appraisal Company	jantzappraisals.com	dead	000
Jantz Appraisal Company	jantzappraisal.com	dead	000
ValueGaurd Appraisals	valuegaurdappraisal.com	dead	000
Karen Jeffries Appraisal	karenjeffriesappraisals.com	dead	000
ValueGaurd Appraisals	valuegaurdappraisals.com	HIT_strong	200
Compass Appraisals, Inc.	compassappraisal.com	HIT_strong	202
Compass Appraisals, Inc.	compassappraisals.com	HIT_strong	200
Jenkins Appraisal Service	jenkinsappraisalervice.com	dead	000
Karen Jeffries Appraisal	karenjeffriesappraisal.com	dead	000
Appraisal Solutions & Products, LLC	appraisalsolutionsandproducts.com	dead	000
Appraisal Solutions & Products, LLC	appraisalolutionsandproducts.com	dead	000
Jenkins Appraisal Service	jenkinsappraisalservice.com	dead	000
Jennings Appraisal Services	jenningsappraisalervices.com	dead	000
Jenkins Appraisal Service	jenkinsappraisal.com	HIT_strong	200
Jennings Appraisal Services	jenningsappraisalservices.com	dead	000
Benchmark Appraisals	benchmarkappraisal.com	HIT_strong	200
Patrician H. Jennings Swan	patricianhjenningsswan.com	dead	000
City Appraisal	cityappraisals.com	dead	000
AM Appraisal	amappraisal.com	dead	000
Jennings Appraisal Services	jenningsappraisal.com	dead	000
H.C Jensen & Associates, Inc.	hcjensenandassociates.com	dead	000
H.C Jensen & Associates, Inc.	hcjensenand.com	dead	000
JJ Appraisals, Inc.	jjappraisals.com	HIT_strong	200
AppraisalTEC	appraisalstec.com	dead	000
AppraisalTEC	appraisaltec.com	HIT_strong	200
JJ Appraisals, Inc.	jjappraisal.com	HIT_strong	200
Jerde Appraisal Inc.	jerdeappraisals.com	dead	000
Better Mortgage	bettermortgage.com	dead	000
Jerde Appraisal Inc.	jerdeappraisal.com	dead	000
Mark Iverson	markiverson.com	dead	000
Larkport Appraisals, Inc.	larkportappraisal.com	dead	000
Caltop Appraisal	caltopappraisals.com	dead	000
AP Valuations	apvaluations.com	HIT_strong	200
Caltop Appraisal	caltopappraisal.com	dead	000
Larkport Appraisals, Inc.	larkportappraisals.com	dead	000
Talisman Appraisals	talismanappraisal.com	dead	000
Mid State Appraisals	midstateappraisals.com	dead	000
JW Real Estate LLC	jwrealestate.com	empty	200
Boardwalk Appraisal Services	boardwalkappraisalservices.com	dead	000
Boardwalk Appraisal Services	boardwalkappraisalervices.com	dead	000
Mid State Appraisals	midstateappraisal.com	HIT_strong	200
Talisman Appraisals	talismanappraisals.com	dead	404
Boardwalk Appraisal Services	boardwalkappraisal.com	dead	000
Palisade Appraisal	palisadeappraisals.com	dead	000
Top One Appraisal Inc	toponeappraisal.com	dead	000
Elite Appraisal Group	eliteappraisalsgroup.com	dead	000
48 Hour Appraisal	48hourappraisal.com	dead	000
Palisade Appraisal	palisadeappraisal.com	dead	000
Marjorie Johns	marjoriejohns.com	nomatch	200
Johnson Valuation Services	johnsonvaluationservices.com	dead	000
CJ Appraisal	cjappraisals.com	dead	000
3-D Appraisal Inc.	3dappraisal.com	dead	000
Amerihome Mortgage Company, LLC	amerihomemortgage.com	dead	000
CJ Appraisal	cjappraisal.com	dead	000
Johnson Valuation Services	johnsonvaluation.com	HIT_strong	200
Code 3 Appraisal Incorporated	code3appraisal.com	dead	000
Dennis C. Johnson	denniscjohnson.com	dead	000
Code 3 Appraisal Incorporated	code3appraisals.com	dead	000
Jennifer Johnson Appraisal Services	jenniferjohnsonappraisalervices.com	dead	000
Jennifer Johnson Appraisal Services	jenniferjohnsonappraisal.com	dead	000
Jennifer Johnson Appraisal Services	jenniferjohnsonappraisalservices.com	dead	000
48 Hour Appraisal	48hourappraisals.com	dead	403
Ray Huff	rayhuff.com	dead	000
International Valuation Group	internationalvaluationgroup.com	dead	000
Johnson Appraisal	johnsonappraisal.com	HIT_strong	200
Kevin	kevin.com	dead	000
LMJ Appraisals	lmjappraisal.com	dead	000
LMJ Appraisals	lmjappraisals.com	dead	000
TK Appraisals	tkappraisals.com	HIT_strong	200
International Valuation Group	internationalvaluation.com	HIT_strong	200
Johnson Appraisal Services	johnsonappraisalervices.com	dead	000
TK Appraisals	tkappraisal.com	HIT_strong	200
Nimbus Appraisals, LLC	nimbusappraisals.com	HIT_strong	200
Johnson Appraisal Services	johnsonappraisalservices.com	dead	000
A Plus Appraisal	aplusappraisal.com	HIT_strong	200
Johnson & Associates Appraisal Services	johnsonandassociatesappraisalservices.com	dead	000
Johnson & Associates Appraisal Services	johnsonandassociatesappraisalervices.com	dead	000
Johnson & Associates Appraisal Services	johnsonandassociatesappraisal.com	dead	000
Freedom First Properties	freedomfirstproperties.com	parked	body
Woodcreek Appraisal Service, Inc.	woodcreekappraisalervice.com	dead	000
Johnson Appraisal Services	johnsonappraisal.com	HIT_strong	200
Woodcreek Appraisal Service, Inc.	woodcreekappraisalservice.com	dead	000
Woodcreek Appraisal Service, Inc.	woodcreekappraisal.com	dead	000
Tonnesen Appraisal Service	tonnesenappraisalervice.com	dead	000
Tonnesen Appraisal Service	tonnesenappraisalservice.com	dead	000
RWJ Appraisals LLC	rwjappraisal.com	dead	000
RWJ Appraisals LLC	rwjappraisals.com	dead	000
Johnson & Associates	johnsonandassociates.com	HIT_weak	200
RSDS, LLC.	rsds.com	dead	000
Johnson Appraisals	johnsonappraisal.com	HIT_strong	200
Ace High Appraisals	acehighappraisal.com	dead	000
Gabriel Johnston Appraisal	gabrieljohnstonappraisals.com	dead	000
Gabriel Johnston Appraisal	gabrieljohnstonappraisal.com	dead	000
Ace High Appraisals	acehighappraisals.com	HIT_strong	200
Hansen Beau Johnston	hansenbeaujohnston.com	dead	000
HLJ Appraisers, Inc.	hljappraisers.com	HIT_strong	200
Steven A Johnston Appraisal	stevenajohnstonappraisal.com	dead	000
Steven A Johnston Appraisal	stevenajohnstonappraisals.com	dead	000
The Johnston Group	thejohnstongroup.com	HIT_strong	200
Cheryl Johnston-Dwyer	cheryljohnstondwyer.com	dead	000
North South Appraisal Services	northsouthappraisal.com	dead	000
North South Appraisal Services	northsouthappraisalervices.com	dead	000
Tonnesen Appraisal Service	tonnesenappraisal.com	parked	body
The Johnston Group	thejohnston.com	dead	000
North South Appraisal Services	northsouthappraisalservices.com	dead	000
Jones Real Estate Appraisal	jonesrealestateappraisals.com	dead	000
Wiest & Associates	wiestand.com	dead	000
Wiest & Associates	wiestandassociates.com	dead	000
Jones Real Estate Appraisal	jonesrealestateappraisal.com	dead	000
California Pacific Appraisal	californiapacificappraisals.com	dead	000
California Pacific Appraisal	californiapacificappraisal.com	dead	000
MVP Appraisals	mvpappraisal.com	dead	000
Royal Heritage Appraisals LLC	royalheritageappraisal.com	dead	000
Royal Heritage Appraisals LLC	royalheritageappraisals.com	dead	000
MVP Appraisals	mvpappraisals.com	dead	000
Elite Appraisal Group	eliteappraisalgroup.com	dead	000
OnPoint Appraisal Services, Inc.	onpointappraisalservices.com	dead	000
MJ Appraisal	mjappraisal.com	HIT_strong	200
OnPoint Appraisal Services, Inc.	onpointappraisalervices.com	dead	000
OnPoint Appraisal Services, Inc.	onpointappraisal.com	HIT_strong	200
The Jones Group	thejones.com	dead	000
Acme Appraisal Services	acmeappraisal.com	dead	000
Mountain Valley Appraisal & Realty, LLC	mountainvalleyappraisalsandrealty.com	dead	000
Mountain Valley Appraisal & Realty, LLC	mountainvalleyappraisalandrealty.com	dead	000
Accelerated Appraisal LLC	acceleratedappraisal.com	HIT_strong	200
Accelerated Appraisal LLC	acceleratedappraisals.com	parked	body
VIckie Joy Real Estate Appraisal Services	vickiejoyrealestateappraisalervices.com	dead	000
VIckie Joy Real Estate Appraisal Services	vickiejoyrealestateappraisalservices.com	dead	000
Jacobson Appraisal Company	jacobsonappraisal.com	dead	000
VIckie Joy Real Estate Appraisal Services	vickiejoyrealestateappraisal.com	dead	000
Judson Appraisals	judsonappraisal.com	dead	000
TJ Appraisals, Inc.	tjappraisal.com	dead	000
Judson Appraisals	judsonappraisals.com	dead	000
TJ Appraisals, Inc.	tjappraisals.com	dead	000
Just Appraisals	justappraisals.com	HIT_strong	200
Just Appraisals	justappraisal.com	HIT_strong	200
Just Appraisals, Inc.	justappraisal.com	HIT_strong	200
Just Company Appraisals	justappraisal.com	HIT_strong	200
Mission Group Appraisal	missiongroupappraisals.com	dead	000
Just Appraisals, Inc.	justappraisals.com	HIT_strong	200
California Standards Appraisal	californiastandardsappraisals.com	dead	000
Just Company Appraisals	justappraisals.com	HIT_strong	200
K & K Appraisal Services Inc	kandkappraisalservices.com	dead	000
VI-TECH Appraisals	vitechappraisal.com	dead	000
California Standards Appraisal	californiastandardsappraisal.com	dead	000
VI-TECH Appraisals	vitechappraisals.com	HIT_strong	200
Mission Group Appraisal	missiongroupappraisal.com	parked	body
K & K Appraisal Services Inc	kandkappraisalervices.com	dead	000
Jeffrey Kaiser and Associates, Inc.	jeffreykaiserand.com	dead	000
Jeffrey Kaiser and Associates, Inc.	jeffreykaiserandassociates.com	dead	000
Kaiser & Associates	kaiserandassociates.com	HIT_weak	200
K & K Appraisal Services Inc	kandkappraisal.com	dead	000
Corelogic	corelogic.com	HIT_strong	200
Core Appraisals	coreappraisal.com	dead	000
Kaiser & Associates	kaiserand.com	dead	000
Kaluzny Appraisal Group, Inc	kaluznyappraisalgroup.com	dead	000
Sacramento Valley Appraisal Group	sacramentovalleyappraisalgroup.com	dead	000
Sacramento Valley Appraisal Group	sacramentovalleyappraisalsgroup.com	dead	000
Sacramento Valley Appraisal Group	sacramentovalleyappraisal.com	HIT_strong	200
AM Appraisal	amappraisals.com	dead	000
Kaluzny Appraisal Group, Inc	kaluznyappraisalsgroup.com	dead	000
Kaluzny Appraisal Group, Inc	kaluznyappraisal.com	dead	000
At Last & Co Valuation Group, Inc	atlastandvaluationgroup.com	dead	000
Appraisal Access, Inc.	appraisalaccess.com	HIT_strong	200
Socal Appraisers	socalappraisers.com	parked	body
At Last & Co Valuation Group, Inc	atlastandvaluation.com	dead	000
Appraisal Access, Inc.	appraisalsaccess.com	dead	000
MK Appraisals	mkappraisals.com	dead	000
Precision Appraisal, Inc.	precisionappraisals.com	parked	body
Philip Kantorovich Appraisals	philipkantorovichappraisals.com	dead	000
GA Appraisals, Inc.	gaappraisals.com	HIT_strong	200
Precision Appraisal, Inc.	precisionappraisal.com	dead	000
GA Appraisals, Inc.	gaappraisal.com	HIT_strong	200
Nikki Kao Appraiser	nikkikaoappraiser.com	dead	000
Philip Kantorovich Appraisals	philipkantorovichappraisal.com	dead	000
Atara Appraisals	ataraappraisals.com	dead	000
AAA Value Write Appraisal Service	aaavaluewriteappraisalervice.com	dead	000
Atara Appraisals	ataraappraisal.com	dead	000
James Karagon/DBA AAA Value Write Appraisal Services	jameskaragondbaaaavaluewriteappraisal.com	dead	000
AAA Value Write Appraisal Service	aaavaluewriteappraisalservice.com	dead	000
AAA Value Write Appraisal Service	aaavaluewriteappraisal.com	dead	000
MK Appraisals	mkappraisal.com	HIT_strong	200
MSK Appraisal Services	mskappraisalservices.com	dead	000
James Karagon/DBA AAA Value Write Appraisal Services	jameskaragondbaaaavaluewriteappraisalervices.com	dead	000
MSK Appraisal Services	mskappraisal.com	dead	000
Karstens Appraisals, Inc.	karstensappraisals.com	dead	000
Karstens Appraisals, Inc.	karstensappraisal.com	dead	000
Benchmark Appraisals	benchmarkappraisals.com	dead	000
MSK Appraisal Services	mskappraisalervices.com	dead	000
GK Home Appraisals LLC	gkhomeappraisals.com	dead	000
ABC Appraisal Services, Inc.	abcappraisalservices.com	dead	000
GK Home Appraisals LLC	gkhomeappraisal.com	dead	000
Daniel Kashper	danielkashper.com	dead	000
ABC Appraisal Services, Inc.	abcappraisalervices.com	dead	000
Kato & Associates Appraisal  Services Inc.	katoandassociatesappraisal.com	dead	000
Kato & Associates Appraisal  Services Inc.	katoandassociatesappraisalservices.com	dead	000
Kato & Associates Appraisal  Services Inc.	katoandassociatesappraisalervices.com	dead	000
R&R Appraisal Services	randrappraisalservices.com	dead	000
R&R Appraisal Services	randrappraisalervices.com	dead	000
R&R Appraisal Services	randrappraisal.com	dead	000
KER Global, Inc.	kerglobal.com	empty	200
Kearney Appraisal	kearneyappraisals.com	dead	000
Inpac Appraisal Group	inpacappraisalsgroup.com	dead	000
Kearney Appraisal	kearneyappraisal.com	dead	000
Inpac Appraisal Group	inpacappraisal.com	dead	000
Ronald L. Keeler	ronaldlkeeler.com	dead	000
Inpac Appraisal Group	inpacappraisalgroup.com	dead	000
VICKI KEELER APPRAISALS	vickikeelerappraisal.com	dead	000
VICKI KEELER APPRAISALS	vickikeelerappraisals.com	dead	000
South OC Appraisal Estate, Inc	southocappraisalestate.com	dead	000
South OC Appraisal Estate, Inc	southocappraisalsestate.com	dead	000
Charles Keim's Appraisal Services	charleskeimsappraisal.com	dead	000
Charles Keim's Appraisal Services	charleskeimsappraisalervices.com	dead	000
Prompt Appraisal Services	promptappraisalervices.com	dead	000
Charles Keim's Appraisal Services	charleskeimsappraisalservices.com	dead	000
Michael E. Keller & Associates	michaelekellerandassociates.com	dead	000
Michael E. Keller & Associates	michaelekellerand.com	dead	000
Elite Appraisal Group	eliteappraisal.com	dead	000
Prompt Appraisal Services	promptappraisalservices.com	dead	000
Lighthouse Appraisals	lighthouseappraisals.com	HIT_strong	200
Kelley Appraisal Services, Inc.	kelleyappraisalervices.com	dead	000
Kelley Appraisal Services, Inc.	kelleyappraisalservices.com	dead	000
Kelley Appraisal Services, Inc.	kelleyappraisal.com	parked	body
Kelley & Associates	kelleyandassociates.com	dead	000
ABC Appraisal Services, Inc.	abcappraisal.com	HIT_strong	200
Kelley Appraisal & Real Estate Services	kelleyappraisalandrealestate.com	dead	000
Kelley Appraisal & Real Estate Services	kelleyappraisalandrealestateservices.com	dead	000
Johnson Appraisal	johnsonappraisals.com	dead	000
Kelley Appraisal & Real Estate Services	kelleyappraisalsandrealestateservices.com	dead	000
Kellogg Appraisals	kelloggappraisal.com	dead	000
Kellogg Appraisals	kelloggappraisals.com	dead	000
Kelley & Associates	kelleyand.com	HIT_strong	200
Kelly Appraisal Team, Inc.	kellyappraisalsteam.com	dead	000
Kelly's Appraisal Service	kellysappraisal.com	dead	000
Kelly's Appraisal Service	kellysappraisalservice.com	dead	000
Kelly's Appraisal Service	kellysappraisalervice.com	dead	000
Kelly's Appraisal Services	kellysappraisalervices.com	dead	000
Kelly Appraisal Team, Inc.	kellyappraisalteam.com	dead	000
Kelly's Appraisal Services	kellysappraisalservices.com	dead	000
The Kelly Appraisal Group	thekellyappraisal.com	dead	000
Kelly's Appraisal Services	kellysappraisal.com	dead	000
The Kelly Appraisal Group	thekellyappraisalgroup.com	dead	000
The Kelly Appraisal Group	thekellyappraisalsgroup.com	dead	000
Kelsh & Associates Consulting Services	kelshandassociatesconsultingservices.com	dead	000
Kelsh & Associates Consulting Services	kelshandassociatesconsulting.com	dead	000
A Plus Appraisal	aplusappraisals.com	dead	000
Kemp Appraisal Services	kempappraisalervices.com	dead	000
NORTHERN CALIFORNIA APPRAISAL	northerncaliforniaappraisals.com	dead	000
Kemp Appraisal Services	kempappraisalservices.com	dead	000
Kemp Appraisal Services	kempappraisal.com	dead	000
Wells Fargo Valuation Services	wellsfargovaluation.com	dead	000
Quentin Johnson	quentinjohnson.com	dead	000
Wells Fargo Valuation Services	wellsfargovaluationservices.com	dead	000
Kemper Capital Appraisals	kempercapitalappraisal.com	dead	000
Kemper Capital Appraisals	kempercapitalappraisals.com	dead	000
RKK Valuation	rkkvaluation.com	dead	000
DESERT ACREAGE APPRAISAL SERVICE	desertacreageappraisal.com	dead	000
Johnson & Associates	johnsonand.com	dead	000
DESERT ACREAGE APPRAISAL SERVICE	desertacreageappraisalservice.com	dead	000
DESERT ACREAGE APPRAISAL SERVICE	desertacreageappraisalervice.com	dead	000
Kennedy Appraisal	kennedyappraisal.com	HIT_strong	200
Johnson Appraisals	johnsonappraisals.com	dead	000
John P. Kenny	johnpkenny.com	dead	000
Kennedy Appraisal	kennedyappraisals.com	HIT_strong	200
River Valley Appraisals	rivervalleyappraisals.com	HIT_strong	200
Appraisal Research Company	appraisalsresearch.com	dead	000
United National Appraisal Corporation	unitednationalappraisals.com	dead	000
Brad Keshavarz	bradkeshavarz.com	dead	000
New Market Appraisals	newmarketappraisal.com	HIT_strong	200
United National Appraisal Corporation	unitednationalappraisal.com	dead	000
MJ Appraisal	mjappraisals.com	dead	000
River Valley Appraisals	rivervalleyappraisal.com	dead	404
Lora L. Kessler APPRAISALS INC	loralkesslerappraisals.com	dead	000
Lora L. Kessler APPRAISALS INC	loralkesslerappraisal.com	dead	000
B. Keyes Appraisal Services	bkeyesappraisalservices.com	dead	000
B. Keyes Appraisal Services	bkeyesappraisal.com	dead	000
B. Keyes Appraisal Services	bkeyesappraisalervices.com	dead	000
Heather Khan, Appraiser	heatherkhanappraiser.com	dead	000
Appraisal Research Company	appraisalresearch.com	dead	000
Movses Khachikyan	movseskhachikyan.com	dead	000
Calval Appraisal Services Incorporated	calvalappraisalservices.com	dead	000
Calval Appraisal Services Incorporated	calvalappraisalervices.com	dead	000
Calval Appraisal Services Incorporated	calvalappraisal.com	dead	000
County Appraisal Services	countyappraisalservices.com	dead	000
Ashour khosrowabadi Appraisal	ashourkhosrowabadiappraisal.com	dead	000
County Appraisal Services	countyappraisalervices.com	dead	000
Himmat Khunkhun Appraisal Service	himmatkhunkhunappraisalervice.com	dead	000
Ashour khosrowabadi Appraisal	ashourkhosrowabadiappraisals.com	dead	000
Himmat Khunkhun Appraisal Service	himmatkhunkhunappraisal.com	dead	000
Himmat Khunkhun Appraisal Service	himmatkhunkhunappraisalservice.com	dead	000
K1 Appraisal Services	k1appraisalservices.com	dead	000
Pacific Home Appraisers	pacifichomeappraisers.com	dead	000
K1 Appraisal Services	k1appraisalervices.com	dead	000
Four Winds Appraisal	fourwindsappraisal.com	dead	000
Four Winds Appraisal	fourwindsappraisals.com	dead	000
TLS Appraisal Services	tlsappraisalervices.com	dead	000
K1 Appraisal Services	k1appraisal.com	dead	000
ALL THAT APPRAISAL, INC.	allthatappraisals.com	dead	000
AL KIM APPRAISER	alkimappraiser.com	parked	body
TLS Appraisal Services	tlsappraisalservices.com	dead	000
DJ Appraisals, Inc.	djappraisals.com	dead	000
ALL THAT APPRAISAL, INC.	allthatappraisal.com	dead	000
Andante Appraisal	andanteappraisal.com	dead	000
TLS Appraisal Services	tlsappraisal.com	HIT_strong	200
DJ Appraisals, Inc.	djappraisal.com	HIT_strong	200
Bona Fide Appraisals	bonafideappraisals.com	HIT_strong	200
Andante Appraisal	andanteappraisals.com	dead	000
JY Appraisal Service, Inc	jyappraisalservice.com	dead	000
JY Appraisal Service, Inc	jyappraisalervice.com	dead	000
JY Appraisal Service, Inc	jyappraisal.com	dead	000
JK Appraisal	jkappraisals.com	dead	000
Bona Fide Appraisals	bonafideappraisal.com	HIT_strong	200
P&P Appraisal Service Inc	pandpappraisal.com	dead	000
P&P Appraisal Service Inc	pandpappraisalervice.com	dead	000
P&P Appraisal Service Inc	pandpappraisalservice.com	dead	000
JK Appraisal	jkappraisal.com	HIT_strong	200
Philip Kim's Appraisal	philipkimsappraisal.com	dead	000
Philip Kim's Appraisal	philipkimsappraisals.com	dead	000
The Jones Group	thejonesgroup.com	dead	000
Skyline Appraisal, Inc	skylineappraisals.com	HIT_strong	200
TSB Apraisal	tsbapraisal.com	dead	000
Steven  Kim Real Estate Appraiisal	stevenkimrealestateappraiisal.com	dead	000
Veracity Appraisal Services, Inc.	veracityappraisalservices.com	dead	000
POG Service	pogservice.com	nomatch	200
POG Service	pog.com	HIT_weak	200
Veracity Appraisal Services, Inc.	veracityappraisal.com	dead	000
Veracity Appraisal Services, Inc.	veracityappraisalervices.com	dead	000
Kimbrough Appraisal	kimbroughappraisals.com	dead	000
Tim Kimball Appraisals	timkimballappraisal.com	dead	000
Best Coast Appraisal Company	bestcoastappraisal.com	dead	000
Best Coast Appraisal Company	bestcoastappraisals.com	dead	000
Tim Kimball Appraisals	timkimballappraisals.com	dead	000
Kimbrough Appraisal	kimbroughappraisal.com	dead	000
Camden Real Estate Appraisals	camdenrealestateappraisal.com	dead	000
Camden Real Estate Appraisals	camdenrealestateappraisals.com	dead	000
DAK Appraisal	dakappraisals.com	dead	000
King Appraisal	kingappraisals.com	HIT_strong	200
Mary C. King & Associates, Inc.	maryckingandassociates.com	dead	000
DAK Appraisal	dakappraisal.com	dead	000
King Appraisal	kingappraisal.com	HIT_strong	200
Mary C. King & Associates, Inc.	maryckingand.com	dead	000
Robert King & Associates	robertkingandassociates.com	dead	000
Accurity Consolidated, LLC	accurityconsolidated.com	dead	000
Robert King & Associates	robertkingand.com	dead	000
JK APPRAISAL SERVICES	jkappraisal.com	HIT_strong	200
County Appraisal Services	countyappraisal.com	HIT_strong	200
JK APPRAISAL SERVICES	jkappraisalservices.com	HIT_strong	200
Assured Appraisals	assuredappraisal.com	dead	000
JK APPRAISAL SERVICES	jkappraisalervices.com	dead	000
Kirby Appraisal Company, Inc.	kirbyappraisal.com	dead	000
Greater Bay Appraisal Inc	greaterbayappraisals.com	HIT_strong	200
Redwood Empire Appraisals, Inc.	redwoodempireappraisals.com	dead	000
Kirby Appraisal Company, Inc.	kirbyappraisals.com	dead	000
H & W Appraisal	handwappraisals.com	dead	000
H & W Appraisal	handwappraisal.com	dead	000
Redwood Empire Appraisals, Inc.	redwoodempireappraisal.com	HIT_strong	200
Greater Bay Appraisal Inc	greaterbayappraisal.com	HIT_strong	200
Kizer Appraisals	kizerappraisals.com	dead	000
Klassen Appraisals	klassenappraisals.com	dead	000
Kizer Appraisals	kizerappraisal.com	dead	000
Affinity Residential Appraisal Servi��es, Inc.	affinityresidentialappraisalservies.com	dead	000
Klassen Appraisals	klassenappraisal.com	dead	000
Affinity Residential Appraisal Servi��es, Inc.	affinityresidentialappraisalervies.com	dead	000
Top Notch Appraisals	topnotchappraisal.com	dead	000
Kneeland & Associates	kneelandandassociates.com	dead	000
Assured Appraisals	assuredappraisals.com	dead	000
NORTHERN CALIFORNIA APPRAISAL	northerncaliforniaappraisal.com	HIT_strong	200
Hilary M. Klein	hilarymklein.com	dead	000
Kneeland & Associates	kneelandand.com	dead	000
Jeffery A. Klein Appraiser	jefferyakleinappraiser.com	dead	000
Reno Tahoe Appraisal Group LLC	renotahoeappraisalsgroup.com	dead	000
Prompt Appraisal Services	promptappraisal.com	dead	000
Top Notch Appraisals	topnotchappraisals.com	HIT_strong	200
Reno Tahoe Appraisal Group LLC	renotahoeappraisal.com	HIT_strong	200
Reno Tahoe Appraisal Group LLC	renotahoeappraisalgroup.com	dead	000
Glenwood Group	glenwood.com	HIT_weak	200
BK Real Estate Services	bkrealestateservices.com	dead	000
Koch Appraisal & Consulting	kochappraisalsandconsulting.com	dead	000
Jak's Management Group, LLC	jaksmanagementgroup.com	dead	000
Koch Appraisal & Consulting	kochappraisalandconsulting.com	dead	000
Kobzeff Property Valuation	kobzeffpropertyvaluation.com	dead	000
Appraise All	appraiseall.com	HIT_strong	200
Jak's Management Group, LLC	jaksmanagement.com	empty	200
Koenig Appraisal	koenigappraisals.com	dead	000
Common Sense Appraisal Services	commonsenseappraisalervices.com	dead	000
Common Sense Appraisal Services	commonsenseappraisalservices.com	dead	000
Professional Appraisal Services	professionalappraisalervices.com	dead	000
Professional Appraisal Services	professionalappraisalservices.com	dead	000
Wayne Kono Appraisals	waynekonoappraisal.com	dead	000
Common Sense Appraisal Services	commonsenseappraisal.com	HIT_strong	200
Professional Appraisal Services	professionalappraisal.com	HIT_strong	200
Wayne Kono Appraisals	waynekonoappraisals.com	dead	000
Alliance Appraisal Team	allianceappraisalteam.com	dead	000
Koenig Appraisal	koenigappraisal.com	HIT_strong	200
Ben Koontz	benkoontz.com	dead	000
Approved Appreisers	approvedappreisers.com	dead	000
LCS Appraisals	lcsappraisal.com	dead	000
Alliance Appraisal Team	allianceappraisalsteam.com	dead	000
AccuFast Appraisal Group	accufastappraisal.com	dead	000
LCS Appraisals	lcsappraisals.com	dead	000
AccuFast Appraisal Group	accufastappraisalgroup.com	dead	000
AccuFast Appraisal Group	accufastappraisalsgroup.com	dead	000
Pegasus Appraisals	pegasusappraisal.com	HIT_strong	200
William John & Associates/Net Appraisers	williamjohnandassociatesnetappraisers.com	dead	000
Precise Property Valuation, Inc.	precisepropertyvaluation.com	dead	000
United Real Estate Appraiser Federation	unitedrealestateappraiserfederation.com	dead	000
Kramer Appraisal	kramerappraisal.com	dead	000
RJK Appraisal	rjkappraisal.com	dead	000
JAMES KEAVENY	jameskeaveny.com	HIT_strong	301
Pegasus Appraisals	pegasusappraisals.com	HIT_strong	200
RJK Appraisal	rjkappraisals.com	dead	000
Kramer Appraisal	kramerappraisals.com	dead	000
Kressin Real Estate & Appraisal Services	kressinrealestateandappraisalservices.com	dead	000
Kressin Real Estate & Appraisal Services	kressinrealestateandappraisalervices.com	dead	000
Kressin Real Estate & Appraisal Services	kressinrealestateandappraisal.com	dead	000
Home Value Experts, LLC	homevalueexperts.com	HIT_weak	200
Krijger Consulting Group LLC	krijgerconsultinggroup.com	dead	000
Krijger Consulting Group LLC	krijgerconsulting.com	dead	000
AIS Appraisal Services, LLC	aisappraisalervices.com	dead	000
AIS Appraisal Services, LLC	aisappraisal.com	dead	000
AVK Appraisal Services	avkappraisal.com	HIT_strong	200
Professional Appraisal Company	professionalappraisal.com	HIT_strong	200
Professional Appraisal Company	professionalappraisals.com	HIT_strong	200
AVK Appraisal Services	avkappraisalservices.com	dead	000
AVK Appraisal Services	avkappraisalervices.com	dead	000
Meredith A. Krulee	meredithakrulee.com	dead	000
Gil Kuhn Appraisals	gilkuhnappraisals.com	dead	000
Gil Kuhn Appraisals	gilkuhnappraisal.com	dead	000
Lighthouse Appraisals	lighthouseappraisal.com	dead	000
All-Star Real Estate Appraisal	allstarrealestateappraisals.com	dead	000
M.G.K. Properties, Inc.	mgkproperties.com	dead	000
All-Star Real Estate Appraisal	allstarrealestateappraisal.com	dead	000
APK Appraisal	apkappraisal.com	dead	000
APK Appraisal	apkappraisals.com	dead	000
Tim Kummer	timkummer.com	dead	000
Philip Kung	philipkung.com	dead	000
New Market Appraisals	newmarketappraisals.com	dead	000
GDN Real Estate Services	gdnrealestateservices.com	dead	000
US DEPT OF HOUSING & URBAN DEVELOPMENT	usdeptofhousingandurbandevelopment.com	dead	000
Nisen Kurman	nisenkurman.com	dead	000
GSK Appraisal	gskappraisals.com	dead	000
GSK Appraisal	gskappraisal.com	dead	000
Real Estate Appraisal Services	realestateappraisalervices.com	dead	000
AIS Appraisal Services, LLC	aisappraisalservices.com	HIT_strong	200
Kurz Appraisal Services	kurzappraisalervices.com	dead	000
Real Estate Appraisal Services	realestateappraisal.com	HIT_strong	200
ABM Real Estate and Appraisal Services	abmrealestateandappraisalservices.com	dead	000
Kurz Appraisal Services	kurzappraisalservices.com	dead	000
Kurz Appraisal Services	kurzappraisal.com	dead	000
ABM Real Estate and Appraisal Services	abmrealestateandappraisalervices.com	dead	000
ABM Real Estate and Appraisal Services	abmrealestateandappraisal.com	dead	000
Real Estate Appraisal Services	realestateappraisalservices.com	HIT_strong	200
Douglas Kuss Appraisal Services	douglaskussappraisalservices.com	dead	000
GDN Real Estate Services	gdnrealestate.com	nomatch	200
Douglas Kuss Appraisal Services	douglaskussappraisalervices.com	dead	000
Douglas Kuss Appraisal Services	douglaskussappraisal.com	dead	000
Mark Kushinsky	markkushinsky.com	dead	000
Kuyper Appraisal Services	kuyperappraisal.com	dead	000
Kuyper Appraisal Services	kuyperappraisalservices.com	dead	000
Kuyper Appraisal Services	kuyperappraisalervices.com	dead	000
Tri-Star Real Estate Appraisal, Inc.	tristarrealestateappraisal.com	dead	000
Golden Valley Appraisals, LLC	goldenvalleyappraisal.com	dead	000
Tri-Star Real Estate Appraisal, Inc.	tristarrealestateappraisals.com	dead	000
A.S.K. Professional Services, Inc.	askprofessionalservices.com	nomatch	200
James Kwon	jameskwon.com	dead	000
Golden Valley Appraisals, LLC	goldenvalleyappraisals.com	dead	000
Tri-Star Real Estate Appraisal Inc.	tristarrealestateappraisals.com	dead	000
Tri-Star Real Estate Appraisal Inc.	tristarrealestateappraisal.com	dead	000
Aron Kwong	aronkwong.com	dead	000
La Rocca Appraisal	laroccaappraisal.com	dead	000
Milvi Laan Appraisals	milvilaanappraisals.com	dead	000
Fawcett/Labie & Associates	fawcettlabieand.com	dead	000
Milvi Laan Appraisals	milvilaanappraisal.com	dead	000
Fawcett/Labie & Associates	fawcettlabieandassociates.com	dead	000
L & L Appraisal Services	landlappraisalservices.com	dead	000
So Cal Appraisals	socalappraisal.com	HIT_strong	200
L & L Appraisal Services	landlappraisalervices.com	dead	000
So Cal Appraisals	socalappraisals.com	HIT_strong	200
AVMetrics, LLC	avmetrics.com	dead	000
Sunvaluation, Inc	sunvaluation.com	dead	526
Roger Lackey	rogerlackey.com	dead	000
Polaris 7 Group	polaris7group.com	dead	000
L & L Appraisal Services	landlappraisal.com	dead	000
Amercity Appraisal	amercityappraisals.com	dead	000
The Lackner Group	thelacknergroup.com	HIT_strong	200
The Lackner Group	thelackner.com	dead	000
La Rocca Appraisal	laroccaappraisals.com	HIT_strong	200
T&M Appraisals	tandmappraisal.com	dead	000
Fremont Bank	fremontbank.com	HIT_weak	200
T&M Appraisals	tandmappraisals.com	dead	000
Polaris 7 Group	polaris7.com	nomatch	200
Marjorie Lala	marjorielala.com	dead	000
Lalikyan & Associates Inc.	lalikyanandassociates.com	dead	000
Amercity Appraisal	amercityappraisal.com	dead	000
ATL & Associates	atlandassociates.com	dead	000
Lalikyan & Associates Inc.	lalikyanand.com	dead	000
Lam and Associates Appraisal	lamandassociatesappraisal.com	dead	000
ATL & Associates	atland.com	dead	000
Lamdiero Services Inc.	lamdieroservices.com	dead	000
Lam and Associates Appraisal	lamandassociatesappraisals.com	dead	000
Bluebay Appraisal, Inc.	bluebayappraisals.com	dead	000
Belle Haven Appraisals	bellehavenappraisals.com	HIT_strong	200
Belle Haven Appraisals	bellehavenappraisal.com	dead	000
Bluebay Appraisal, Inc.	bluebayappraisal.com	dead	000
Axiom Appraisals	axiomappraisals.com	HIT_strong	200
Lamdiero Services Inc.	lamdiero.com	HIT_strong	200
Axiom Appraisals	axiomappraisal.com	HIT_strong	200
R. K. Landers Appraisals	rklandersappraisals.com	dead	000
Riviera Appraisals	rivieraappraisals.com	dead	000
R. K. Landers Appraisals	rklandersappraisal.com	dead	000
Riviera Appraisals	rivieraappraisal.com	dead	000
Landess Appraisal	landessappraisals.com	dead	000
Appraisal Network	appraisalnetwork.com	HIT_strong	200
Landess Appraisal	landessappraisal.com	dead	000
SunWest Appraisal, Inc.	sunwestappraisal.com	dead	000
Velox Valuation San Diego	veloxvaluationsandiego.com	dead	000
Appraisal Network	appraisalsnetwork.com	HIT_strong	200
J.P.Morgan Chase Bank	jpmorganchasebank.com	dead	000
SunWest Appraisal, Inc.	sunwestappraisals.com	HIT_strong	200
Karen Laos	karenlaos.com	HIT_weak	200
Quality Appraisal Service	qualityappraisalervice.com	dead	000
Lane & Associates	laneand.com	empty	200
C. Larson Appraisals	clarsonappraisal.com	dead	000
Lane & Associates	laneandassociates.com	HIT_weak	200
Mandana Khaki	mandanakhaki.com	dead	000
Quality Appraisal Service	qualityappraisalservice.com	dead	000
LaRoche Appraisals	larocheappraisal.com	dead	000
Larsen Real Estate Appraising	larsenrealestateappraising.com	dead	000
LaRoche Appraisals	larocheappraisals.com	dead	000
C. Larson Appraisals	clarsonappraisals.com	dead	000
Quality Appraisal Service	qualityappraisal.com	HIT_strong	200
Mark Lashkari	marklashkari.com	dead	000
Larsson & Associates	larssonand.com	dead	000
Latuscha Appraisal  & Lake County Appraisal	latuschaappraisalsandlakecountyappraisals.com	dead	000
Larsson & Associates	larssonandassociates.com	dead	000
Latuscha Appraisal  & Lake County Appraisal	latuschaappraisalandlakecountyappraisal.com	dead	000
Larson Appraisal	larsonappraisals.com	dead	000
Green Bay Appraisals	greenbayappraisals.com	HIT_strong	200
Rudolph J. Lauretta	rudolphjlauretta.com	dead	000
Green Bay Appraisals	greenbayappraisal.com	parked	body
Amer Appraisals	amerappraisal.com	HIT_strong	200
Mr Appraisal	mrappraisal.com	HIT_strong	200
Apollos Appraisal	apollosappraisal.com	dead	000
Lawrie & Company	lawrieand.com	dead	000
Apollos Appraisal	apollosappraisals.com	dead	000
Lawson Appraisals	lawsonappraisals.com	dead	000
Myles Lawson & Associates	myleslawsonandassociates.com	dead	000
Myles Lawson & Associates	myleslawsonand.com	dead	000
Lawson Appraisals	lawsonappraisal.com	HIT_strong	200
Delux Appraisals, Inc.	deluxappraisal.com	dead	000
Andrew Lazzereschi, Appraiser	andrewlazzereschiappraiser.com	dead	000
JRL Properties	jrlproperties.com	dead	000
CC Appraisal	ccappraisal.com	HIT_strong	200
Skyline Appraisal, Inc	skylineappraisal.com	dead	000
CC Appraisal	ccappraisals.com	dead	000
Nation Appraisal Group	nationappraisalgroup.com	dead	000
Nation Appraisal Group	nationappraisalsgroup.com	dead	000
Nation Appraisal Group	nationappraisal.com	dead	000
Larson Appraisal	larsonappraisal.com	HIT_strong	200
Appraisal Network Group, Inc.	appraisalsnetworkgroup.com	dead	000
Option One Appraisal Services	optiononeappraisalervices.com	dead	000
Appraisal Network Group, Inc.	appraisalnetwork.com	HIT_strong	200
Le Appraisal Services	leappraisalservices.com	dead	000
Le Appraisal Services	leappraisal.com	dead	000
Le Appraisal Services	leappraisalervices.com	dead	000
Appraisal Network Group, Inc.	appraisalnetworkgroup.com	dead	000
UYEN LE	uyenle.com	dead	000
Michael K. Leahy	michaelkleahy.com	dead	000
Brenton Paul Lebish	brentonpaullebish.com	dead	000
Expertise Appraisals	expertiseappraisal.com	dead	000
ASJL RE Appraisal Services	asjlreappraisalervices.com	dead	000
ASJL RE Appraisal Services	asjlreappraisal.com	dead	000
ASJL RE Appraisal Services	asjlreappraisalservices.com	dead	000
Blee Appraisal	bleeappraisals.com	dead	000
Blee Appraisal	bleeappraisal.com	dead	000
Speed Appraisal Services	speedappraisalervices.com	dead	000
Prime Appraisals	primeappraisal.com	dead	000
Speed Appraisal Services	speedappraisal.com	parked	body
County Line Appraisals, Inc.	countylineappraisals.com	dead	000
County Line Appraisals, Inc.	countylineappraisal.com	dead	000
Option One Appraisal Services	optiononeappraisalservices.com	dead	000
Blue Jay Appraisal Services, Inc.	bluejayappraisalervices.com	dead	000
Blue Jay Appraisal Services, Inc.	bluejayappraisal.com	dead	000
Blue Jay Appraisal Services, Inc.	bluejayappraisalservices.com	dead	000
Expertise Appraisals	expertiseappraisals.com	HIT_strong	200
Speed Appraisal Services	speedappraisalservices.com	HIT_strong	200
Glenwood Group	glenwoodgroup.com	dead	000
F. Lee Appraisal Services	fleeappraisalservices.com	dead	000
Calus Professional Service	calusprofessionalservice.com	dead	000
Apex Property Advisors	apexpropertyadvisors.com	dead	000
F. Lee Appraisal Services	fleeappraisalervices.com	dead	000
F. Lee Appraisal Services	fleeappraisal.com	dead	000
North Bay Real Estate Appraising LLC	northbayrealestateappraising.com	HIT_strong	200
BK Real Estate Services	bkrealestate.com	dead	000
Calus Professional Service	calusprofessional.com	dead	000
Home Point Appraisal	homepointappraisals.com	dead	000
Qwik Appraisal L.L.C.	qwikappraisal.com	dead	000
JYL Valuations, Inc.	jylvaluations.com	dead	000
Julie Lee	julielee.com	empty	200
Prime Appraisals	primeappraisals.com	dead	000
Canon Valuation Services Inc.	canonvaluationservices.com	dead	000
Canon Valuation Services Inc.	canonvaluation.com	dead	000
Qwik Appraisal L.L.C.	qwikappraisals.com	dead	000
Home Point Appraisal	homepointappraisal.com	parked	body
Lee's Appraisal Service	leesappraisalservice.com	dead	000
KSLEE Appraisal	ksleeappraisal.com	dead	000
Lee's Appraisal Service	leesappraisalervice.com	dead	000
KSLEE Appraisal	ksleeappraisals.com	dead	000
KS Appraisal Company	ksappraisal.com	parked	body
Lee's Appraisal Service	leesappraisal.com	dead	000
Tiffany Lee & Associates	tiffanyleeandassociates.com	dead	000
leeperAppraisal	leeperappraisals.com	dead	000
Tiffany Lee & Associates	tiffanyleeand.com	dead	000
Yentai Lee	yentailee.com	dead	000
Leeper Appraisal Services	leeperappraisalservices.com	dead	000
Leeper Appraisal Services	leeperappraisalervices.com	dead	000
Appraisal Lab	appraisalslab.com	dead	000
Matthew J. Lemansky	matthewjlemansky.com	dead	000
Appraisers Network	appraisersnetwork.com	HIT_strong	200
Margaret M. Lembo	margaretmlembo.com	dead	000
Rockwood Realty Advisors	rockwoodrealtyadvisors.com	dead	000
Steve Lenchner Appraisals	stevelenchnerappraisals.com	dead	000
Steve Lenchner Appraisals	stevelenchnerappraisal.com	dead	000
Lenington Appraisal Services	leningtonappraisalervices.com	dead	000
RealPro Services, LLC	realpro.com	parked	body
Lenington Appraisal Services	leningtonappraisal.com	dead	000
Amer Appraisals	amerappraisals.com	HIT_strong	200
Lenington Appraisal Services	leningtonappraisalservices.com	dead	000
RealPro Services, LLC	realproservices.com	dead	000
Kristi Leo	kristileo.com	empty	200
JDM Appraisals	jdmappraisal.com	dead	000
JDM Appraisals	jdmappraisals.com	HIT_strong	200
Julia N. Leonard & Associates, Appraisals	julianleonardandassociatesappraisal.com	dead	000
Glenn Leonard	glennleonard.com	empty	200
Julia N. Leonard & Associates, Appraisals	julianleonardandassociatesappraisals.com	dead	000
Delux Appraisals, Inc.	deluxappraisals.com	dead	000
SJ Layne Appraiser	sjlayneappraiser.com	HIT_strong	200
Leslie Appraisals	leslieappraisal.com	dead	000
Steven Letchworth	stevenletchworth.com	dead	000
Leslie Appraisals	leslieappraisals.com	dead	000
Sunrise Appraisals	sunriseappraisal.com	HIT_strong	200
Alpenglow Appraisals	alpenglowappraisal.com	dead	000
David Lepore	davidlepore.com	HIT_weak	200
Landmark Research Group, LLC	landmarkresearchgroup.com	dead	000
ACM Enterprise	acmenterprise.com	empty	200
Gary Leung	garyleung.com	empty	200
Central Coast Appraisal Services	centralcoastappraisalervices.com	dead	000
Landmark Research Group, LLC	landmarkresearch.com	HIT_strong	200
Alpenglow Appraisals	alpenglowappraisals.com	HIT_strong	200
Anthony Appraisal	anthonyappraisals.com	dead	000
Anthony Appraisal	anthonyappraisal.com	dead	000
Golden State Appraisals	goldenstateappraisals.com	dead	000
Central Coast Appraisal Services	centralcoastappraisal.com	HIT_strong	200
EVEN BRIGHT APPRAISAL SERVICES	evenbrightappraisal.com	dead	000
EVEN BRIGHT APPRAISAL SERVICES	evenbrightappraisalervices.com	dead	000
Golden State Appraisals	goldenstateappraisal.com	HIT_strong	200
EVEN BRIGHT APPRAISAL SERVICES	evenbrightappraisalservices.com	dead	000
J&L Appraisal Company	jandlappraisal.com	dead	000
J&L Appraisal Company	jandlappraisals.com	dead	000
Upward Appraisal	upwardappraisal.com	dead	000
Appraisal 3000 Inc	appraisals3000.com	dead	000
Altitude Appraisals	altitudeappraisal.com	HIT_strong	200
JQL Consulting Inc.	jqlconsulting.com	dead	000
A.S.K. Professional Services, Inc.	askprofessional.com	dead	000
Appraising Southern California	appraisingsoutherncalifornia.com	dead	000
Snapshot Appraisal	snapshotappraisals.com	dead	000
Appraisal 3000 Inc	appraisal3000.com	HIT_strong	200
Leeper Appraisal Services	leeperappraisal.com	parked	body
Linden Appraisal Services	lindenappraisalervices.com	dead	000
Linden Appraisal Services	lindenappraisalservices.com	dead	000
Upward Appraisal	upwardappraisals.com	dead	000
Linden Appraisal Services	lindenappraisal.com	dead	000
Quick Home Estimate, Inc.	quickhomeestimate.com	dead	000
Linder Appraisal Services, Inc.	linderappraisalervices.com	dead	000
Snapshot Appraisal	snapshotappraisal.com	dead	000
leeperAppraisal	leeperappraisal.com	parked	body
Brant Lindhorst	brantlindhorst.com	dead	000
Marin Home and Land Appraisal	marinhomeandlandappraisals.com	dead	000
Linder Appraisal Services, Inc.	linderappraisalservices.com	dead	000
Marin Home and Land Appraisal	marinhomeandlandappraisal.com	dead	000
Cal Bay Appraisals	calbayappraisal.com	dead	000
Cal Bay Appraisals	calbayappraisals.com	HIT_strong	200
Lint Appraisals	lintappraisals.com	dead	000
Dennis Lindstrom - Appraiser	dennislindstromappraiser.com	dead	000
BSL Commercial and Residential Real Estate Services	bslcommercialandresidentialrealestate.com	dead	000
Mitchell Lipari Real Estate Appraisal	mitchellliparirealestateappraisal.com	dead	000
Mitchell Lipari Real Estate Appraisal	mitchellliparirealestateappraisals.com	dead	000
Lint Appraisals	lintappraisal.com	dead	000
Lipelt Appraisal Services	lipeltappraisalervices.com	dead	000
Lipelt Appraisal Services	lipeltappraisalservices.com	dead	000
Lipsey Appraisal Service	lipseyappraisalervice.com	dead	000
Lipelt Appraisal Services	lipeltappraisal.com	dead	000
Lonna M. LiPuma	lonnamlipuma.com	dead	000
Debra L. Little	debrallittle.com	dead	000
Lister Appraisals LLC	listerappraisal.com	HIT_strong	200
Lister Appraisals LLC	listerappraisals.com	dead	000
Lipsey Appraisal Service	lipseyappraisalservice.com	HIT_strong	200
Lipsey Appraisal Service	lipseyappraisal.com	HIT_strong	200
Lizotte Appraisal Services	lizotteappraisal.com	dead	000
Lizotte Appraisal Services	lizotteappraisalervices.com	dead	000
Apex Appraisal	apexappraisals.com	HIT_strong	200
Apex Appraisal	apexappraisal.com	HIT_strong	200
Lizotte Appraisal Services	lizotteappraisalservices.com	dead	000
William Lo Appraisers	williamloappraisers.com	dead	000
A.L. Appraisal Services	alappraisal.com	HIT_strong	200
A.L. Appraisal Services	alappraisalervices.com	dead	000
William Lo	williamlo.com	dead	000
A.L. Appraisal Services	alappraisalservices.com	dead	000
STL Appraisal Service	stlappraisalervice.com	dead	000
Los Angeles Appraisal	losangelesappraisal.com	HIT_strong	200
STL Appraisal Service	stlappraisalservice.com	dead	000
Los Angeles Appraisal	losangelesappraisals.com	HIT_strong	200
STL Appraisal Service	stlappraisal.com	HIT_strong	200
Antonio Lofton	antoniolofton.com	dead	000
KS Appraisal Company	ksappraisals.com	HIT_strong	200
BKL Appraisal Services	bklappraisalservices.com	dead	000
BKL Appraisal Services	bklappraisalervices.com	dead	000
South Shore Appraisals	southshoreappraisal.com	dead	000
Lisa M Lombardi	lisamlombardi.com	dead	000
London Appraisals	londonappraisals.com	dead	000
London Appraisals	londonappraisal.com	HIT_strong	200
Mr Appraisal	mrappraisals.com	dead	000
PCL Appraisals	pclappraisals.com	dead	000
Jerry Long Inc.	jerrylong.com	nomatch	200
Allison Logan	allisonlogan.com	HIT_weak	200
CSI Appraisals	csiappraisal.com	dead	000
US Bank N.A.	usbankna.com	dead	000
CSI Appraisals	csiappraisals.com	dead	000
Ed Lopez Appraisals	edlopezappraisal.com	dead	000
FirstSum	firstsum.com	dead	000
PCL Appraisals	pclappraisal.com	HIT_strong	200
Ed Lopez Appraisals	edlopezappraisals.com	dead	000
Lopez Appraisal Services	lopezappraisalservices.com	dead	000
Lopez Appraisal Services	lopezappraisalervices.com	dead	000
RL Home Valuations LLC	rlhomevaluations.com	dead	000
Lopez Appraisal Services	lopezappraisal.com	HIT_strong	200
Vincent L. Lorrain & Associates	vincentllorrainandassociates.com	dead	000
Vincent L. Lorrain & Associates	vincentllorrainand.com	dead	000
Integrity Appraisers	integrityappraisers.com	dead	000
Lotich's Appraisal Services	lotichsappraisalservices.com	dead	000
Lotich's Appraisal Services	lotichsappraisalervices.com	dead	000
Option One Appraisal Services	optiononeappraisal.com	dead	000
West End Appraisal	westendappraisal.com	dead	000
Lotich's Appraisal Services	lotichsappraisal.com	dead	000
Brymar Appraisals	brymarappraisal.com	dead	000
Advanced Real Estate Appraisal	advancedrealestateappraisals.com	dead	000
West End Appraisal	westendappraisals.com	dead	000
Brymar Appraisals	brymarappraisals.com	HIT_strong	200
MIke's Appraisal	mikesappraisals.com	dead	000
Advanced Real Estate Appraisal	advancedrealestateappraisal.com	dead	000
Andrew Loza	andrewloza.com	dead	000
Omar Loza Appraisals Inc.	omarlozaappraisal.com	dead	000
MIke's Appraisal	mikesappraisal.com	dead	000
Omar Loza Appraisals Inc.	omarlozaappraisals.com	dead	000
AAA ASAP Appraisals, Inc	aaaasapappraisals.com	dead	000
CORE VALUE APPRAISALS & SERVICES	corevalueappraisalandservices.com	dead	000
AAA ASAP Appraisals, Inc	aaaasapappraisal.com	dead	000
CORE VALUE APPRAISALS & SERVICES	corevalueappraisalsandservices.com	dead	000
CORE VALUE APPRAISALS & SERVICES	corevalueappraisalsand.com	dead	000
Appraisals by Fara	appraisalbyfara.com	dead	000
Lugo Appraisal Services	lugoappraisalservices.com	dead	000
Appraisals by Fara	appraisalsbyfara.com	dead	000
Lugo Appraisal Services	lugoappraisalervices.com	dead	000
Lugo Appraisal Services	lugoappraisal.com	dead	000
CJ Market Concepts, LLC	cjmarketconcepts.com	dead	000
John Luna Appraisal	johnlunaappraisals.com	dead	000
Luna & Associates	lunaandassociates.com	nomatch	200
Preferred Appraisals	preferredappraisals.com	HIT_strong	200
Luna & Associates	lunaand.com	dead	000
John Luna Appraisal	johnlunaappraisal.com	HIT_strong	200
Scott L Lunders	scottllunders.com	dead	000
Lundquist Appraisal Company	lundquistappraisal.com	dead	000
Lundquist Appraisal Company	lundquistappraisals.com	dead	000
Equity Pro Appraisals	equityproappraisal.com	dead	000
Lili Luo and Associates	lililuoandassociates.com	dead	000
Lili Luo and Associates	lililuoand.com	dead	000
Equity Pro Appraisals	equityproappraisals.com	dead	000
Advantage Appraisals	advantageappraisals.com	HIT_strong	200
Lynch Associates	lynchassociates.com	empty	200
Jun Ho Lee	junholee.com	dead	000
Advantage Appraisals	advantageappraisal.com	HIT_strong	200
Joseph Lynch Appraisal Services	josephlynchappraisalservices.com	dead	000
Lynch Associates	lynch.com	nomatch	200
Raena Lynn and Associates	raenalynnandassociates.com	dead	000
Joseph Lynch Appraisal Services	josephlynchappraisal.com	HIT_strong	202
Raena Lynn and Associates	raenalynnand.com	dead	000
Joseph Lynch Appraisal Services	josephlynchappraisalervices.com	dead	000
Lyon's Appraisal Services, Inc.	lyonsappraisalervices.com	dead	000
Lyon's Appraisal Services, Inc.	lyonsappraisal.com	dead	000
Lyon's Appraisal Services, Inc.	lyonsappraisalservices.com	dead	000
Lyons Appraisals	lyonsappraisal.com	dead	000
Appraisal Lab	appraisallab.com	dead	000
AC Appraisal Services	acappraisalervices.com	dead	000
AC Appraisal Services	acappraisalservices.com	dead	000
C. Paul Mac Manus	cpaulmacmanus.com	dead	000
Direct Appraisal Service	directappraisalervice.com	dead	000
MacBride Appraisal	macbrideappraisals.com	dead	000
Direct Appraisal Service	directappraisal.com	HIT_strong	200
Karen Mace Appraisals	karenmaceappraisals.com	dead	000
Sunrise Appraisals	sunriseappraisals.com	dead	000
Direct Appraisal Service	directappraisalservice.com	parked	body
Machado Real Property Consulting	machadorealpropertyconsulting.com	dead	000
Altitude Appraisals	altitudeappraisals.com	dead	000
Karen Mace Appraisals	karenmaceappraisal.com	dead	000
Macias Appraisals	maciasappraisal.com	dead	000
Macias Appraisals	maciasappraisals.com	dead	000
MacLean Appraisals	macleanappraisal.com	dead	000
Mitchell T. Magana	mitchelltmagana.com	dead	000
TR Home Appraisals	trhomeappraisal.com	dead	000
The Appraisal Office	theappraisalsoffice.com	dead	000
TR Home Appraisals	trhomeappraisals.com	dead	000
The Appraisal Office	theappraisaloffice.com	dead	000
VJMAppraisals	vjmappraisal.com	dead	000
ACM Appraisals Inc	acmappraisal.com	dead	000
VJMAppraisals	vjmappraisals.com	dead	000
Mahan Appraisals	mahanappraisal.com	HIT_strong	200
Ed's Appraisal Service	edsappraisalservice.com	dead	000
Mahan Appraisals	mahanappraisals.com	dead	000
Linder Appraisal Services, Inc.	linderappraisal.com	dead	000
Ed's Appraisal Service	edsappraisal.com	dead	000
Ed's Appraisal Service	edsappraisalervice.com	dead	000
Mahoney Appraisal	mahoneyappraisal.com	dead	000
Envision Appraisal Corp	envisionappraisals.com	dead	000
Mahoney Appraisal	mahoneyappraisals.com	dead	000
Envision Appraisal Corp	envisionappraisal.com	HIT_strong	200
Amida Appraisal	amidaappraisals.com	dead	000
Mark Maigaard	markmaigaard.com	dead	000
Amida Appraisal	amidaappraisal.com	dead	000
SFBAY-RE	sfbayre.com	dead	000
David Maisonneuve Appraisal Service	davidmaisonneuveappraisalervice.com	dead	000
David Maisonneuve Appraisal Service	davidmaisonneuveappraisalservice.com	dead	000
Philip G. Maingot	philipgmaingot.com	dead	000
Lex Enterprise	lexenterprise.com	dead	000
David Maisonneuve Appraisal Service	davidmaisonneuveappraisal.com	dead	000
AGM Appraisals, LLC	agmappraisals.com	dead	000
AGM Appraisals, LLC	agmappraisal.com	dead	000
Olga Mala	olgamala.com	dead	000
Surefire Success LLC	surefiresuccess.com	dead	000
O.C. Valuations	ocvaluations.com	dead	000
Malignaggi Appraisals	malignaggiappraisals.com	dead	000
Heritage Financial	heritagefinancial.com	HIT_weak	200
Mallinson & Associates	mallinsonandassociates.com	dead	000
Mallinson & Associates	mallinsonand.com	dead	000
Malignaggi Appraisals	malignaggiappraisal.com	dead	000
A-1 Appraisal Inc.	a1appraisals.com	HIT_strong	200
Residential Real Estate Appraisers	residentialrealestateappraisers.com	dead	000
Tom Malone, Real Estate Appraiser	tommalonerealestateappraiser.com	dead	000
California Appraisers Inc.	californiaappraisers.com	HIT_strong	200
Jeff Mandel	jeffmandel.com	empty	200
Mancera Group  LLC	mancera.com	dead	000
Appraisal Services, Inc.	appraisalervices.com	dead	000
BKL Appraisal Services	bklappraisal.com	dead	000
Appraisal Services, Inc.	appraisalservices.com	HIT_strong	200
KDM Appraisals	kdmappraisal.com	dead	000
South Shore Appraisals	southshoreappraisals.com	dead	000
Excel Appraisal	excelappraisal.com	dead	403
Excel Appraisal	excelappraisals.com	HIT_strong	200
Calixto R. Manriquez, Inc.	calixtormanriquez.com	dead	000
Bennett Mann	bennettmann.com	dead	000
KDM Appraisals	kdmappraisals.com	HIT_strong	200
PM Valuation Services, Inc.	pmvaluation.com	dead	000
Metro Appraisal Services	metroappraisalervices.com	dead	000
Metro Appraisal Services	metroappraisal.com	dead	000
PM Valuation Services, Inc.	pmvaluationservices.com	dead	000
Lyons Appraisals	lyonsappraisals.com	parked	body
Synergy Appraisal Services	synergyappraisalservices.com	dead	000
Metro Appraisal Services	metroappraisalservices.com	dead	000
Synergy Appraisal Services	synergyappraisalervices.com	dead	000
Howard Margolies Appraisals	howardmargoliesappraisals.com	dead	000
Carol J. Mapes	caroljmapes.com	dead	000
Mariani Appraisal & Consulting Services	marianiappraisalsandconsultingservices.com	dead	000
Synergy Appraisal Services	synergyappraisal.com	HIT_strong	200
Howard Margolies Appraisals	howardmargoliesappraisal.com	dead	000
MacBride Appraisal	macbrideappraisal.com	dead	000
Markham Appraisal Service	markhamappraisalservice.com	dead	000
Mariani Appraisal & Consulting Services	marianiappraisalandconsulting.com	dead	000
Mariani Appraisal & Consulting Services	marianiappraisalandconsultingservices.com	dead	000
Faster Appraisals	fasterappraisal.com	dead	000
Marlow Companies, Inc.	marlowcompanies.com	dead	000
Markham Appraisal Service	markhamappraisalervice.com	dead	000
MANUS APPRAISALS LLC	manusappraisals.com	dead	000
MANUS APPRAISALS LLC	manusappraisal.com	dead	000
Markham Appraisal Service	markhamappraisal.com	HIT_strong	200
Preferred Appraisals	preferredappraisal.com	dead	000
Laguna Appraisals	lagunaappraisal.com	dead	000
Laguna Appraisals	lagunaappraisals.com	HIT_strong	200
Marsh & Associates	marshandassociates.com	dead	000
MREA Inc.	mrea.com	empty	200
The Marks Company	themarks.com	HIT_weak	200
Marsh & Associates	marshand.com	HIT_weak	200
Big Cedar Appraisal Services	bigcedarappraisal.com	dead	000
Joan Marshall	joanmarshall.com	dead	000
Faster Appraisals	fasterappraisals.com	HIT_strong	200
Professional Real Estate Appraisers	professionalrealestateappraisers.com	dead	000
Big Cedar Appraisal Services	bigcedarappraisalservices.com	dead	000
Appraisals Bureau	appraisalsbureau.com	HIT_strong	200
Appraisals Bureau	appraisalbureau.com	HIT_strong	200
Big Cedar Appraisal Services	bigcedarappraisalervices.com	dead	000
Martin Appraisal	martinappraisals.com	dead	000
Park Place Appraisals	parkplaceappraisals.com	dead	000
Martin Real Estate Appraisal Service	martinrealestateappraisal.com	dead	000
MacLean Appraisals	macleanappraisals.com	dead	000
Park Place Appraisals	parkplaceappraisal.com	dead	000
Martin Real Estate Appraisal Service	martinrealestateappraisalervice.com	dead	000
Martin Appraisal Services	martinappraisalervices.com	dead	000
Martin Appraisal Services	martinappraisalservices.com	dead	000
Martin Real Estate Appraisal Service	martinrealestateappraisalservice.com	dead	000
Appraisal Connection	appraisalsconnection.com	dead	000
Golden Appraisals	goldenappraisal.com	HIT_strong	200
Golden Appraisals	goldenappraisals.com	HIT_strong	200
Susan Martin	susanmartin.com	nomatch	200
Tim Martin Appraisals	timmartinappraisal.com	dead	000
Tim Martin Appraisals	timmartinappraisals.com	dead	000
Appraisal Connection	appraisalconnection.com	dead	000
SFV Realty Services	sfvrealtyservices.com	dead	000
Martin Appraisal Inc.	martinappraisals.com	dead	000
Melea Martinez	meleamartinez.com	dead	000
SFV Realty Services	sfvrealty.com	dead	000
Accord Appraisals	accordappraisal.com	HIT_strong	200
1st Quality Appraisals, Inc.	1stqualityappraisal.com	dead	000
Altair Real Estate Services	altairrealestateservices.com	dead	000
Miles Mason & Associates, Inc	milesmasonandassociates.com	dead	000
Miles Mason & Associates, Inc	milesmasonand.com	dead	000
Sujan Master	sujanmaster.com	dead	000
1st Quality Appraisals, Inc.	1stqualityappraisals.com	HIT_strong	200
The Mason Group	themasongroup.com	empty	200
Mission Valley Appraisals	missionvalleyappraisal.com	dead	000
Mission Valley Appraisals	missionvalleyappraisals.com	dead	000
Mateo Appraisal Services, LLC.	mateoappraisalservices.com	dead	000
Kevin Masterson	kevinmasterson.com	empty	200
Altair Real Estate Services	altairrealestate.com	HIT_weak	200
Mateo Appraisal Services, LLC.	mateoappraisal.com	dead	000
Mateo Appraisal Services, LLC.	mateoappraisalervices.com	dead	000
ACI Real Estate Services, Inc.	acirealestateservices.com	dead	000
Matthews Real Estate Appraisals	matthewsrealestateappraisal.com	dead	000
Matsumoto Appraisals	matsumotoappraisal.com	HIT_strong	200
Matthews Real Estate Appraisals	matthewsrealestateappraisals.com	dead	000
Michael Matthews Appraisals	michaelmatthewsappraisals.com	dead	000
Matsumoto Appraisals	matsumotoappraisals.com	dead	000
Michael Matthews Appraisals	michaelmatthewsappraisal.com	dead	000
MATTOS APPRAISERS	mattosappraisers.com	dead	000
Mattson Appraisal Services	mattsonappraisalervices.com	dead	000
Thomas Mattingly	thomasmattingly.com	empty	200
Mattson Appraisal Services	mattsonappraisal.com	dead	000
Mattson Appraisal Services	mattsonappraisalservices.com	dead	000
Mauro Appraisals	mauroappraisal.com	dead	000
Mauro Appraisals	mauroappraisals.com	dead	000
Meredeth D Maxwell	meredethdmaxwell.com	dead	000
Five Star Appraisal Services	fivestarappraisal.com	dead	000
Young Appraisals	youngappraisals.com	dead	000
Five Star Appraisal Services	fivestarappraisalervices.com	dead	000
Five Star Appraisal Services	fivestarappraisalservices.com	dead	000
First Rate Appraisal Services	firstrateappraisalservices.com	dead	000
First Rate Appraisal Services	firstrateappraisalervices.com	dead	000
JM Appraisal Services	jmappraisalervices.com	dead	000
First Rate Appraisal Services	firstrateappraisal.com	dead	000
AC Appraisal Services	acappraisal.com	dead	000
JM Appraisal Services	jmappraisalservices.com	dead	000
JM Appraisal Services	jmappraisal.com	dead	000
Jerry Mazza Appraisals	jerrymazzaappraisal.com	dead	000
Jerry Mazza Appraisals	jerrymazzaappraisals.com	dead	000
Thomas C. Mazzeo Appraiser	thomascmazzeoappraiser.com	dead	000
Central Coast Appraisal Services	centralcoastappraisalservices.com	dead	000
San Francisco Bay Appraisal	sanfranciscobayappraisal.com	dead	000
San Francisco Bay Appraisal	sanfranciscobayappraisals.com	dead	000
Appraising Capital	appraisingcapital.com	dead	000
Mazzoni Unlimited Services, Inc.	mazzoniunlimitedservices.com	dead	000
Mazzoni Unlimited Services, Inc.	mazzoniunlimited.com	dead	000
McBride Appraisal Services	mcbrideappraisal.com	dead	000
McBride Appraisal Services	mcbrideappraisalervices.com	dead	000
William McCallen	williammccallen.com	dead	000
McBride Appraisal Services	mcbrideappraisalservices.com	dead	000
Christopher M McCarthy	christophermmccarthy.com	dead	000
Kelly McCann	kellymccann.com	nomatch	202
Lori McCarthy Appraisal Services	lorimccarthyappraisalservices.com	dead	000
Peak Appraisals	peakappraisal.com	HIT_strong	200
Lori McCarthy Appraisal Services	lorimccarthyappraisal.com	dead	000
Lori McCarthy Appraisal Services	lorimccarthyappraisalervices.com	dead	000
Richard McCauley & Associates	richardmccauleyandassociates.com	dead	000
Richard McCauley & Associates	richardmccauleyand.com	dead	000
Chris McClintock	chrismcclintock.com	nomatch	200
Deborah A. McClinton	deborahamcclinton.com	dead	000
Appraisal services of Southern California	appraisalervicesofsoutherncalifornia.com	dead	000
ACM Appraisals Inc	acmappraisals.com	dead	000
JM Real Estate Group, LLC	jmrealestategroup.com	dead	000
JM Real Estate Group, LLC	jmrealestate.com	HIT_weak	200
ross mcconnell appraisals	rossmcconnellappraisals.com	dead	000
Appraisal services of Southern California	appraisalservicesofsoutherncalifornia.com	dead	000
ross mcconnell appraisals	rossmcconnellappraisal.com	dead	000
Advantage Appraisal Services	advantageappraisalervices.com	dead	000
ADM Appraisals	admappraisal.com	dead	000
Advantage Appraisal Services	advantageappraisal.com	HIT_strong	200
ADM Appraisals	admappraisals.com	HIT_strong	200
Appraisal Equities	appraisalsequities.com	dead	000
The Mason Group	themason.com	HIT_weak	200
Appraisal Equities	appraisalequities.com	dead	000
ANB Appraisals	anbappraisals.com	dead	000
Clare D. McCullough Real Estate Appraiser	claredmcculloughrealestateappraiser.com	dead	000
ANB Appraisals	anbappraisal.com	dead	000
Sallie McCullough	salliemccullough.com	dead	000
Independent Property Appraisers	independentpropertyappraisers.com	dead	000
Camie McDonald	camiemcdonald.com	dead	000
Country Hills Appraisal Service	countryhillsappraisalservice.com	dead	000
Country Hills Appraisal Service	countryhillsappraisalervice.com	dead	000
Country Hills Appraisal Service	countryhillsappraisal.com	HIT_strong	200
Big Mac Financial Group. Inc.	bigmacfinancial.com	dead	000
Big Mac Financial Group. Inc.	bigmacfinancialgroup.com	dead	000
McDonough Appraisal Service	mcdonoughappraisalservice.com	dead	000
McDonough Appraisal Service	mcdonoughappraisalervice.com	dead	000
McDonough Appraisal Service	mcdonoughappraisal.com	dead	000
Bay Appraisal Group	bayappraisalgroup.com	dead	000
Bay Appraisal Group	bayappraisalsgroup.com	dead	000
MONTEREY BAY APPRAISAL SERVICE	montereybayappraisalservice.com	dead	000
MONTEREY BAY APPRAISAL SERVICE	montereybayappraisal.com	dead	000
Bay Appraisal Group	bayappraisal.com	dead	000
A-1 Appraisal Inc.	a1appraisal.com	dead	000
MONTEREY BAY APPRAISAL SERVICE	montereybayappraisalervice.com	dead	000
Axiom Real Estate Appraisal	axiomrealestateappraisal.com	dead	000
Axiom Real Estate Appraisal	axiomrealestateappraisals.com	dead	000
Young Appraisals	youngappraisal.com	dead	000
McFarlin Appraisals LLC	mcfarlinappraisals.com	dead	000
McFadden Appraisals	mcfaddenappraisal.com	dead	000
McFarlin Appraisals LLC	mcfarlinappraisal.com	dead	000
McFadden Appraisals	mcfaddenappraisals.com	dead	000
McGinley Appraisals	mcginleyappraisals.com	dead	000
McGinley Appraisals	mcginleyappraisal.com	dead	000
Appraisal Services, Inc.	appraisal.com	dead	000
District Appraisals	districtappraisal.com	HIT_strong	200
District Appraisals	districtappraisals.com	HIT_strong	200
McgAppraisals, Inc.	mcgappraisals.com	HIT_strong	200
McgAppraisals, Inc.	mcgappraisal.com	dead	000
D. McGraw Appraisal	dmcgrawappraisals.com	dead	000
Julian McGrath	julianmcgrath.com	dead	000
Kellie McGraw	kelliemcgraw.com	dead	000
D. McGraw Appraisal	dmcgrawappraisal.com	dead	000
Janine G. McGuinness	janinegmcguinness.com	dead	000
McHugh Appraisal Service	mchughappraisal.com	dead	000
McHugh Appraisal Service	mchughappraisalservice.com	dead	000
Suzanne R. McIlrath	suzannermcilrath.com	dead	000
McHugh Appraisal Service	mchughappraisalervice.com	dead	000
McIntyre Appraisals	mcintyreappraisals.com	dead	000
McIntyre Appraisals	mcintyreappraisal.com	dead	000
WIRAMC INC	wiramc.com	dead	000
Scott McIver Appraisal Services	scottmciverappraisalervices.com	dead	000
Seaview Appraisals, Inc.	seaviewappraisals.com	dead	000
Scott McIver Appraisal Services	scottmciverappraisal.com	dead	000
Scott McIver Appraisal Services	scottmciverappraisalservices.com	dead	000
Seaview Appraisals, Inc.	seaviewappraisal.com	dead	000
McKee & Associates, Inc.	mckeeand.com	dead	000
McKenna Pacific Appraisals	mckennapacificappraisals.com	dead	000
McKee & Associates, Inc.	mckeeandassociates.com	dead	000
McKenna Pacific Appraisals	mckennapacificappraisal.com	dead	000
Advanced Appraisal Services, Inc.	advancedappraisal.com	parked	body
McKown Appraisal Service, Carole A McKown	mckownappraisalervicecaroleamckown.com	dead	000
McLaughlin Property Valuation Services	mclaughlinpropertyvaluation.com	dead	000
McKown Appraisal Service, Carole A McKown	mckownappraisalservicecaroleamckown.com	dead	000
Advanced Appraisal Services, Inc.	advancedappraisalervices.com	dead	000
Advanced Appraisal Services, Inc.	advancedappraisalservices.com	HIT_strong	200
McLaughlin Property Valuation Services	mclaughlinpropertyvaluationservices.com	dead	000
Martin Appraisal	martinappraisal.com	dead	000
IJM Appraisal Services	ijmappraisalservices.com	dead	000
IJM Appraisal Services	ijmappraisalervices.com	dead	000
San Diego Home Appraisers	sandiegohomeappraisers.com	HIT_strong	200
IJM Appraisal Services	ijmappraisal.com	dead	000
McLemore Appraisals	mclemoreappraisals.com	dead	000
Martin Appraisal Services	martinappraisal.com	dead	000
McLemore Appraisals	mclemoreappraisal.com	dead	000
Ascent Appraisal Service	ascentappraisalervice.com	dead	000
McMath Appraisals	mcmathappraisals.com	dead	000
McMath Appraisals	mcmathappraisal.com	dead	000
Ascent Appraisal Service	ascentappraisal.com	dead	000
Ascent Appraisal Service	ascentappraisalservice.com	dead	000
McNulty Appraisal	mcnultyappraisal.com	dead	000
Martin Appraisal Inc.	martinappraisal.com	dead	000
McNulty Appraisal	mcnultyappraisals.com	dead	000
CoMeck Appraisal Valuation Services	comeckappraisalvaluation.com	dead	000
CoMeck Appraisal Valuation Services	comeckappraisalvaluationservices.com	dead	000
CoMeck Appraisal Valuation Services	comeckappraisalsvaluationservices.com	dead	000
The McPherson Group	themcpherson.com	dead	000
Appraise-tech	appraisetech.com	dead	000
Accord Appraisals	accordappraisals.com	dead	000
ONE STOP APPRAISAL	onestopappraisal.com	dead	000
Suzy Medaglia	suzymedaglia.com	dead	000
California Appraisal Solutions	californiaappraisalolutions.com	dead	000
California Appraisal Solutions	californiaappraisalsolutions.com	dead	000
Tomer Meghnagi	tomermeghnagi.com	dead	000
ONE STOP APPRAISAL	onestopappraisals.com	HIT_strong	200
Donna Megna Appraisals	donnamegnaappraisal.com	dead	000
NuAppraisals	nuappraisals.com	dead	000
NuAppraisals	nuappraisal.com	dead	000
Donna Megna Appraisals	donnamegnaappraisals.com	dead	000
Swift & Sound Appraisal	swiftandsoundappraisal.com	dead	000
SFM Appraisals	sfmappraisal.com	dead	000
Appraisalfax	appraisalfax.com	dead	000
Swift & Sound Appraisal	swiftandsoundappraisals.com	dead	000
Southern California Appraisers, Inc.	southerncaliforniaappraisers.com	HIT_strong	200
Appraisalfax	appraisalsfax.com	dead	000
Independent Appraisal Group	independentappraisalgroup.com	parked	body
South County Appraisal Service	southcountyappraisal.com	dead	000
South County Appraisal Service	southcountyappraisalservice.com	dead	000
Independent Appraisal Group	independentappraisalsgroup.com	dead	000
Robert B. Melfe, Appraisals	robertbmelfeappraisals.com	dead	000
The McPherson Group	themcphersongroup.com	parked	body
SFM Appraisals	sfmappraisals.com	dead	000
South County Appraisal Service	southcountyappraisalervice.com	dead	000
Robert B. Melfe, Appraisals	robertbmelfeappraisal.com	dead	000
Mark Melikian	markmelikian.com	dead	000
Gabrielle Mellott	gabriellemellott.com	dead	000
Melville Appraisal	melvilleappraisals.com	dead	000
Sierra Nevada Appraisal Group	sierranevadaappraisalsgroup.com	dead	000
Sierra Nevada Appraisal Group	sierranevadaappraisalgroup.com	dead	000
Ramstar Appraisals	ramstarappraisals.com	dead	000
Melville Appraisal	melvilleappraisal.com	dead	000
Sierra Nevada Appraisal Group	sierranevadaappraisal.com	dead	000
ACI Real Estate Services, Inc.	acirealestate.com	dead	000
Cali Tax & Insurance	calitaxandinsurance.com	dead	000
JJM Appraisal Services	jjmappraisalservices.com	dead	000
JJM Appraisal Services	jjmappraisalervices.com	dead	000
Ramstar Appraisals	ramstarappraisal.com	HIT_strong	200
JJM Appraisal Services	jjmappraisal.com	dead	000
Merrick Appraisal	merrickappraisal.com	dead	000
Jessica Mericle Appraisals	jessicamericleappraisal.com	dead	000
Merrick Appraisal	merrickappraisals.com	dead	000
Jessica Mericle Appraisals	jessicamericleappraisals.com	dead	000
LSM Appraisal	lsmappraisals.com	dead	000
LSM Appraisal	lsmappraisal.com	dead	000
San Diego Appraisal Company Inc.	sandiegoappraisal.com	HIT_strong	200
Abbey Appraisals, Inc.	abbeyappraisal.com	dead	000
Abbey Appraisals, Inc.	abbeyappraisals.com	dead	000
Remford L Metoyer	remfordlmetoyer.com	dead	000
AMEX Appraisal	amexappraisals.com	dead	000
Meuser Appraisal	meuserappraisals.com	dead	000
Meuser Appraisal	meuserappraisal.com	dead	000
AMEX Appraisal	amexappraisal.com	dead	000
Roy Meyer Appraisals	roymeyerappraisal.com	dead	000
Roy Meyer Appraisals	roymeyerappraisals.com	dead	000
Jensen Appraisal Inc.- Foothill & Mountain Div	jensenappraisalsfoothillandmountaindiv.com	dead	000
Jensen Appraisal Inc.- Foothill & Mountain Div	jensenappraisalfoothillandmountaindiv.com	dead	000
Electronic Appraisal Solutions, INC	electronicappraisalolutions.com	dead	000
Gary Meyer	garymeyer.com	parked	body
Quality Appraisals	qualityappraisal.com	HIT_strong	200
Quality Appraisals	qualityappraisals.com	HIT_strong	200
Middleton Real Estate Appraisals	middletonrealestateappraisal.com	dead	000
Adrian B. Miller, CREA	adrianbmillercrea.com	dead	000
Middleton Real Estate Appraisals	middletonrealestateappraisals.com	dead	000
Electronic Appraisal Solutions, INC	electronicappraisalsolutions.com	dead	000
David Miller Appraisal Service	davidmillerappraisal.com	dead	000
Foss Consulting Group	fossconsultinggroup.com	dead	000
David Miller Appraisal Service	davidmillerappraisalservice.com	dead	000
David Miller Appraisal Service	davidmillerappraisalervice.com	dead	000
Brad Miller	bradmiller.com	HIT_weak	200
Jeffrey Miller Appraisal	jeffreymillerappraisals.com	dead	000
Jeffrey Miller Appraisal	jeffreymillerappraisal.com	dead	000
Appraisal Monkey	appraisalsmonkey.com	dead	000
Martin Miller Appraisal Services	martinmillerappraisalservices.com	dead	000
Valquick Appraisal	valquickappraisal.com	dead	000
Martin Miller Appraisal Services	martinmillerappraisalervices.com	dead	000
Martin Miller Appraisal Services	martinmillerappraisal.com	dead	000
Appraisal Monkey	appraisalmonkey.com	HIT_strong	200
Miller Home Appraisal	millerhomeappraisals.com	dead	000
RSM Valuation Services, Inc.	rsmvaluation.com	dead	000
Certified Appraiser Network	certifiedappraisernetwork.com	dead	000
Valquick Appraisal	valquickappraisals.com	dead	000
Miller Home Appraisal	millerhomeappraisal.com	dead	000
Jay Miller	jaymiller.com	parked	body
RSM Valuation Services, Inc.	rsmvaluationservices.com	dead	000
Silicon Valley Pioneer Appraisal Services	siliconvalleypioneerappraisalservices.com	dead	000
Silicon Valley Pioneer Appraisal Services	siliconvalleypioneerappraisalervices.com	dead	000
Silicon Valley Pioneer Appraisal Services	siliconvalleypioneerappraisal.com	dead	000
Ken E. Minor & Associates	keneminorandassociates.com	dead	000
Michael Mills	michaelmills.com	HIT_weak	200
Ken E. Minor & Associates	keneminorand.com	dead	000
Approved Appraisal Services	approvedappraisalervices.com	dead	000
Approved Appraisal Services	approvedappraisalservices.com	HIT_strong	200
Frank Miranda & Associates	frankmirandaand.com	dead	000
Toni Miller	tonimiller.com	empty	200
Frank Miranda & Associates	frankmirandaandassociates.com	dead	000
Pacific Appraisers	pacificappraisers.com	HIT_strong	200
Daniel C. Mishkit	danielcmishkit.com	dead	000
Casa Bella Real Estate Services, Inc.	casabellarealestateservices.com	dead	000
Mispireta and Associates	mispiretaandassociates.com	dead	000
Mispireta and Associates	mispiretaand.com	dead	000
GPS Appraisal Services	gpsappraisalservices.com	dead	000
Casa Bella Real Estate Services, Inc.	casabellarealestate.com	empty	200
GPS Appraisal Services	gpsappraisal.com	dead	000
Absolute Appraisal Service	absoluteappraisalervice.com	dead	000
Dwaine Mitchell	dwainemitchell.com	dead	000
GPS Appraisal Services	gpsappraisalervices.com	dead	000
Absolute Appraisal Service	absoluteappraisalservice.com	dead	000
Absolute Appraisal Service	absoluteappraisal.com	HIT_strong	200
Vickie Miyashiro	vickiemiyashiro.com	dead	000
Robert Mitchell Appraisal Incorporated	robertmitchellappraisals.com	dead	000
Robert Mitchell Appraisal Incorporated	robertmitchellappraisal.com	dead	404
Alex Mockus	alexmockus.com	dead	000
Real Estate Appraisal Srvcs	realestateappraisalrvcs.com	dead	000
Real Estate Appraisal Srvcs	realestateappraisalsrvcs.com	dead	000
Peachtree Appraisal	peachtreeappraisal.com	dead	000
Elite Appraisal Services	eliteappraisalervices.com	dead	000
Market Appraisal Group	marketappraisalsgroup.com	dead	000
Peak Appraisals	peakappraisals.com	dead	000
Elite Appraisal Services	eliteappraisalservices.com	HIT_strong	200
CAPAA	capaa.com	dead	000
Bay Valuation Services	bayvaluation.com	dead	000
Bay Valuation Services	bayvaluationservices.com	dead	000
John W. Mohamed, Appraiser	johnwmohamedappraiser.com	dead	000
JIT Appraisal Services	jitappraisalervices.com	dead	000
JIT Appraisal Services	jitappraisalservices.com	dead	000
JIT Appraisal Services	jitappraisal.com	dead	000
Atlas Property Appraisal Incorporation	atlaspropertyappraisalincorporation.com	dead	000
Advantage Appraisal Services	advantageappraisalservices.com	dead	000
Atlas Property Appraisal Incorporation	atlaspropertyappraisalsincorporation.com	dead	000
Juan Molina	juanmolina.com	HIT_weak	200
Molinari Appraisal Service	molinariappraisalservice.com	dead	000
Molinari Appraisal Service	molinariappraisal.com	dead	000
Molinari Appraisal Service	molinariappraisalervice.com	dead	000
Semple Appraisals Inc.	sempleappraisals.com	dead	000
Associated Appraisal Service	associatedappraisalservice.com	dead	000
Associated Appraisal Service	associatedappraisalervice.com	dead	000
Semple Appraisals Inc.	sempleappraisal.com	HIT_strong	200
Associated Appraisal Service	associatedappraisal.com	HIT_strong	200
ACE Appraisers	aceappraisers.com	dead	000
Monroe Appraisals, Inc.	monroeappraisal.com	HIT_strong	200
Warthog LLC	warthog.com	nomatch	200
Mancera Group  LLC	manceragroup.com	empty	302
Appraisal Providers	appraisalsproviders.com	dead	000
Precision Appraisal Services	precisionappraisalervices.com	dead	000
Appraisal Providers	appraisalproviders.com	dead	000
Monroe Appraisals, Inc.	monroeappraisals.com	dead	403
Precision Appraisal Services	precisionappraisalservices.com	dead	404
Precision Appraisal Services	precisionappraisal.com	dead	000
Montgomery Appraisal	montgomeryappraisals.com	HIT_strong	200
The Appraisal Service	theappraisalervice.com	dead	000
The Appraisal Service	theappraisalservice.com	dead	000
Applied Appraisals	appliedappraisals.com	dead	000
The Appraisal Service	theappraisal.com	HIT_strong	200
Montgomery Appraisal	montgomeryappraisal.com	HIT_strong	200
Monty Appraisals	montyappraisal.com	dead	000
Moody Appraisal Group, Inc.	moodyappraisalsgroup.com	dead	000
California Home Value	californiahomevalue.com	empty	200
Monty Appraisals	montyappraisals.com	dead	000
PrimeVal Appraisal Inc., Appraisal Solution	primevalappraisalappraisalsolution.com	dead	000
PrimeVal Appraisal Inc., Appraisal Solution	primevalappraisalappraisalolution.com	dead	000
Moody Appraisal Group, Inc.	moodyappraisal.com	HIT_strong	200
Sarah Moon Real Estate Services	sarahmoonrealestate.com	dead	000
Moody Appraisal Group, Inc.	moodyappraisalgroup.com	dead	000
Sarah Moon Real Estate Services	sarahmoonrealestateservices.com	dead	000
MCMG	mcmg.com	HIT_weak	200
Atlas Appraisal LLC	atlasappraisal.com	parked	body
JKM Appraisal Company	jkmappraisals.com	dead	000
JKM Appraisal Company	jkmappraisal.com	dead	000
Pacific West Appraisal Inc.	pacificwestappraisal.com	dead	000
MOORE APPRAISAL NETWORK, INC.	mooreappraisalnetwork.com	dead	000
MOORE APPRAISAL NETWORK, INC.	mooreappraisalsnetwork.com	dead	000
Dennis D Morales	dennisdmorales.com	dead	000
California Coast Appraisals	californiacoastappraisal.com	dead	000
Pacific West Appraisal Inc.	pacificwestappraisals.com	HIT_strong	200
RAM Appraisals	ramappraisals.com	HIT_strong	200
California Coast Appraisals	californiacoastappraisals.com	dead	000
Cal Coast Appraisals, Inc.	calcoastappraisal.com	dead	000
RAM Appraisals	ramappraisal.com	dead	000
Morikawa Property Valuation	morikawapropertyvaluation.com	dead	000
HomeLink Appraisal Solutions	homelinkappraisalolutions.com	dead	000
Cal Coast Appraisals, Inc.	calcoastappraisals.com	dead	000
HomeLink Appraisal Solutions	homelinkappraisalsolutions.com	dead	000
Coastline Appraisal Service	coastlineappraisalservice.com	dead	000
Coastline Appraisal Service	coastlineappraisalervice.com	dead	000
Coastline Appraisal Service	coastlineappraisal.com	HIT_strong	200
Market Appraisal Group	marketappraisalgroup.com	dead	000
AppraiseNet Group, Inc.	appraisenetgroup.com	dead	000
AppraiseNet Group, Inc.	appraisenet.com	dead	000
Morris Appraisal, Inc.	morrisappraisal.com	HIT_strong	202
Morris Appraisal, Inc.	morrisappraisals.com	HIT_strong	200
DM Appraisals	dmappraisal.com	dead	000
USBANK	usbank.com	HIT_weak	200
Cynthia A Mortenson, Appraiser	cynthiaamortensonappraiser.com	dead	000
DM Appraisals	dmappraisals.com	HIT_strong	200
Suzanne Mosel Appraisal	suzannemoselappraisals.com	dead	000
Suzanne Mosel Appraisal	suzannemoselappraisal.com	dead	000
JM Appraisals	jmappraisal.com	dead	000
JM Appraisals	jmappraisals.com	dead	000
Appraisals Only	appraisalonly.com	dead	000
Premier Appraisals R.E. Services	premierappraisalsre.com	dead	000
Independent Appraisal Group	independentappraisal.com	dead	000
Premier Appraisals R.E. Services	premierappraisalreservices.com	dead	000
Premier Appraisals R.E. Services	premierappraisalsreservices.com	dead	000
Mosser Appraisals	mosserappraisal.com	dead	000
Pacific Residential Appraisals	pacificresidentialappraisals.com	dead	000
Mosser Appraisals	mosserappraisals.com	HIT_strong	200
Assured Appraisals, Inc	assuredappraisal.com	dead	000
Mourad Appraisals Inc	mouradappraisal.com	dead	000
Pacific Residential Appraisals	pacificresidentialappraisal.com	dead	000
San Diego Appraisal Company Inc.	sandiegoappraisals.com	dead	000
Socal Quality Appraisal Service	socalqualityappraisalservice.com	dead	000
Socal Quality Appraisal Service	socalqualityappraisalervice.com	dead	000
Mourad Appraisals Inc	mouradappraisals.com	dead	000
Socal Quality Appraisal Service	socalqualityappraisal.com	dead	000
A-Tech Appraisals	atechappraisal.com	HIT_strong	200
1Advanced Appraisal, Inc	1advancedappraisal.com	dead	000
1Advanced Appraisal, Inc	1advancedappraisals.com	dead	000
Lennell Mudd and Associates	lennellmuddandassociates.com	dead	000
SoCal Appraisal, Inc	socalappraisal.com	HIT_strong	200
Appraisals Only	appraisalsonly.com	HIT_strong	200
SoCal Appraisal, Inc	socalappraisals.com	HIT_strong	200
Prime Appraisers	primeappraisers.com	HIT_strong	200
Lennell Mudd and Associates	lennellmuddand.com	dead	000
Appraisal Authority	appraisalsauthority.com	dead	000
Accurate Appraisals	accurateappraisals.com	HIT_strong	200
Assured Appraisals, Inc	assuredappraisals.com	dead	000
PMG Appraisal Services	pmgappraisal.com	dead	000
PMG Appraisal Services	pmgappraisalservices.com	dead	000
PMG Appraisal Services	pmgappraisalervices.com	dead	000
Edgar Mujukian	edgarmujukian.com	dead	000
Foss Consulting Group	fossconsulting.com	dead	000
Kenneth Mullinix & Associates	kennethmullinixandassociates.com	dead	000
Mullican Appraisals Inc	mullicanappraisal.com	dead	000
Kenneth Mullinix & Associates	kennethmullinixand.com	dead	000
Mullican Appraisals Inc	mullicanappraisals.com	HIT_strong	200
Top Flight Appraisals	topflightappraisal.com	dead	000
RHM Appraisal Services	rhmappraisal.com	dead	000
California Home Appraisals	californiahomeappraisals.com	HIT_strong	200
Murdock Appraisals	murdockappraisal.com	dead	000
Top Flight Appraisals	topflightappraisals.com	parked	body
RHM Appraisal Services	rhmappraisalservices.com	dead	000
RHM Appraisal Services	rhmappraisalervices.com	dead	000
California Home Appraisals	californiahomeappraisal.com	HIT_strong	200
Murdock Appraisals	murdockappraisals.com	dead	000
California Appraisal Team	californiaappraisalsteam.com	dead	000
DM Appraisal Services	dmappraisalervices.com	dead	000
California Appraisal Team	californiaappraisalteam.com	dead	000
DM Appraisal Services	dmappraisalservices.com	dead	000
DM Appraisal Services	dmappraisal.com	dead	000
Academy Appraisals of So Cal	academyappraisalsofsocal.com	dead	000
Old West Real Estate, Inc.	oldwestrealestate.com	dead	000
Academy Appraisals of So Cal	academyappraisalofsocal.com	dead	000
Discovery Appraisal Services	discoveryappraisalservices.com	dead	000
Oak & Anvil Appraisal	oakandanvilappraisals.com	dead	000
Tessa Murray Appraisal	tessamurrayappraisal.com	dead	000
Approved Appraisal Services	approvedappraisal.com	dead	000
Oak & Anvil Appraisal	oakandanvilappraisal.com	dead	000
Discovery Appraisal Services	discoveryappraisalervices.com	dead	000
Discovery Appraisal Services	discoveryappraisal.com	parked	body
Dudley Myer Appraisals	dudleymyerappraisal.com	dead	000
Dudley Myer Appraisals	dudleymyerappraisals.com	dead	000
Paul Myers Appraisals	paulmyersappraisal.com	dead	000
The Myers Group, Inc.	themyers.com	dead	000
The Myers Group	themyers.com	dead	000
Myers Appraisal Service	myersappraisal.com	dead	000
Myers Appraisal Service	myersappraisalervice.com	dead	000
Paul Myers Appraisals	paulmyersappraisals.com	dead	000
TAM Real Estate Appraisal Services	tamrealestateappraisal.com	dead	000
TAM Real Estate Appraisal Services	tamrealestateappraisalservices.com	dead	000
Myers Appraisal Service	myersappraisalservice.com	dead	000
TAM Real Estate Appraisal Services	tamrealestateappraisalervices.com	dead	000
Peachtree Appraisal	peachtreeappraisals.com	dead	000
Nagel Appraisal Service	nagelappraisal.com	dead	000
AAA Appraisal	aaaappraisals.com	dead	000
Sierra Appraisal Services	sierraappraisalervices.com	dead	000
Nagel Appraisal Service	nagelappraisalservice.com	dead	000
Elite Appraisal Services	eliteappraisal.com	dead	000
Nagel Appraisal Service	nagelappraisalervice.com	dead	000
Sierra Appraisal Services	sierraappraisal.com	dead	000
Cuesta Appraisal	cuestaappraisal.com	dead	000
Cuesta Appraisal	cuestaappraisals.com	dead	000
Nexus Appraisal	nexusappraisal.com	HIT_strong	200
AAA Appraisal	aaaappraisal.com	HIT_strong	200
Lou Najera Appraisals	lounajeraappraisals.com	dead	000
Lou Najera Appraisals	lounajeraappraisal.com	dead	000
NAKAGAWA APPRAISAL SERVICES	nakagawaappraisal.com	dead	000
Market Appraisal Group	marketappraisal.com	dead	000
NAKAGAWA APPRAISAL SERVICES	nakagawaappraisalervices.com	dead	000
NAKAGAWA APPRAISAL SERVICES	nakagawaappraisalservices.com	dead	000
GN Nakamura	gnnakamura.com	dead	000
Seaside Appraisal Services	seasideappraisalservices.com	dead	000
Seaside Appraisal Services	seasideappraisalervices.com	dead	000
Boss Appraisal Services	bossappraisalservices.com	dead	000
Seaside Appraisal Services	seasideappraisal.com	HIT_strong	200
Boss Appraisal Services	bossappraisalervices.com	dead	000
L. Naretto Appraisals	lnarettoappraisals.com	dead	000
L. Naretto Appraisals	lnarettoappraisal.com	dead	000
E Z APPRAISALS	ezappraisal.com	parked	body
Applied Appraisals	appliedappraisal.com	dead	000
MD Real Estate Services	mdrealestate.com	dead	000
24 Hour Appraisal, Inc.	24hourappraisals.com	dead	404
MD Real Estate Services	mdrealestateservices.com	HIT_weak	200
24 Hour Appraisal, Inc.	24hourappraisal.com	HIT_strong	200
Sactown Appraisals	sactownappraisal.com	dead	000
Sactown Appraisals	sactownappraisals.com	HIT_strong	200
Merrill Morgan Real Estate Advisors	merrillmorganrealestateadvisors.com	dead	000
Vincent J. Natoli	vincentjnatoli.com	dead	000
Atlas Appraisal LLC	atlasappraisals.com	dead	000
Mike Navar Valuations	mikenavarvaluations.com	HIT_strong	200
On The Mark Appraisal	onthemarkappraisal.com	dead	000
Cal Elite Appraisal Services	caleliteappraisalervices.com	dead	000
On The Mark Appraisal	onthemarkappraisals.com	dead	000
Cal Elite Appraisal Services	caleliteappraisal.com	dead	000
Cal Elite Appraisal Services	caleliteappraisalservices.com	dead	000
VHE Appraisal	vheappraisals.com	dead	000
VHE Appraisal	vheappraisal.com	HIT_strong	200
Steve Necke Appraisal Service	steveneckeappraisalservice.com	dead	000
Steve Necke Appraisal Service	steveneckeappraisal.com	dead	000
Accurate Appraisals	accurateappraisal.com	dead	000
Steve Necke Appraisal Service	steveneckeappraisalervice.com	dead	000
Necko Appraisals	neckoappraisal.com	dead	000
Necko Appraisals	neckoappraisals.com	dead	000
R.J. Neild Real Estate Appraisals	rjneildrealestateappraisals.com	dead	000
R.J. Neild Real Estate Appraisals	rjneildrealestateappraisal.com	dead	000
Assisted Evaluation Inc.	assistedevaluation.com	dead	000
A-Tech Appraisals	atechappraisals.com	dead	000
ASAP Appraisal Services	asapappraisalervices.com	dead	000
James Nemoto	jamesnemoto.com	dead	000
Nesci Appraisal Service	nesciappraisalervice.com	dead	000
Nesci Appraisal Service	nesciappraisalservice.com	dead	000
Ness Appraisal Service	nessappraisalervice.com	dead	000
Nesci Appraisal Service	nesciappraisal.com	dead	000
Ness Appraisal Service	nessappraisalservice.com	dead	000
Appraisal Associates of Monterey	appraisalsassociatesofmonterey.com	dead	000
Ness Appraisal Service	nessappraisal.com	dead	000
Appraisal Associates of Monterey	appraisalassociatesofmonterey.com	dead	000
Thomas Appraisal Company	thomasappraisals.com	parked	body
Thomas Appraisal Company	thomasappraisal.com	HIT_strong	200
Sonic Appraisal Group	sonicappraisalgroup.com	dead	000
Appraisal Authority	appraisalauthority.com	dead	000
Sonic Appraisal Group	sonicappraisalsgroup.com	dead	000
Sonic Appraisal Group	sonicappraisal.com	dead	000
Peter Q Ngo	peterqngo.com	dead	000
Bay Area Residential Appraisal	bayarearesidentialappraisals.com	dead	000
BL Appraisal Services	blappraisalervices.com	dead	000
Bay Area Residential Appraisal	bayarearesidentialappraisal.com	HIT_strong	200
BL Appraisal Services	blappraisalservices.com	dead	000
BL Appraisal Services	blappraisal.com	dead	000
Parker Appraisal Service	parkerappraisalservice.com	dead	000
Parker Appraisal Service	parkerappraisalervice.com	dead	000
Tessa Murray Appraisal	tessamurrayappraisals.com	dead	000
A&T Appraisals	aandtappraisals.com	dead	000
A&T Appraisals	aandtappraisal.com	dead	000
MJN	mjn.com	dead	000
Merit Appraisal Services	meritappraisalservices.com	HIT_strong	200
Siri Appraisal Services	siriappraisal.com	dead	000
The Myers Group, Inc.	themyersgroup.com	dead	000
Merit Appraisal Services	meritappraisalervices.com	dead	000
Parker Appraisal Service	parkerappraisal.com	HIT_strong	200
The Myers Group	themyersgroup.com	dead	000
H&T Appraisal Inc	handtappraisals.com	dead	000
Siri Appraisal Services	siriappraisalservices.com	dead	000
H&T Appraisal Inc	handtappraisal.com	dead	000
Uber Chuchu, Inc.	uberchuchu.com	dead	000
Siri Appraisal Services	siriappraisalervices.com	dead	000
Vanguard Appraisal Services	vanguardappraisalervices.com	dead	000
Vanguard Appraisal Services	vanguardappraisalservices.com	HIT_strong	200
AppraisalOne	appraisalsone.com	dead	000
Acuurate KN Appraisal dba Fast Appraisal	acuurateknappraisalsdbafastappraisals.com	dead	000
Vanguard Appraisal Services	vanguardappraisal.com	HIT_strong	200
Empire Appraisals	empireappraisal.com	dead	000
AppraisalOne	appraisalone.com	HIT_strong	202
Acuurate KN Appraisal dba Fast Appraisal	acuurateknappraisaldbafastappraisal.com	dead	000
Alpha Appraisal Services	alphaappraisalervices.com	dead	000
Nexus Appraisal	nexusappraisals.com	dead	000
Summit Home Appraisal	summithomeappraisals.com	dead	000
Alpha Appraisal Services	alphaappraisalservices.com	HIT_strong	200
Alpha Appraisal Services	alphaappraisal.com	HIT_strong	200
Optima Appraisal	optimaappraisals.com	dead	000
ASAP Appraisal Services	asapappraisal.com	dead	000
Summit Home Appraisal	summithomeappraisal.com	dead	000
Statewide Appraisals	statewideappraisals.com	HIT_strong	200
Elite Appraisal	eliteappraisals.com	dead	000
Statewide Appraisals	statewideappraisal.com	HIT_strong	200
Sierra Appraisal Services	sierraappraisalservices.com	dead	000
Nichols Appraisal	nicholsappraisal.com	dead	000
Nicholson & Company Appraisers, Inc.	nicholsonandappraisers.com	dead	000
Nichols Appraisal	nicholsappraisals.com	dead	000
Vincent Nguyen	vincentnguyen.com	empty	200
Property Valuation Network	propertyvaluationnetwork.com	HIT_strong	200
Empire Appraisals	empireappraisals.com	dead	000
Private Eye Appraisals	privateeyeappraisal.com	dead	000
Riggins Enterprises, LLC dba Riggins Appraisals	rigginsenterprisesdbarigginsappraisal.com	dead	000
Nicholson Appraisal	nicholsonappraisal.com	HIT_strong	200
Optima Appraisal	optimaappraisal.com	HIT_strong	200
Boss Appraisal Services	bossappraisal.com	dead	000
Riggins Enterprises, LLC dba Riggins Appraisals	rigginsenterprisesdbarigginsappraisals.com	dead	000
SCMN Corp	scmn.com	dead	000
Private Eye Appraisals	privateeyeappraisals.com	HIT_strong	200
Nielsen Appraisal Service	nielsenappraisalervice.com	dead	000
Nielsen Appraisal Service	nielsenappraisalservice.com	dead	000
Nielsen Appraisal Service	nielsenappraisal.com	dead	000
Laura Niesley Appraisal Service	lauraniesleyappraisal.com	dead	000
Laura Niesley Appraisal Service	lauraniesleyappraisalservice.com	dead	000
California Prime Realty	californiaprimerealty.com	dead	000
Pat Nikolewski	patnikolewski.com	dead	000
Accurate Residential Appraisal	accurateresidentialappraisal.com	dead	000
Accurate Residential Appraisal	accurateresidentialappraisals.com	dead	000
Nine Appraisals	nineappraisals.com	dead	000
Courtney Nim	courtneynim.com	dead	000
Nicholson Appraisal	nicholsonappraisals.com	HIT_strong	200
Laura Niesley Appraisal Service	lauraniesleyappraisalervice.com	dead	000
Opteon Appraisal Inc.	opteonappraisals.com	dead	000
Nine Appraisals	nineappraisal.com	dead	000
E Z APPRAISALS	ezappraisals.com	dead	000
P. Noble Appraisals	pnobleappraisal.com	dead	000
P. Noble Appraisals	pnobleappraisals.com	dead	000
Julie A Noel	julieanoel.com	dead	000
Certify Appraisal	certifyappraisals.com	dead	000
Opteon Appraisal Inc.	opteonappraisal.com	dead	000
Home Real Estate Appraisals	homerealestateappraisal.com	dead	000
Certify Appraisal	certifyappraisal.com	dead	000
Home Real Estate Appraisals	homerealestateappraisals.com	dead	000
Nordal & Associates Real Estate Appraisal	nordalandassociatesrealestateappraisal.com	dead	000
The Nord Group	thenord.com	dead	000
Nordal & Associates Real Estate Appraisal	nordalandassociatesrealestateappraisals.com	dead	000
Steven D Norris	stevendnorris.com	dead	000
Gold Rush Appraisal Group	goldrushappraisalsgroup.com	dead	000
Gold Rush Appraisal Group	goldrushappraisal.com	HIT_strong	200
Value Appraisal Services, Inc	valueappraisalervices.com	dead	000
Gold Rush Appraisal Group	goldrushappraisalgroup.com	dead	000
Appraisal Circle - Appraisal Factory Inc	appraisalcircleappraisalfactory.com	dead	000
Appraisal Circle - Appraisal Factory Inc	appraisalscircleappraisalsfactory.com	dead	000
The Nord Group	thenordgroup.com	HIT_weak	200
Chris T. Nuno	christnuno.com	dead	000
Value Appraisal Services, Inc	valueappraisalservices.com	dead	000
O'Brien Appraisal Service	obrienappraisalervice.com	dead	000
Appraisal & Review Solutions	appraisalsandreviewsolutions.com	dead	000
Appraisal & Review Solutions	appraisalandreviewsolutions.com	dead	000
Trusted Valuation Solutions, Inc.	trustedvaluationsolutions.com	dead	000
O'Brien Appraisal Service	obrienappraisal.com	dead	000
James O'Brien	jamesobrien.com	HIT_weak	200
O'Brien Appraisals	obrienappraisal.com	dead	000
Kelly O'Connor Appraisals	kellyoconnorappraisals.com	dead	000
Kelly O'Connor Appraisals	kellyoconnorappraisal.com	dead	000
Alpine Appraisal Group	alpineappraisalsgroup.com	dead	000
Alpine Appraisal Group	alpineappraisalgroup.com	HIT_strong	200
O'Day Appraisal Service	odayappraisalservice.com	dead	000
O'Day Appraisal Service	odayappraisalervice.com	dead	000
USA Appraisals	usaappraisals.com	dead	403
Jan O'Flynn Appraisals	janoflynnappraisal.com	dead	000
Kevin O'Harra	kevinoharra.com	dead	000
Matthew A. O'Connor	matthewaoconnor.com	HIT_weak	200
O'Day Appraisal Service	odayappraisal.com	dead	000
Todd O'Malley Appraiser	toddomalleyappraiser.com	dead	000
O'Reilly Brothers Appraisal Group	oreillybrothersappraisalgroup.com	dead	000
O'Reilly Brothers Appraisal Group	oreillybrothersappraisal.com	dead	000
ADI Appraisals Services	adiappraisalservices.com	dead	000
Jan O'Flynn Appraisals	janoflynnappraisals.com	HIT_strong	200
ADI Appraisals Services	adiappraisalsservices.com	dead	000
O'Reilly Brothers Appraisal Group	oreillybrothersappraisalsgroup.com	dead	000
South Bay Appraisal Services Inc.	southbayappraisalervices.com	dead	000
First Citizens Bank / CIT Bank	firstcitizensbankcitbank.com	dead	000
Casey Ogle Real Estate Appraisal	caseyoglerealestateappraisal.com	dead	000
AppraisalsDirect	appraisaldirect.com	dead	000
South Bay Appraisal Services Inc.	southbayappraisal.com	dead	000
Casey Ogle Real Estate Appraisal	caseyoglerealestateappraisals.com	dead	000
ADI Appraisals Services	adiappraisals.com	dead	000
South Bay Appraisal Services Inc.	southbayappraisalservices.com	dead	000
DON'S APPRAISALS	donsappraisal.com	dead	000
ANO Appraisal Service	anoappraisal.com	dead	000
ANO Appraisal Service	anoappraisalervice.com	dead	000
S Ojeda Appraisals	sojedaappraisal.com	dead	000
ANO Appraisal Service	anoappraisalservice.com	dead	000
Certified Appraisal	certifiedappraisal.com	dead	000
S Ojeda Appraisals	sojedaappraisals.com	dead	000
ASAP Appraisal Services	asapappraisalservices.com	dead	000
Certified Appraisal	certifiedappraisals.com	HIT_strong	200
Jason B. Oldendorp	jasonboldendorp.com	dead	000
Eagles Trade, Inc.	eaglestrade.com	dead	000
At Your Appraisal Service	atyourappraisalservice.com	dead	000
At Your Appraisal Service	atyourappraisalervice.com	dead	000
At Your Appraisal Service	atyourappraisal.com	dead	000
Olson Appraisals	olsonappraisals.com	dead	000
Value Appraisal Services, Inc	valueappraisal.com	dead	000
Professional Appraisals	professionalappraisal.com	HIT_strong	200
Professional Appraisals	professionalappraisals.com	HIT_strong	200
Olson Valuation Company	olsonvaluation.com	HIT_strong	200
Greg Ontiveros Jr., Appraiser	gregontiverosjrappraiser.com	dead	000
AppraisalsDirect	appraisalsdirect.com	dead	000
Olson Appraisals	olsonappraisal.com	HIT_strong	200
DON'S APPRAISALS	donsappraisals.com	HIT_strong	200
Ontiveros Appraisal Service	ontiverosappraisalservice.com	dead	000
Ontiveros Appraisal Service	ontiverosappraisalervice.com	dead	000
Ontiveros Appraisal Service	ontiverosappraisal.com	dead	000
iValue Homes, Inc.	ivaluehomes.com	dead	000
Fidelity Appraisal Services	fidelityappraisal.com	dead	000
Fidelity Appraisal Services	fidelityappraisalservices.com	dead	000
American Home Appraisal	americanhomeappraisals.com	HIT_strong	200
American Home Appraisal	americanhomeappraisal.com	parked	body
Fidelity Appraisal Services	fidelityappraisalervices.com	dead	000
Silicon Valley Valuations	siliconvalleyvaluations.com	dead	000
Jeffrey Oliver	jeffreyoliver.com	HIT_weak	200
Jenny Orozco Appraisal Services	jennyorozcoappraisalervices.com	dead	000
Jenny Orozco Appraisal Services	jennyorozcoappraisalservices.com	dead	000
Jenny Orozco Appraisal Services	jennyorozcoappraisal.com	dead	000
Ortiz Appraisal Services	ortizappraisalervices.com	dead	000
Ortiz Appraisal Services	ortizappraisalservices.com	dead	000
Ortiz Appraisal Services	ortizappraisal.com	dead	000
TCO Appraisals	tcoappraisal.com	dead	000
TCO Appraisals	tcoappraisals.com	dead	000
Aces Appraisals Real Estate of California	acesappraisalsrealestateofcalifornia.com	dead	000
Aces Appraisals Real Estate of California	acesappraisalrealestateofcalifornia.com	dead	000
Ostlund Appraisals	ostlundappraisal.com	dead	000
Ostlund Appraisals	ostlundappraisals.com	dead	000
BV Appraisals Inc.	bvappraisal.com	HIT_strong	200
Go Appraisals	goappraisals.com	dead	000
Anthony Ostrow	anthonyostrow.com	dead	000
Go Appraisals	goappraisal.com	HIT_strong	200
OAS Real Estate Appraisals, Inc.	oasrealestateappraisals.com	dead	000
Allen Ottoson	allenottoson.com	dead	000
RCO Appraisals	rcoappraisal.com	dead	000
OAS Real Estate Appraisals, Inc.	oasrealestateappraisal.com	dead	000
Owens Appraisals	owensappraisal.com	dead	000
Yovino-Young, Inc.	yovinoyoung.com	dead	000
M Pacheco Appraisals	mpachecoappraisal.com	dead	000
Owens Appraisals	owensappraisals.com	dead	000
Pacey Appraisals	paceyappraisal.com	dead	000
RCO Appraisals	rcoappraisals.com	dead	000
Downstream Enterprises Inc	downstreamenterprises.com	dead	503
M Pacheco Appraisals	mpachecoappraisals.com	dead	000
Patrick Pacino	patrickpacino.com	dead	000
Columbia Bank	columbiabank.com	dead	403
Pacheco Appraisals	pachecoappraisal.com	dead	000
James Pacitto Appraisals	jamespacittoappraisals.com	dead	000
Pacheco Appraisals	pachecoappraisals.com	dead	000
James Pacitto Appraisals	jamespacittoappraisal.com	dead	000
Merit Appraisal Services	meritappraisal.com	dead	000
Pacitto Appraisal Services, Inc.	pacittoappraisalervices.com	dead	000
Pacitto Appraisal Services, Inc.	pacittoappraisalservices.com	dead	000
Peninsula Real Estate Appraisal	peninsularealestateappraisal.com	dead	000
Peninsula Real Estate Appraisal	peninsularealestateappraisals.com	dead	000
Paine & Associates	paineand.com	dead	000
Padua Group	padua.com	dead	000
Paine & Associates	paineandassociates.com	dead	000
Palatella & Associates, Inc.	palatellaand.com	dead	000
Palatella & Associates, Inc.	palatellaandassociates.com	dead	000
Pacitto Appraisal Services, Inc.	pacittoappraisal.com	HIT_strong	200
Kirshner & Rohde Appraisal Services	kirshnerandrohdeappraisal.com	dead	000
Kirshner & Rohde Appraisal Services	kirshnerandrohdeappraisalservices.com	dead	000
Padua Group	paduagroup.com	dead	000
Toni Palmer Appraisal Company	tonipalmerappraisal.com	dead	000
Larry K. Pall	larrykpall.com	dead	000
Kirshner & Rohde Appraisal Services	kirshnerandrohdeappraisalervices.com	dead	000
Upright Appraisals	uprightappraisal.com	dead	000
Toni Palmer Appraisal Company	tonipalmerappraisals.com	dead	000
O'Brien Appraisal Service	obrienappraisalservice.com	dead	000
Upright Appraisals	uprightappraisals.com	dead	000
O'Brien Appraisals	obrienappraisals.com	dead	000
Toni Palmer Appraisals	tonipalmerappraisal.com	dead	000
Toni Palmer Appraisals	tonipalmerappraisals.com	dead	000
Wen-Tao Pan Inc.	wentaopan.com	dead	000
APN Appraisal Services	apnappraisalervices.com	dead	000
APN Appraisal Services	apnappraisalservices.com	dead	000
Alpine Appraisal Group	alpineappraisal.com	dead	000
George Pao	georgepao.com	dead	000
APN Appraisal Services	apnappraisal.com	dead	000
Yao Pan	yaopan.com	nomatch	200
Gold State Appraisal Group, Inc.	goldstateappraisal.com	dead	000
Gold State Appraisal Group, Inc.	goldstateappraisalgroup.com	dead	000
Gold State Appraisal Group, Inc.	goldstateappraisalsgroup.com	dead	000
Calstar Appraisal Group	calstarappraisalgroup.com	dead	000
Pardo Appraisals	pardoappraisal.com	dead	000
Precise Valuations	precisevaluations.com	HIT_strong	200
Real Time Property, Inc.	realtimeproperty.com	HIT_weak	200
Pardo Appraisals	pardoappraisals.com	dead	000
Calstar Appraisal Group	calstarappraisalsgroup.com	dead	000
SDI Appraisal Services	sdiappraisalservices.com	dead	000
SDI Appraisal Services	sdiappraisalervices.com	dead	000
JP Appraisal Company	jpappraisal.com	dead	000
Calstar Appraisal Group	calstarappraisal.com	HIT_strong	200
Park Avenue Appraisals	parkavenueappraisal.com	dead	000
Laurianna L. Park Appraisals	lauriannalparkappraisal.com	dead	000
Laurianna L. Park Appraisals	lauriannalparkappraisals.com	dead	000
Western Alliance Bank	westernalliancebank.com	HIT_weak	200
ABCO Appraisals	abcoappraisal.com	dead	000
Elizabeth Parker Appraisal	elizabethparkerappraisal.com	dead	000
ABCO Appraisals	abcoappraisals.com	dead	000
Park Avenue Appraisals	parkavenueappraisals.com	HIT_strong	200
PARKER'S APPRAISAL	parkersappraisal.com	dead	000
Elizabeth Parker Appraisal	elizabethparkerappraisals.com	dead	000
PARKER'S APPRAISAL	parkersappraisals.com	dead	000
MP Appraisals, Inc.	mpappraisals.com	HIT_strong	200
Parkinson Appraisals	parkinsonappraisal.com	dead	000
Parkinson Appraisals	parkinsonappraisals.com	dead	000
Alan Partch	alanpartch.com	dead	000
Integrated Appraisal Services, LLC	integratedappraisalervices.com	dead	000
Dan Patalano Residential Appraisals	danpatalanoresidentialappraisals.com	dead	000
Dan Patalano Residential Appraisals	danpatalanoresidentialappraisal.com	dead	000
Patmore Appraisals	patmoreappraisals.com	dead	000
Integrated Appraisal Services, LLC	integratedappraisalservices.com	dead	404
Cumberland Appraisal	cumberlandappraisals.com	dead	000
All Town and Country Appraisal Services	alltownandcountryappraisalervices.com	dead	000
Patmore Appraisals	patmoreappraisal.com	dead	000
Cumberland Appraisal	cumberlandappraisal.com	HIT_strong	200
All Town and Country Appraisal Services	alltownandcountryappraisal.com	dead	000
All Town and Country Appraisal Services	alltownandcountryappraisalservices.com	dead	000
Chase Appraisal Services	chaseappraisalservices.com	dead	000
BV Appraisals Inc.	bvappraisals.com	dead	404
Pacific Appraisal Connection	pacificappraisalsconnection.com	dead	000
Chase Appraisal Services	chaseappraisalervices.com	dead	000
Sierra Real Estate	sierrarealestate.com	dead	403
Pacific Appraisal Connection	pacificappraisalconnection.com	dead	000
Paulus Appraisals	paulusappraisals.com	dead	000
Pacific Capital Appraisals	pacificcapitalappraisals.com	dead	000
Paulus Appraisals	paulusappraisal.com	dead	000
Chase Appraisal Services	chaseappraisal.com	HIT_strong	200
Foroud Payandehjoo	foroudpayandehjoo.com	dead	000
Pearl Appraisals	pearlappraisal.com	dead	000
Pacific Capital Appraisals	pacificcapitalappraisal.com	dead	000
ATLANTIS APPRAISALS	atlantisappraisals.com	dead	000
ATLANTIS APPRAISALS	atlantisappraisal.com	dead	000
Richard Pease	richardpease.com	HIT_weak	200
Valley Home Appraisals	valleyhomeappraisals.com	dead	000
Elite Appraisal	eliteappraisal.com	dead	000
Pearl Appraisals	pearlappraisals.com	dead	000
Valley Home Appraisals	valleyhomeappraisal.com	dead	000
Protax, LLC.	protax.com	dead	404
Peiffer Appraisals	peifferappraisal.com	dead	000
A1Valuationpro	a1valuationpro.com	dead	000
Argent Appraisals	argentappraisal.com	dead	000
Argent Appraisals	argentappraisals.com	dead	000
Tatyana Pekar	tatyanapekar.com	dead	000
R & R Appraisals	randrappraisal.com	dead	000
Kevin Pellon	kevinpellon.com	dead	000
Iris Pena Appraisals	irispenaappraisals.com	dead	000
R & R Appraisals	randrappraisals.com	HIT_strong	200
USA Appraisals	usaappraisal.com	dead	000
Peiffer Appraisals	peifferappraisals.com	dead	000
R.P. Appraisal Service	rpappraisalservice.com	dead	000
R.P. Appraisal Service	rpappraisalervice.com	dead	000
Iris Pena Appraisals	irispenaappraisal.com	dead	000
Penn Appraisals	pennappraisals.com	dead	000
Anytime Appraisals	anytimeappraisals.com	HIT_strong	200
Elevation Appraisal	elevationappraisal.com	HIT_strong	200
Michael Pereira Appraisals	michaelpereiraappraisals.com	dead	000
Michael Pereira Appraisals	michaelpereiraappraisal.com	dead	000
Perez & Associates	perezand.com	dead	000
Stennis Appraisal Service	stennisappraisalervice.com	dead	000
Perez & Associates	perezandassociates.com	empty	200
Pacey Appraisals	paceyappraisals.com	parked	body
Penn Appraisals	pennappraisal.com	dead	404
Stennis Appraisal Service	stennisappraisalservice.com	dead	000
Cal Valley Appraisals	calvalleyappraisal.com	dead	000
Stennis Appraisal Service	stennisappraisal.com	dead	000
Cal Valley Appraisals	calvalleyappraisals.com	dead	000
DVS Appraisals, Inc.	dvsappraisals.com	HIT_strong	200
DVS Appraisals, Inc.	dvsappraisal.com	dead	000
MP Appraisals, Inc.	mpappraisal.com	dead	000
Perkins Appraisals	perkinsappraisal.com	dead	000
Perkins Appraisals	perkinsappraisals.com	HIT_strong	200
South Placer Appraisal Services	southplacerappraisalervices.com	dead	000
South Placer Appraisal Services	southplacerappraisal.com	dead	000
South Placer Appraisal Services	southplacerappraisalservices.com	dead	000
Jim Perry Appraisals, LLC	jimperryappraisals.com	dead	000
Jim Perry Appraisals, LLC	jimperryappraisal.com	dead	000
R&K Appraisal	randkappraisals.com	dead	000
Apple Appraisal, Inc.	appleappraisals.com	parked	body
AVIC Inc	avic.com	dead	000
R&K Appraisal	randkappraisal.com	dead	000
Steven Perse Real Estate Services	stevenperserealestate.com	dead	000
Apple Appraisal, Inc.	appleappraisal.com	dead	000
Steven Perse Real Estate Services	stevenperserealestateservices.com	dead	000
Tanya Persky	tanyapersky.com	dead	000
Peters Real Value Appraisals	petersrealvalueappraisal.com	dead	000
VP Appraisal Services, Inc.	vpappraisalervices.com	dead	000
VP Appraisal Services, Inc.	vpappraisalservices.com	dead	000
Peters Real Value Appraisals	petersrealvalueappraisals.com	dead	000
AppraiseCentral.Com	appraisecentralcom.com	dead	000
DP Appraisal Services	dpappraisalservices.com	dead	000
Appraise IT Today Inc.	appraiseittoday.com	dead	000
Country Values	countryvalues.com	dead	403
DP Appraisal Services	dpappraisal.com	dead	000
DP Appraisal Services	dpappraisalervices.com	dead	000
Pfeiffer Appraisal Group	pfeifferappraisal.com	HIT_strong	200
Pfeiffer Appraisal Group	pfeifferappraisalsgroup.com	dead	000
Pharr-Out Appraisals	pharroutappraisal.com	dead	000
Horizon Appraisal	horizonappraisals.com	dead	000
Pharr-Out Appraisals	pharroutappraisals.com	dead	000
Pfeiffer Realty	pfeifferrealty.com	dead	000
Occidental Appraisal Services, LLC	occidentalappraisal.com	dead	000
Occidental Appraisal Services, LLC	occidentalappraisalervices.com	dead	000
Occidental Appraisal Services, LLC	occidentalappraisalservices.com	dead	000
Nang Ong	nangong.com	dead	000
VP Appraisal Services, Inc.	vpappraisal.com	dead	500
The Phillips Company	thephillips.com	dead	000
Phillips Appraisal Services Corp.	phillipsappraisalservices.com	dead	000
Phillips Appraisal Services Corp.	phillipsappraisalervices.com	dead	000
Phillips Appraisal Services Corp.	phillipsappraisal.com	HIT_strong	200
Alpha Appraisal Service	alphaappraisalservice.com	dead	000
Alpha Appraisal Service	alphaappraisalervice.com	dead	000
Alpha Appraisal Service	alphaappraisal.com	HIT_strong	200
Jerald Piatchuk	jeraldpiatchuk.com	dead	000
Pickart Appraisal & Consulting Services	pickartappraisalandconsulting.com	dead	000
Pickart Appraisal & Consulting Services	pickartappraisalsandconsultingservices.com	dead	000
Pickart Appraisal & Consulting Services	pickartappraisalandconsultingservices.com	dead	000
Eagle Appraisal Services	eagleappraisalervices.com	dead	000
Eagle Appraisal Services	eagleappraisalservices.com	HIT_strong	200
Pickford Appraisal Inc	pickfordappraisal.com	dead	000
Pickford Appraisal Inc	pickfordappraisals.com	dead	000
Eagle Appraisal Services	eagleappraisal.com	dead	000
GAP Appraisals	gapappraisal.com	dead	000
Loorz & Company, Inc.	loorzand.com	dead	000
Old Oak Appraisal Services Inc.	oldoakappraisalervices.com	dead	000
Penney Appraisals	penneyappraisals.com	dead	000
Old Oak Appraisal Services Inc.	oldoakappraisalservices.com	dead	000
Penney Appraisals	penneyappraisal.com	dead	000
GAP Appraisals	gapappraisals.com	HIT_strong	200
Old Oak Appraisal Services Inc.	oldoakappraisal.com	dead	000
Modern Appraisal	modernappraisal.com	dead	000
The Pinkston Group	thepinkston.com	dead	000
Robert Pike	robertpike.com	nomatch	200
Modern Appraisal	modernappraisals.com	dead	000
The Pinkston Group	thepinkstongroup.com	dead	000
TP Appraisals	tpappraisal.com	dead	000
Legacy Wealth Management	legacywealthmanagement.com	HIT_strong	200
Pirozzi Appraisal	pirozziappraisal.com	dead	000
Piscitelli Appraisal Service	piscitelliappraisalservice.com	dead	000
Piscitelli Appraisal Service	piscitelliappraisalervice.com	dead	000
Pirozzi Appraisal	pirozziappraisals.com	dead	000
RGP Appraisal	rgpappraisals.com	dead	000
RGP Appraisal	rgpappraisal.com	dead	000
Theresa Plachta's Appraisal Services	theresaplachtasappraisalervices.com	dead	000
Piscitelli Appraisal Service	piscitelliappraisal.com	dead	000
Theresa Plachta's Appraisal Services	theresaplachtasappraisal.com	dead	000
Accountable Appraisals	accountableappraisal.com	dead	000
Theresa Plachta's Appraisal Services	theresaplachtasappraisalservices.com	dead	000
Karen Podgorski	karenpodgorski.com	dead	000
Accountable Appraisals	accountableappraisals.com	dead	000
On Target Appraisal	ontargetappraisal.com	dead	000
Premier	premier.com	HIT_weak	200
Carina Pollard Appraisal	carinapollardappraisal.com	dead	000
On Target Appraisals	ontargetappraisal.com	dead	000
On Target Appraisal	ontargetappraisals.com	HIT_strong	200
On Target Appraisals	ontargetappraisals.com	HIT_strong	200
Carina Pollard Appraisal	carinapollardappraisals.com	dead	000
Polyak & Associates Inc	polyakandassociates.com	dead	000
Polyak & Associates Inc	polyakand.com	dead	000
All County Appraisals	allcountyappraisals.com	dead	000
KP Appraisal	kpappraisal.com	dead	000
Samantha Ponce Bourdette	samanthaponcebourdette.com	dead	000
SDI Appraisal Services	sdiappraisal.com	dead	000
KP Appraisal	kpappraisals.com	HIT_strong	200
Integrity Appraisal Services	integrityappraisalervices.com	dead	000
Integrity Appraisal Services	integrityappraisal.com	HIT_strong	200
JP Appraisal Company	jpappraisals.com	dead	000
Integrity Appraisal Services	integrityappraisalservices.com	HIT_strong	200
Elevation Appraisal	elevationappraisals.com	HIT_strong	200
Jerry Poore Real Estate Appraisal	jerrypoorerealestateappraisal.com	dead	000
SMP Consulting 22, Inc.	smpconsulting22.com	dead	000
Maria L. Porter	marialporter.com	dead	000
Sammco Appraisal Group	sammcoappraisal.com	dead	000
Jerry Poore Real Estate Appraisal	jerrypoorerealestateappraisals.com	dead	000
TP Appraisals	tpappraisals.com	HIT_strong	200
RMP Appraisals	rmpappraisal.com	dead	000
Anytime Appraisals	anytimeappraisal.com	dead	000
Sammco Appraisal Group	sammcoappraisalsgroup.com	dead	000
Powell Real Estate Consulting, LLC	powellrealestateconsulting.com	dead	000
Sammco Appraisal Group	sammcoappraisalgroup.com	dead	000
MVP Appraisal Service	mvpappraisalervice.com	dead	000
Pratt's Appraisals	prattsappraisal.com	dead	000
Pratt Appraisals, Inc.	prattappraisals.com	dead	000
MVP Appraisal Service	mvpappraisal.com	dead	000
Pratt's Appraisals	prattsappraisals.com	dead	000
Integrated Appraisal Services, LLC	integratedappraisal.com	dead	000
RJP Appraisal Service	rjpappraisal.com	dead	000
MVP Appraisal Service	mvpappraisalservice.com	dead	000
RJP Appraisal Service	rjpappraisalservice.com	dead	000
Pfeiffer Appraisal Group	pfeifferappraisalgroup.com	dead	000
RJP Appraisal Service	rjpappraisalervice.com	dead	000
Preece Appraisal	preeceappraisals.com	dead	000
Clovis Appraisal Services	clovisappraisalservices.com	dead	000
Clovis Appraisal Services	clovisappraisalervices.com	dead	000
Preece Appraisal	preeceappraisal.com	dead	000
Jon Preacher	jonpreacher.com	empty	200
Clovis Appraisal Services	clovisappraisal.com	dead	000
Kevin Prestegard	kevinprestegard.com	dead	000
Price Appraisal	priceappraisals.com	HIT_strong	200
Price Appraisal	priceappraisal.com	HIT_strong	200
Pritchard Appraisals	pritchardappraisal.com	dead	000
Pritchard Appraisals	pritchardappraisals.com	dead	000
Paula Priester Appraisals	paulapriesterappraisal.com	dead	000
ACE Appraisal	aceappraisal.com	HIT_strong	200
Paula Priester Appraisals	paulapriesterappraisals.com	dead	000
Howard Pringle	howardpringle.com	dead	000
Townsend Appraisals	townsendappraisal.com	dead	000
Appraisal Market	appraisalsmarket.com	dead	000
Mark Protiva Appraisals	markprotivaappraisals.com	dead	000
Mark Protiva Appraisals	markprotivaappraisal.com	dead	000
Appraisal Market	appraisalmarket.com	HIT_strong	200
Digital Appraisal Network, Inc.	digitalappraisalsnetwork.com	dead	000
Premier Home Appraisals	premierhomeappraisal.com	dead	000
Peak Appraisal LLC	peakappraisal.com	HIT_strong	200
Digital Appraisal Network, Inc.	digitalappraisalnetwork.com	dead	000
RMP Appraisals	rmpappraisals.com	dead	000
Danielle Purcell Appraisal	daniellepurcellappraisals.com	dead	000
ACE Appraise Services	aceappraiseservices.com	dead	000
Avanti Appraisals	avantiappraisal.com	dead	000
ACE Appraise Services	aceappraise.com	dead	000
Avanti Appraisals	avantiappraisals.com	dead	000
Danielle Purcell Appraisal	daniellepurcellappraisal.com	dead	000
Premier Home Appraisals	premierhomeappraisals.com	parked	body
Appraisal Shoppe	appraisalhoppe.com	dead	000
Pyne Appraisals	pyneappraisal.com	dead	000
Kiavi Funding	kiavifunding.com	dead	000
Pyne Appraisals	pyneappraisals.com	dead	000
D & T American Real Estate Appraisal	dandtamericanrealestateappraisal.com	dead	000
Jenny's Appraisal	jennysappraisal.com	dead	000
Jenny's Appraisal	jennysappraisals.com	dead	000
D & T American Real Estate Appraisal	dandtamericanrealestateappraisals.com	dead	000
Above All Appraisal Service	aboveallappraisalservice.com	dead	000
SoCal Appraisal	socalappraisal.com	HIT_strong	200
Karen Qualls	karenqualls.com	dead	000
SoCal Appraisal	socalappraisals.com	HIT_strong	200
Above All Appraisal Service	aboveallappraisalervice.com	dead	000
Sunrise Appraisal Group	sunriseappraisalsgroup.com	dead	000
Above All Appraisal Service	aboveallappraisal.com	dead	000
Formula Appraisal	formulaappraisals.com	dead	000
Sunrise Appraisal Group	sunriseappraisalgroup.com	HIT_strong	200
Formula Appraisal	formulaappraisal.com	dead	000
Sunrise Appraisal Group	sunriseappraisal.com	HIT_strong	200
Axis Appraisal Mgmt. Solutions	axisappraisalsmgmtsolutions.com	dead	000
Bill Quilty	billquilty.com	dead	000
American Home Appraisal Co.	americanhomeappraisal.com	parked	body
Axis Appraisal Mgmt. Solutions	axisappraisalmgmtsolutions.com	dead	000
R.P. Appraisal Service	rpappraisal.com	dead	000
American Home Appraisal Co.	americanhomeappraisals.com	HIT_strong	200
Appraisal House	appraisalshouse.com	dead	000
Joseph A. Quintero	josephaquintero.com	dead	000
AppraiserChris	appraiserchris.com	HIT_strong	200
Adele Petit	adelepetit.com	dead	000
A-Team Appraisal Group	ateamappraisalsgroup.com	dead	000
A-Team Appraisal Group	ateamappraisal.com	dead	000
Appraisal House West	appraisalhousewest.com	HIT_strong	200
A-Team Appraisal Group	ateamappraisalgroup.com	dead	000
Quirk Appraisal Group	quirkappraisalgroup.com	dead	000
Appraisal House	appraisalhouse.com	HIT_strong	200
Quirk Appraisal Group	quirkappraisal.com	dead	000
Appraisal House West	appraisalshousewest.com	dead	000
Turbo Appraisal Services LLC	turboappraisalervices.com	dead	000
Quirk Appraisal Group	quirkappraisalsgroup.com	dead	000
Townsend Appraisals	townsendappraisals.com	HIT_strong	200
Turbo Appraisal Services LLC	turboappraisalservices.com	dead	000
Raful & Associates	rafulandassociates.com	dead	000
Raful & Associates	rafuland.com	dead	000
Informed Appraisal Service	informedappraisal.com	dead	000
Turbo Appraisal Services LLC	turboappraisal.com	dead	000
Informed Appraisal Service	informedappraisalservice.com	dead	000
Mission Peak Appraisals LLC	missionpeakappraisal.com	dead	000
Informed Appraisal Service	informedappraisalervice.com	dead	000
Rahn Appraisals	rahnappraisals.com	dead	000
Rahn Appraisals	rahnappraisal.com	dead	000
Mission Peak Appraisals LLC	missionpeakappraisals.com	dead	000
William Rahn & Associates, Inc.	williamrahnandassociates.com	dead	000
William Rahn & Associates, Inc.	williamrahnand.com	dead	000
REAPPRAISAL	reappraisal.com	HIT_strong	200
Rai Appraisal Services	raiappraisal.com	dead	000
Rai Appraisal Services	raiappraisalervices.com	dead	000
Rai Appraisal Services	raiappraisalservices.com	dead	000
Ramey Appraisal	rameyappraisals.com	dead	000
REAPPRAISAL	reappraisals.com	dead	403
RMI Appraisals	rmiappraisal.com	dead	000
RMI Appraisals	rmiappraisals.com	dead	000
Skyview Link, Inc	skyviewlink.com	HIT_strong	200
Rains Group, Inc.	rains.com	dead	429
Century Appraising Services	centuryappraisingservices.com	dead	000
Rapid Appraisals Incorporated	rapidappraisals.com	HIT_strong	200
Lindsey E. Ramos	lindseyeramos.com	dead	000
Century Appraising Services	centuryappraising.com	dead	000
Horizon Appraisal	horizonappraisal.com	dead	000
Farid Rangchi	faridrangchi.com	dead	000
Eric Randle	ericrandle.com	dead	000
Ron Ramirez	ronramirez.com	parked	body
Trusted Valuations	trustedvaluations.com	dead	000
Prime Time Appraisal Group	primetimeappraisalgroup.com	dead	000
Scott L. Rash	scottlrash.com	dead	000
Prime Time Appraisal Group	primetimeappraisalsgroup.com	dead	000
Prime Time Appraisal Group	primetimeappraisal.com	HIT_strong	200
Pratt Appraisals, Inc.	prattappraisal.com	HIT_strong	200
Rath Appraisals	rathappraisals.com	dead	000
Remedy Real Estate Appraisal	remedyrealestateappraisals.com	dead	000
Rath Appraisals	rathappraisal.com	dead	000
Remedy Appraisal Inc.	remedyappraisal.com	dead	000
Remedy Appraisal Inc.	remedyappraisals.com	dead	000
Oak Valley Appraisal	oakvalleyappraisals.com	dead	000
Simmons Street Inc.	simmonsstreet.com	empty	200
Remedy Real Estate Appraisal	remedyrealestateappraisal.com	dead	000
Rayl Appraisals	raylappraisal.com	dead	000
Oak Valley Appraisal	oakvalleyappraisal.com	dead	000
Rayl Appraisals	raylappraisals.com	dead	000
SC Appraisal Works, Inc.	scappraisalworks.com	dead	000
California Residential Appraisers	californiaresidentialappraisers.com	dead	000
SC Appraisal Works, Inc.	scappraisalsworks.com	dead	000
AA Appraisal Services	aaappraisalervices.com	dead	000
AA Appraisal Services	aaappraisalservices.com	dead	000
AA Appraisal Services	aaappraisal.com	parked	body
Correct Appraisals Inc.	correctappraisals.com	dead	000
Total Package Assessments	totalpackageassessments.com	dead	000
Redlick Appraisals	redlickappraisal.com	dead	000
Correct Appraisals Inc.	correctappraisal.com	parked	body
Aaron Reed & Associates	aaronreedand.com	dead	000
Aaron Reed & Associates	aaronreedandassociates.com	dead	000
Redlick Appraisals	redlickappraisals.com	HIT_strong	200
Reed & Associates	reedand.com	dead	000
Neil Reeder R. E. Appraisal	neilreederreappraisal.com	dead	000
Property Tax Specialists	propertytaxspecialists.com	parked	body
Appraisal Shoppe	appraisalshoppe.com	dead	000
Neil Reeder R. E. Appraisal	neilreederreappraisals.com	dead	000
Seaview Appraisal	seaviewappraisals.com	dead	000
Reed & Associates	reedandassociates.com	dead	000
Seaview Appraisal	seaviewappraisal.com	dead	000
Joe Reid Appraiser	joereidappraiser.com	dead	000
JBryantREA	jbryantrea.com	parked	body
R. E. Reid Appraisals	rereidappraisals.com	dead	000
R. E. Reid Appraisals	rereidappraisal.com	dead	000
Reische Appraisal Services	reischeappraisalservices.com	dead	000
Reiner & Associates Appraisal	reinerandassociatesappraisals.com	dead	000
Reiner & Associates Appraisal	reinerandassociatesappraisal.com	dead	000
Morningside Real Property	morningsiderealproperty.com	HIT_strong	200
Reische Appraisal Services	reischeappraisal.com	dead	000
Reische Appraisal Services	reischeappraisalervices.com	dead	000
Renard Appraisal Company	renardappraisal.com	dead	000
Renard Appraisal Company	renardappraisals.com	dead	000
Covarrubias Appraisal Services	covarrubiasappraisalservices.com	dead	000
Covarrubias Appraisal Services	covarrubiasappraisalervices.com	dead	000
Covarrubias Appraisal Services	covarrubiasappraisal.com	dead	000
Real Estate Appraiser	realestateappraiser.com	dead	000
Allbay Renner Appraisals	allbayrennerappraisals.com	dead	000
MJR Appraisal Service Inc	mjrappraisalservice.com	dead	000
Allbay Renner Appraisals	allbayrennerappraisal.com	dead	000
MJR Appraisal Service Inc	mjrappraisalervice.com	dead	000
MJR Appraisal Service Inc	mjrappraisal.com	HIT_strong	200
American Pacific Mortgage Corp.	americanpacificmortgage.com	HIT_weak	200
Retamoza Appraisal, Inc	retamozaappraisals.com	dead	000
Retamoza Appraisal, Inc	retamozaappraisal.com	dead	000
Mike Retzloff Appraisal Service	mikeretzloffappraisalervice.com	dead	000
Revis Appraisal Service	revisappraisalervice.com	dead	000
Revis Appraisal Service	revisappraisal.com	dead	000
Mike Retzloff Appraisal Service	mikeretzloffappraisalservice.com	dead	000
Revis Appraisal Service	revisappraisalservice.com	dead	000
Solid Foundation Appraisals	solidfoundationappraisal.com	dead	000
Solid Foundation Appraisals	solidfoundationappraisals.com	dead	000
Manuel Reyes Real Estate Appraiser	manuelreyesrealestateappraiser.com	dead	000
Casey Reilly	caseyreilly.com	HIT_weak	200
ARM Appraisal	armappraisal.com	HIT_strong	200
ARM Appraisal	armappraisals.com	dead	000
ACE Appraisal	aceappraisals.com	dead	000
All County Appraisals	allcountyappraisal.com	dead	000
Rhodes Appraisal Service	rhodesappraisalervice.com	dead	000
Reynolds Associates	reynoldsassociates.com	empty	200
Rhodes Appraisal Service	rhodesappraisal.com	dead	000
Reynolds Associates	reynolds.com	HIT_weak	200
James Reynolds	jamesreynolds.com	empty	200
Rice Real Estate Appraisal	ricerealestateappraisal.com	dead	000
Vonceal Thomas Rice	voncealthomasrice.com	dead	000
Rhodes Appraisal Service	rhodesappraisalservice.com	HIT_strong	200
Amber Rice	amberrice.com	dead	000
Rice Real Estate Appraisal	ricerealestateappraisals.com	dead	000
Rich Appraisal Services	richappraisal.com	dead	000
Golden Quality Appraisal Services	goldenqualityappraisal.com	dead	000
Golden Quality Appraisal Services	goldenqualityappraisalervices.com	dead	000
Rich Appraisal Services	richappraisalervices.com	dead	000
O.C. Appraisal	ocappraisal.com	dead	000
Richardson Appraisal, Inc.	richardsonappraisal.com	dead	000
Twin Oaks Appraisal, Inc	twinoaksappraisals.com	dead	000
Twin Oaks Appraisal, Inc	twinoaksappraisal.com	HIT_strong	200
Golden Quality Appraisal Services	goldenqualityappraisalservices.com	HIT_slug	200
Dynamic Appraisal Service	dynamicappraisalservice.com	dead	000
Joshua Richardson	joshuarichardson.com	empty	301
Peak Appraisal	peakappraisal.com	HIT_strong	200
Peak Appraisal LLC	peakappraisals.com	dead	000
Dynamic Appraisal Service	dynamicappraisalervice.com	dead	000
Rich Appraisal Services	richappraisalservices.com	parked	body
